ITEM: TIMESTEP
0
ITEM: NUMBER OF ATOMS
12880
ITEM: BOX BOUNDS pp pp ss
0.0000000000000000e+00 3.4721517104000000e+01
0.0000000000000000e+00 3.5074028853000002e+01
-8.6494849455592032e+01 8.7919039036031180e+01
ITEM: ATOMS id type x y z c_cna c_csym
2893 4 1.03464 2.33774 -85.0455 5 8.20104
2894 4 3.51475 2.33774 -86.4774 5 32.8049
3204 4 3.51475 2.33774 -83.6136 1 1.03947e-10
3201 4 5.99486 2.33774 -85.0455 5 8.20123
3203 4 8.47497 2.33774 -83.6136 1 1.40395e-09
3239 4 8.47497 2.33774 -86.4774 5 32.8049
3237 4 10.9551 2.33774 -85.0455 5 8.20123
3238 4 13.4352 2.33774 -86.4774 5 32.8049
3609 4 15.9153 2.33774 -85.0455 5 8.20123
3612 4 13.4352 2.33774 -83.6136 1 3.94683e-12
3611 4 18.3954 2.33774 -83.6136 1 3.94683e-12
3633 4 20.8755 2.33774 -85.0455 5 8.20123
3635 4 18.3954 2.33774 -86.4774 5 32.8049
3634 4 23.3556 2.33774 -86.4774 5 32.8049
4041 4 25.8357 2.33774 -85.0455 5 8.20123
4044 4 23.3556 2.33774 -83.6136 1 3.94683e-12
4043 4 28.3158 2.33774 -83.6136 1 3.94683e-12
4055 4 28.3158 2.33774 -86.4774 5 32.8049
4053 4 30.7959 2.33774 -85.0455 5 8.20123
4054 4 33.276 2.33774 -86.4774 5 32.8039
4477 4 33.276 2.33774 -83.6136 1 2.94529e-08
2622 4 0.207938 7.01428 -86.4774 5 32.8049
2848 4 2.68805 7.01428 -85.0455 5 8.20107
2851 4 0.207938 7.01428 -83.6136 1 1.07723e-08
2852 4 1.86134 4.67601 -83.6136 1 5.84497e-09
2891 4 1.86134 4.67601 -86.4774 5 32.805
2850 4 5.16815 7.01428 -83.6136 1 5e-10
2885 4 7.64826 7.01428 -85.0455 5 8.20123
2887 4 5.16815 7.01428 -86.4774 5 32.8048
2889 4 4.34145 4.67601 -85.0455 5 8.20123
2890 4 6.82156 4.67601 -86.4774 5 32.8051
3200 4 6.82156 4.67601 -83.6136 1 1.57772e-29
2886 4 10.1284 7.01428 -86.4774 5 32.8047
3193 4 12.6085 7.01428 -85.0455 5 8.20123
3196 4 10.1284 7.01428 -83.6136 1 5.9e-09
3197 4 9.30167 4.67601 -85.0455 5 8.20113
3199 4 11.7818 4.67601 -83.6136 1 1.8e-09
3235 4 11.7818 4.67601 -86.4774 5 32.8047
3195 4 15.0886 7.01428 -83.6136 1 1.51461e-28
3231 4 15.0886 7.01428 -86.4774 5 32.8048
3233 4 14.2619 4.67601 -85.0455 5 8.20123
3234 4 16.742 4.67601 -86.4774 5 32.8049
3608 4 16.742 4.67601 -83.6136 1 9.46633e-30
3229 4 17.5687 7.01428 -85.0455 5 8.20123
3230 4 20.0488 7.01428 -86.4774 5 32.8048
3604 4 20.0488 7.01428 -83.6136 1 1.51461e-28
3605 4 19.2221 4.67601 -85.0455 5 8.20123
3601 4 22.5289 7.01428 -85.0455 5 8.20123
3603 4 25.009 7.01428 -83.6136 1 1.51461e-28
3607 4 21.7022 4.67601 -83.6136 1 9.46633e-30
3627 4 25.009 7.01428 -86.4774 5 32.8048
3629 4 24.1823 4.67601 -85.0455 5 8.20123
3631 4 21.7022 4.67601 -86.4774 5 32.8049
3625 4 27.4891 7.01428 -85.0455 5 8.20123
3626 4 29.9692 7.01428 -86.4774 5 32.8048
3630 4 26.6624 4.67601 -86.4774 5 32.8049
4036 4 29.9692 7.01428 -83.6136 1 4.03897e-28
4037 4 29.1425 4.67601 -85.0455 5 8.20123
4040 4 26.6624 4.67601 -83.6136 1 9.46633e-30
4034 4 32.4493 7.01428 -85.0455 5 8.20111
4039 4 31.6226 4.67601 -83.6136 1 2e-08
4050 4 34.1028 4.67601 -85.0455 5 8.20057
4051 4 31.6226 4.67601 -86.4774 5 32.8041
2579 4 1.86134 11.6908 -83.6136 1 1.3345e-08
2618 4 1.86134 11.6908 -86.4774 5 32.8044
2620 4 1.03464 9.35255 -85.0455 5 8.20104
2621 4 3.51475 9.35255 -86.4774 5 32.8047
2847 4 3.51475 9.35255 -83.6136 1 1.3e-09
2616 4 4.34145 11.6908 -85.0455 5 8.20118
2617 4 6.82156 11.6908 -86.4774 5 32.8045
2843 4 6.82156 11.6908 -83.6136 1 7.5e-09
2844 4 5.99486 9.35255 -85.0455 5 8.20118
2846 4 8.47497 9.35255 -83.6136 1 2.6e-09
2883 4 8.47497 9.35255 -86.4774 5 32.8049
2840 4 9.30167 11.6908 -85.0455 5 8.20113
2842 4 11.7818 11.6908 -83.6136 1 9.3e-09
2879 4 11.7818 11.6908 -86.4774 5 32.8045
2881 4 10.9551 9.35255 -85.0455 5 8.20113
2877 4 14.2619 11.6908 -85.0455 5 8.20114
2878 4 16.742 11.6908 -86.4774 5 32.8044
2882 4 13.4352 9.35255 -86.4774 5 32.8048
3188 4 16.742 11.6908 -83.6136 1 7.5e-09
3189 4 15.9153 9.35255 -85.0455 5 8.20114
3192 4 13.4352 9.35255 -83.6136 1 1.2e-09
3185 4 19.2221 11.6908 -85.0455 5 8.20114
3191 4 18.3954 9.35255 -83.6136 1 1.2e-09
3225 4 20.8755 9.35255 -85.0455 5 8.20114
3227 4 18.3954 9.35255 -86.4774 5 32.8048
3187 4 21.7022 11.6908 -83.6136 1 7.5e-09
3221 4 24.1823 11.6908 -85.0455 5 8.20114
3223 4 21.7022 11.6908 -86.4774 5 32.8044
3226 4 23.3556 9.35255 -86.4774 5 32.8048
3597 4 25.8357 9.35255 -85.0455 5 8.20114
3600 4 23.3556 9.35255 -83.6136 1 1.2e-09
3222 4 26.6624 11.6908 -86.4774 5 32.8044
3593 4 29.1425 11.6908 -85.0455 5 8.20114
3596 4 26.6624 11.6908 -83.6136 1 7.5e-09
3599 4 28.3158 9.35255 -83.6136 1 1.2e-09
3623 4 28.3158 9.35255 -86.4774 5 32.8048
3595 4 31.6226 11.6908 -83.6136 1 2.75e-08
3618 4 34.1028 11.6908 -85.0455 5 8.20067
3619 4 31.6226 11.6908 -86.4774 5 32.8044
3621 4 30.7959 9.35255 -85.0455 5 8.20114
3622 4 33.276 9.35255 -86.4774 5 32.8041
4033 4 33.276 9.35255 -83.6136 1 3.0649e-08
2432 4 1.03464 16.3674 -85.0455 5 8.20095
2433 4 3.51475 16.3674 -86.4774 5 32.8042
2434 4 0.207938 14.0291 -86.4774 5 32.8049
2574 4 3.51475 16.3674 -83.6136 1 3.01e-08
2575 4 2.68805 14.0291 -85.0455 5 8.20107
2578 4 0.207938 14.0291 -83.6136 1 1.07723e-08
2571 4 5.99486 16.3674 -85.0455 5 8.20094
2573 4 8.47497 16.3674 -83.6136 1 3.14e-08
2577 4 5.16815 14.0291 -83.6136 1 5e-10
2610 4 8.47497 16.3674 -86.4774 5 32.8043
2612 4 7.64826 14.0291 -85.0455 5 8.20123
2614 4 5.16815 14.0291 -86.4774 5 32.8043
2608 4 10.9551 16.3674 -85.0455 5 8.2009
2613 4 10.1284 14.0291 -86.4774 5 32.8043
2836 4 12.6085 14.0291 -85.0455 5 8.20123
2839 4 10.1284 14.0291 -83.6136 1 5.9e-09
2609 4 13.4352 16.3674 -86.4774 5 32.8038
2832 4 15.9153 16.3674 -85.0455 5 8.20091
2835 4 13.4352 16.3674 -83.6136 1 3e-08
2838 4 15.0886 14.0291 -83.6136 1 3.78653e-29
2875 4 15.0886 14.0291 -86.4774 5 32.8043
2834 4 18.3954 16.3674 -83.6136 1 3e-08
2869 4 20.8755 16.3674 -85.0455 5 8.20091
2871 4 18.3954 16.3674 -86.4774 5 32.8044
2873 4 17.5687 14.0291 -85.0455 5 8.20123
2874 4 20.0488 14.0291 -86.4774 5 32.8043
3184 4 20.0488 14.0291 -83.6136 1 3.78653e-29
2870 4 23.3556 16.3674 -86.4774 5 32.8044
3177 4 25.8357 16.3674 -85.0455 5 8.20091
3180 4 23.3556 16.3674 -83.6136 1 3e-08
3181 4 22.5289 14.0291 -85.0455 5 8.20123
3183 4 25.009 14.0291 -83.6136 1 3.78653e-29
3219 4 25.009 14.0291 -86.4774 5 32.8043
3179 4 28.3158 16.3674 -83.6136 1 3e-08
3215 4 28.3158 16.3674 -86.4774 5 32.8044
3217 4 27.4891 14.0291 -85.0455 5 8.20123
3218 4 29.9692 14.0291 -86.4774 5 32.8043
3592 4 29.9692 14.0291 -83.6136 1 2.90301e-28
3213 4 30.7959 16.3674 -85.0455 5 8.20091
3214 4 33.276 16.3674 -86.4774 5 32.8038
3589 4 33.276 16.3674 -83.6136 1 5.9449e-08
3590 4 32.4493 14.0291 -85.0455 5 8.20123
2329 4 0.207938 21.0439 -86.4774 5 32.8049
2398 4 2.68805 21.0439 -85.0455 5 8.20107
2401 4 0.207938 21.0439 -83.6136 1 1.07723e-08
2402 4 1.86134 18.7056 -83.6136 1 3.5845e-08
2430 4 1.86134 18.7056 -86.4774 5 32.8038
2400 4 5.16815 21.0439 -83.6136 1 5e-10
2424 4 7.64826 21.0439 -85.0455 5 8.20123
2426 4 5.16815 21.0439 -86.4774 5 32.8044
2428 4 4.34145 18.7056 -85.0455 5 8.20094
2429 4 6.82156 18.7056 -86.4774 5 32.8039
2570 4 6.82156 18.7056 -83.6136 1 3e-08
2425 4 10.1284 21.0439 -86.4774 5 32.8043
2563 4 12.6085 21.0439 -85.0455 5 8.20123
2566 4 10.1284 21.0439 -83.6136 1 5.9e-09
2567 4 9.30167 18.7056 -85.0455 5 8.20092
2569 4 11.7818 18.7056 -83.6136 1 3.18e-08
2606 4 11.7818 18.7056 -86.4774 5 32.8045
2565 4 15.0886 21.0439 -83.6136 1 0
2602 4 15.0886 21.0439 -86.4774 5 32.8043
2604 4 14.2619 18.7056 -85.0455 5 8.20091
2605 4 16.742 18.7056 -86.4774 5 32.8044
2831 4 16.742 18.7056 -83.6136 1 3e-08
2600 4 17.5687 21.0439 -85.0455 5 8.20123
2601 4 20.0488 21.0439 -86.4774 5 32.8043
2827 4 20.0488 21.0439 -83.6136 1 0
2828 4 19.2221 18.7056 -85.0455 5 8.20091
2824 4 22.5289 21.0439 -85.0455 5 8.20123
2826 4 25.009 21.0439 -83.6136 1 0
2830 4 21.7022 18.7056 -83.6136 1 3e-08
2863 4 25.009 21.0439 -86.4774 5 32.8043
2865 4 24.1823 18.7056 -85.0455 5 8.20091
2867 4 21.7022 18.7056 -86.4774 5 32.8044
2861 4 27.4891 21.0439 -85.0455 5 8.20123
2862 4 29.9692 21.0439 -86.4774 5 32.8043
2866 4 26.6624 18.7056 -86.4774 5 32.8044
3172 4 29.9692 21.0439 -83.6136 1 2.52435e-28
3173 4 29.1425 18.7056 -85.0455 5 8.20091
3176 4 26.6624 18.7056 -83.6136 1 3e-08
3170 4 32.4493 21.0439 -85.0455 5 8.20123
3175 4 31.6226 18.7056 -83.6136 1 5e-08
3210 4 34.1028 18.7056 -85.0455 5 8.20044
3211 4 31.6226 18.7056 -86.4774 5 32.8038
2309 4 1.86134 25.7204 -83.6136 1 3.5845e-08
2325 4 1.86134 25.7204 -86.4774 5 32.8038
2327 4 1.03464 23.3822 -85.0455 5 8.20095
2328 4 3.51475 23.3822 -86.4774 5 32.8042
2397 4 3.51475 23.3822 -83.6136 1 3.01e-08
2323 4 4.34145 25.7204 -85.0455 5 8.20094
2324 4 6.82156 25.7204 -86.4774 5 32.8039
2393 4 6.82156 25.7204 -83.6136 1 3e-08
2394 4 5.99486 23.3822 -85.0455 5 8.20094
2396 4 8.47497 23.3822 -83.6136 1 3.14e-08
2422 4 8.47497 23.3822 -86.4774 5 32.8043
2390 4 9.30167 25.7204 -85.0455 5 8.20092
2392 4 11.7818 25.7204 -83.6136 1 3.18e-08
2418 4 11.7818 25.7204 -86.4774 5 32.8045
2420 4 10.9551 23.3822 -85.0455 5 8.2009
2416 4 14.2619 25.7204 -85.0455 5 8.20091
2417 4 16.742 25.7204 -86.4774 5 32.8044
2421 4 13.4352 23.3822 -86.4774 5 32.8038
2558 4 16.742 25.7204 -83.6136 1 3e-08
2559 4 15.9153 23.3822 -85.0455 5 8.20091
2562 4 13.4352 23.3822 -83.6136 1 3e-08
2555 4 19.2221 25.7204 -85.0455 5 8.20091
2561 4 18.3954 23.3822 -83.6136 1 3e-08
2596 4 20.8755 23.3822 -85.0455 5 8.20091
2598 4 18.3954 23.3822 -86.4774 5 32.8044
2557 4 21.7022 25.7204 -83.6136 1 3e-08
2592 4 24.1823 25.7204 -85.0455 5 8.20091
2594 4 21.7022 25.7204 -86.4774 5 32.8044
2597 4 23.3556 23.3822 -86.4774 5 32.8044
2820 4 25.8357 23.3822 -85.0455 5 8.20091
2823 4 23.3556 23.3822 -83.6136 1 3e-08
2593 4 26.6624 25.7204 -86.4774 5 32.8044
2816 4 29.1425 25.7204 -85.0455 5 8.20091
2819 4 26.6624 25.7204 -83.6136 1 3e-08
2822 4 28.3158 23.3822 -83.6136 1 3e-08
2859 4 28.3158 23.3822 -86.4774 5 32.8044
2818 4 31.6226 25.7204 -83.6136 1 5e-08
2854 4 34.1028 25.7204 -85.0455 5 8.20044
2855 4 31.6226 25.7204 -86.4774 5 32.8038
2857 4 30.7959 23.3822 -85.0455 5 8.20091
2858 4 33.276 23.3822 -86.4774 5 32.8038
3169 4 33.276 23.3822 -83.6136 1 5.9449e-08
2282 4 1.03464 30.397 -85.0455 5 8.20095
2283 4 3.51475 30.397 -86.4774 5 32.8042
2284 4 0.207938 28.0587 -86.4774 5 32.8049
2304 4 3.51475 30.397 -83.6136 1 3.01e-08
2305 4 2.68805 28.0587 -85.0455 5 8.20107
2308 4 0.207938 28.0587 -83.6136 1 1.07723e-08
2301 4 5.99486 30.397 -85.0455 5 8.20094
2303 4 8.47497 30.397 -83.6136 1 3.14e-08
2307 4 5.16815 28.0587 -83.6136 1 5e-10
2317 4 8.47497 30.397 -86.4774 5 32.8043
2319 4 7.64826 28.0587 -85.0455 5 8.20123
2321 4 5.16815 28.0587 -86.4774 5 32.8044
2315 4 10.9551 30.397 -85.0455 5 8.2009
2320 4 10.1284 28.0587 -86.4774 5 32.8043
2386 4 12.6085 28.0587 -85.0455 5 8.20123
2389 4 10.1284 28.0587 -83.6136 1 5.9e-09
2316 4 13.4352 30.397 -86.4774 5 32.8038
2382 4 15.9153 30.397 -85.0455 5 8.20091
2385 4 13.4352 30.397 -83.6136 1 3e-08
2388 4 15.0886 28.0587 -83.6136 1 1.51461e-28
2414 4 15.0886 28.0587 -86.4774 5 32.8043
2384 4 18.3954 30.397 -83.6136 1 3e-08
2408 4 20.8755 30.397 -85.0455 5 8.20091
2410 4 18.3954 30.397 -86.4774 5 32.8044
2412 4 17.5687 28.0587 -85.0455 5 8.20123
2413 4 20.0488 28.0587 -86.4774 5 32.8043
2554 4 20.0488 28.0587 -83.6136 1 1.51461e-28
2409 4 23.3556 30.397 -86.4774 5 32.8044
2547 4 25.8357 30.397 -85.0455 5 8.20091
2550 4 23.3556 30.397 -83.6136 1 3e-08
2551 4 22.5289 28.0587 -85.0455 5 8.20123
2553 4 25.009 28.0587 -83.6136 1 1.51461e-28
2590 4 25.009 28.0587 -86.4774 5 32.8043
2549 4 28.3158 30.397 -83.6136 1 3e-08
2586 4 28.3158 30.397 -86.4774 5 32.8044
2588 4 27.4891 28.0587 -85.0455 5 8.20123
2589 4 29.9692 28.0587 -86.4774 5 32.8043
2815 4 29.9692 28.0587 -83.6136 1 4.03897e-28
2584 4 30.7959 30.397 -85.0455 5 8.20091
2585 4 33.276 30.397 -86.4774 5 32.8038
2812 4 33.276 30.397 -83.6136 1 5.9449e-08
2813 4 32.4493 28.0587 -85.0455 5 8.20123
2276 4 1.86134 32.7352 -83.6136 1 3.5845e-08
2280 4 1.86134 32.7352 -86.4774 5 32.8038
2895 4 0.207938 35.0735 -86.4774 5 32.8049
3205 4 2.68805 35.0735 -85.0455 5 8.20107
3208 4 0.207938 35.0735 -83.6136 1 1.36827e-08
2278 4 4.34145 32.7352 -85.0455 5 8.20094
2279 4 6.82156 32.7352 -86.4774 5 32.8039
2300 4 6.82156 32.7352 -83.6136 1 3e-08
3207 4 5.16815 35.0735 -83.6136 1 3.41041e-09
3241 4 7.64826 35.0735 -85.0455 5 8.20123
3243 4 5.16815 35.0735 -86.4774 5 32.8047
2297 4 9.30167 32.7352 -85.0455 5 8.20092
2299 4 11.7818 32.7352 -83.6136 1 3.18e-08
2313 4 11.7818 32.7352 -86.4774 5 32.8045
3242 4 10.1284 35.0735 -86.4774 5 32.8047
3613 4 12.6085 35.0735 -85.0455 5 8.20123
3616 4 10.1284 35.0735 -83.6136 1 8.81041e-09
2311 4 14.2619 32.7352 -85.0455 5 8.20091
2312 4 16.742 32.7352 -86.4774 5 32.8044
2381 4 16.742 32.7352 -83.6136 1 3e-08
3615 4 15.0886 35.0735 -83.6136 1 2.91041e-09
3639 4 15.0886 35.0735 -86.4774 5 32.8046
2378 4 19.2221 32.7352 -85.0455 5 8.20091
3637 4 17.5687 35.0735 -85.0455 5 8.20123
3638 4 20.0488 35.0735 -86.4774 5 32.8046
4048 4 20.0488 35.0735 -83.6136 1 2.91041e-09
2380 4 21.7022 32.7352 -83.6136 1 3e-08
2404 4 24.1823 32.7352 -85.0455 5 8.20091
2406 4 21.7022 32.7352 -86.4774 5 32.8044
4045 4 22.5289 35.0735 -85.0455 5 8.20123
4047 4 25.009 35.0735 -83.6136 1 2.91041e-09
4059 4 25.009 35.0735 -86.4774 5 32.8046
2405 4 26.6624 32.7352 -86.4774 5 32.8044
2543 4 29.1425 32.7352 -85.0455 5 8.20091
2546 4 26.6624 32.7352 -83.6136 1 3e-08
4057 4 27.4891 35.0735 -85.0455 5 8.20123
4058 4 29.9692 35.0735 -86.4774 5 32.8046
4480 4 29.9692 35.0735 -83.6136 1 2.91041e-09
2545 4 31.6226 32.7352 -83.6136 1 5e-08
2581 4 34.1028 32.7352 -85.0455 5 8.20044
2582 4 31.6226 32.7352 -86.4774 5 32.8038
4478 4 32.4493 35.0735 -85.0455 5 8.20123
3165 4 1.03464 2.33774 -82.1817 1 7.25751e-09
3166 4 1.03464 2.33774 -79.3179 1 7.8951e-09
3167 4 3.51475 2.33774 -80.7498 1 1.03947e-10
3202 4 5.99486 2.33774 -82.1817 1 3.03947e-10
3546 4 5.99486 2.33774 -79.3179 1 4.73282e-10
3584 4 8.47497 2.33774 -80.7498 1 1.40395e-09
3581 4 10.9551 2.33774 -82.1817 1 2.70395e-09
3582 4 10.9551 2.33774 -79.3179 1 3.35437e-09
3583 4 13.4352 2.33774 -80.7498 1 3.94683e-12
3610 4 15.9153 2.33774 -82.1817 1 3.94683e-12
4002 4 15.9153 2.33774 -79.3179 1 9.23288e-11
4025 4 20.8755 2.33774 -82.1817 1 3.94683e-12
4026 4 20.8755 2.33774 -79.3179 1 6.0991e-11
4028 4 18.3954 2.33774 -80.7498 1 3.94683e-12
4027 4 23.3556 2.33774 -80.7498 1 3.94683e-12
4042 4 25.8357 2.33774 -82.1817 1 3.94683e-12
4458 4 25.8357 2.33774 -79.3179 1 9.01332e-11
4472 4 28.3158 2.33774 -80.7498 1 3.94683e-12
4469 4 30.7959 2.33774 -82.1817 1 3.94683e-12
4470 4 30.7959 2.33774 -79.3179 1 2.89872e-10
4471 4 33.276 2.33774 -80.7498 1 2.94529e-08
2811 4 0.207938 7.01428 -80.7498 1 1.07723e-08
2849 4 2.68805 7.01428 -82.1817 1 6.38e-10
3121 4 2.68805 7.01428 -79.3179 1 8.76288e-10
3164 4 1.86134 4.67601 -80.7498 1 5.84497e-09
3157 4 7.64826 7.01428 -82.1817 1 2.1e-09
3158 4 7.64826 7.01428 -79.3179 1 2.45127e-09
3160 4 5.16815 7.01428 -80.7498 1 5e-10
3161 4 4.34145 4.67601 -82.1817 1 1e-10
3162 4 4.34145 4.67601 -79.3179 1 2.68551e-10
3163 4 6.82156 4.67601 -80.7498 1 4.05475e-27
3159 4 10.1284 7.01428 -80.7498 1 5.9e-09
3194 4 12.6085 7.01428 -82.1817 1 4.19043e-27
3198 4 9.30167 4.67601 -82.1817 1 3e-09
3538 4 12.6085 7.01428 -79.3179 1 2.05943e-10
3542 4 9.30167 4.67601 -79.3179 1 3.31931e-09
3580 4 11.7818 4.67601 -80.7498 1 1.8e-09
3576 4 15.0886 7.01428 -80.7498 1 4.19043e-27
3577 4 14.2619 4.67601 -82.1817 1 4.04843e-27
3578 4 14.2619 4.67601 -79.3179 1 1.38791e-10
3579 4 16.742 4.67601 -80.7498 1 4.04843e-27
3573 4 17.5687 7.01428 -82.1817 1 4.19043e-27
3574 4 17.5687 7.01428 -79.3179 1 6.51273e-11
3575 4 20.0488 7.01428 -80.7498 1 4.19043e-27
3606 4 19.2221 4.67601 -82.1817 1 4.04843e-27
3998 4 19.2221 4.67601 -79.3179 1 6.00444e-11
3602 4 22.5289 7.01428 -82.1817 1 4.19043e-27
3994 4 22.5289 7.01428 -79.3179 1 6.14618e-11
4020 4 25.009 7.01428 -80.7498 1 4.19043e-27
4021 4 24.1823 4.67601 -82.1817 1 4.04843e-27
4022 4 24.1823 4.67601 -79.3179 1 6.61376e-11
4024 4 21.7022 4.67601 -80.7498 1 4.04843e-27
4017 4 27.4891 7.01428 -82.1817 1 4.24092e-27
4018 4 27.4891 7.01428 -79.3179 1 1.2928e-10
4019 4 29.9692 7.01428 -80.7498 1 4.44286e-27
4023 4 26.6624 4.67601 -80.7498 1 4.04843e-27
4038 4 29.1425 4.67601 -82.1817 1 4.30087e-27
4454 4 29.1425 4.67601 -79.3179 1 1.51808e-10
4035 4 32.4493 7.01428 -82.1817 1 1.58545e-08
4451 4 32.4493 7.01428 -79.3179 1 1.70781e-08
4466 4 34.1028 4.67601 -82.1817 1 1.03829e-07
4467 4 34.1028 4.67601 -79.3179 1 1.08887e-07
4468 4 31.6226 4.67601 -80.7498 1 2e-08
2807 4 1.86134 11.6908 -80.7498 1 1.3345e-08
2808 4 1.03464 9.35255 -82.1817 1 8.45356e-09
2809 4 1.03464 9.35255 -79.3179 1 9.06504e-09
2810 4 3.51475 9.35255 -80.7498 1 1.3e-09
2804 4 4.34145 11.6908 -82.1817 1 7.6e-09
2805 4 4.34145 11.6908 -79.3179 1 8.34044e-09
2806 4 6.82156 11.6908 -80.7498 1 7.5e-09
2845 4 5.99486 9.35255 -82.1817 1 1.5e-09
3117 4 5.99486 9.35255 -79.3179 1 1.63762e-09
3156 4 8.47497 9.35255 -80.7498 1 2.6e-09
2841 4 9.30167 11.6908 -82.1817 1 1.05e-08
3113 4 9.30167 11.6908 -79.3179 1 1.15158e-08
3152 4 11.7818 11.6908 -80.7498 1 9.3e-09
3153 4 10.9551 9.35255 -82.1817 1 3.9e-09
3154 4 10.9551 9.35255 -79.3179 1 4.53728e-09
3149 4 14.2619 11.6908 -82.1817 1 7.5e-09
3150 4 14.2619 11.6908 -79.3179 1 8.24898e-09
3151 4 16.742 11.6908 -80.7498 1 7.5e-09
3155 4 13.4352 9.35255 -80.7498 1 1.2e-09
3190 4 15.9153 9.35255 -82.1817 1 1.2e-09
3534 4 15.9153 9.35255 -79.3179 1 1.28088e-09
3186 4 19.2221 11.6908 -82.1817 1 7.5e-09
3530 4 19.2221 11.6908 -79.3179 1 8.1121e-09
3569 4 20.8755 9.35255 -82.1817 1 1.2e-09
3570 4 20.8755 9.35255 -79.3179 1 1.23716e-09
3572 4 18.3954 9.35255 -80.7498 1 1.2e-09
3565 4 24.1823 11.6908 -82.1817 1 7.5e-09
3566 4 24.1823 11.6908 -79.3179 1 8.10203e-09
3568 4 21.7022 11.6908 -80.7498 1 7.5e-09
3571 4 23.3556 9.35255 -80.7498 1 1.2e-09
3598 4 25.8357 9.35255 -82.1817 1 1.2e-09
3990 4 25.8357 9.35255 -79.3179 1 1.25995e-09
3567 4 26.6624 11.6908 -80.7498 1 7.5e-09
3594 4 29.1425 11.6908 -82.1817 1 7.5e-09
3986 4 29.1425 11.6908 -79.3179 1 8.11468e-09
4016 4 28.3158 9.35255 -80.7498 1 1.2e-09
4010 4 34.1028 11.6908 -82.1817 1 1.11329e-07
4011 4 34.1028 11.6908 -79.3179 1 1.16768e-07
4012 4 31.6226 11.6908 -80.7498 1 2.75e-08
4013 4 30.7959 9.35255 -82.1817 1 1.2e-09
4014 4 30.7959 9.35255 -79.3179 1 1.44809e-09
4015 4 33.276 9.35255 -80.7498 1 3.0649e-08
2539 4 1.03464 16.3674 -82.1817 1 3.72536e-08
2540 4 1.03464 16.3674 -79.3179 1 3.98467e-08
2541 4 3.51475 16.3674 -80.7498 1 3.01e-08
2542 4 0.207938 14.0291 -80.7498 1 1.07723e-08
2576 4 2.68805 14.0291 -82.1817 1 6.38e-10
2764 4 2.68805 14.0291 -79.3179 1 1.23702e-09
2572 4 5.99486 16.3674 -82.1817 1 3.03e-08
2760 4 5.99486 16.3674 -79.3179 1 3.24553e-08
2799 4 8.47497 16.3674 -80.7498 1 3.14e-08
2800 4 7.64826 14.0291 -82.1817 1 2.1e-09
2801 4 7.64826 14.0291 -79.3179 1 2.97607e-09
2803 4 5.16815 14.0291 -80.7498 1 5e-10
2796 4 10.9551 16.3674 -82.1817 1 3.27e-08
2797 4 10.9551 16.3674 -79.3179 1 3.5058e-08
2802 4 10.1284 14.0291 -80.7498 1 5.9e-09
2837 4 12.6085 14.0291 -82.1817 1 4.07683e-27
3109 4 12.6085 14.0291 -79.3179 1 4.57889e-10
2798 4 13.4352 16.3674 -80.7498 1 3e-08
2833 4 15.9153 16.3674 -82.1817 1 3e-08
3105 4 15.9153 16.3674 -79.3179 1 3.20235e-08
3148 4 15.0886 14.0291 -80.7498 1 4.07683e-27
3141 4 20.8755 16.3674 -82.1817 1 3e-08
3142 4 20.8755 16.3674 -79.3179 1 3.2078e-08
3144 4 18.3954 16.3674 -80.7498 1 3e-08
3145 4 17.5687 14.0291 -82.1817 1 4.07683e-27
3146 4 17.5687 14.0291 -79.3179 1 3.51557e-10
3147 4 20.0488 14.0291 -80.7498 1 4.07683e-27
3143 4 23.3556 16.3674 -80.7498 1 3e-08
3178 4 25.8357 16.3674 -82.1817 1 3e-08
3182 4 22.5289 14.0291 -82.1817 1 4.07683e-27
3522 4 25.8357 16.3674 -79.3179 1 3.21834e-08
3526 4 22.5289 14.0291 -79.3179 1 3.79545e-10
3564 4 25.009 14.0291 -80.7498 1 4.07683e-27
3560 4 28.3158 16.3674 -80.7498 1 3e-08
3561 4 27.4891 14.0291 -82.1817 1 4.12732e-27
3562 4 27.4891 14.0291 -79.3179 1 4.85272e-10
3563 4 29.9692 14.0291 -80.7498 1 4.32927e-27
3557 4 30.7959 16.3674 -82.1817 1 3e-08
3558 4 30.7959 16.3674 -79.3179 1 3.25711e-08
3559 4 33.276 16.3674 -80.7498 1 5.9449e-08
3591 4 32.4493 14.0291 -82.1817 1 1.58545e-08
3983 4 32.4493 14.0291 -79.3179 1 1.77734e-08
2377 4 0.207938 21.0439 -80.7498 1 1.07723e-08
2399 4 2.68805 21.0439 -82.1817 1 6.38e-10
2506 4 2.68805 21.0439 -79.3179 1 1.1791e-09
2538 4 1.86134 18.7056 -80.7498 1 3.5845e-08
2531 4 7.64826 21.0439 -82.1817 1 2.1e-09
2532 4 7.64826 21.0439 -79.3179 1 2.85599e-09
2534 4 5.16815 21.0439 -80.7498 1 5e-10
2535 4 4.34145 18.7056 -82.1817 1 3.01e-08
2536 4 4.34145 18.7056 -79.3179 1 3.15349e-08
2537 4 6.82156 18.7056 -80.7498 1 3e-08
2533 4 10.1284 21.0439 -80.7498 1 5.9e-09
2564 4 12.6085 21.0439 -82.1817 1 4.03897e-27
2568 4 9.30167 18.7056 -82.1817 1 3.3e-08
2752 4 12.6085 21.0439 -79.3179 1 4.27522e-10
2756 4 9.30167 18.7056 -79.3179 1 3.47281e-08
2795 4 11.7818 18.7056 -80.7498 1 3.18e-08
2791 4 15.0886 21.0439 -80.7498 1 4.03897e-27
2792 4 14.2619 18.7056 -82.1817 1 3e-08
2793 4 14.2619 18.7056 -79.3179 1 3.1551e-08
2794 4 16.742 18.7056 -80.7498 1 3e-08
2788 4 17.5687 21.0439 -82.1817 1 4.03897e-27
2789 4 17.5687 21.0439 -79.3179 1 2.84309e-10
2790 4 20.0488 21.0439 -80.7498 1 4.03897e-27
2829 4 19.2221 18.7056 -82.1817 1 3e-08
3101 4 19.2221 18.7056 -79.3179 1 3.14066e-08
2825 4 22.5289 21.0439 -82.1817 1 4.03897e-27
3097 4 22.5289 21.0439 -79.3179 1 2.90528e-10
3136 4 25.009 21.0439 -80.7498 1 4.03897e-27
3137 4 24.1823 18.7056 -82.1817 1 3e-08
3138 4 24.1823 18.7056 -79.3179 1 3.14155e-08
3140 4 21.7022 18.7056 -80.7498 1 3e-08
3133 4 27.4891 21.0439 -82.1817 1 4.08945e-27
3134 4 27.4891 21.0439 -79.3179 1 3.67941e-10
3135 4 29.9692 21.0439 -80.7498 1 4.2914e-27
3139 4 26.6624 18.7056 -80.7498 1 3e-08
3174 4 29.1425 18.7056 -82.1817 1 3e-08
3518 4 29.1425 18.7056 -79.3179 1 3.13918e-08
3171 4 32.4493 21.0439 -82.1817 1 1.58545e-08
3515 4 32.4493 21.0439 -79.3179 1 1.75467e-08
3554 4 34.1028 18.7056 -82.1817 1 1.33829e-07
3555 4 34.1028 18.7056 -79.3179 1 1.39353e-07
3556 4 31.6226 18.7056 -80.7498 1 5e-08
2373 4 1.86134 25.7204 -80.7498 1 3.5845e-08
2374 4 1.03464 23.3822 -82.1817 1 3.72536e-08
2375 4 1.03464 23.3822 -79.3179 1 3.95985e-08
2376 4 3.51475 23.3822 -80.7498 1 3.01e-08
2370 4 4.34145 25.7204 -82.1817 1 3.01e-08
2371 4 4.34145 25.7204 -79.3179 1 3.17322e-08
2372 4 6.82156 25.7204 -80.7498 1 3e-08
2395 4 5.99486 23.3822 -82.1817 1 3.03e-08
2502 4 5.99486 23.3822 -79.3179 1 3.21968e-08
2530 4 8.47497 23.3822 -80.7498 1 3.14e-08
2391 4 9.30167 25.7204 -82.1817 1 3.3e-08
2498 4 9.30167 25.7204 -79.3179 1 3.49344e-08
2526 4 11.7818 25.7204 -80.7498 1 3.18e-08
2527 4 10.9551 23.3822 -82.1817 1 3.27e-08
2528 4 10.9551 23.3822 -79.3179 1 3.48427e-08
2523 4 14.2619 25.7204 -82.1817 1 3e-08
2524 4 14.2619 25.7204 -79.3179 1 3.17572e-08
2525 4 16.742 25.7204 -80.7498 1 3e-08
2529 4 13.4352 23.3822 -80.7498 1 3e-08
2560 4 15.9153 23.3822 -82.1817 1 3e-08
2748 4 15.9153 23.3822 -79.3179 1 3.178e-08
2556 4 19.2221 25.7204 -82.1817 1 3e-08
2744 4 19.2221 25.7204 -79.3179 1 3.15985e-08
2784 4 20.8755 23.3822 -82.1817 1 3e-08
2785 4 20.8755 23.3822 -79.3179 1 3.18184e-08
2787 4 18.3954 23.3822 -80.7498 1 3e-08
2780 4 24.1823 25.7204 -82.1817 1 3e-08
2781 4 24.1823 25.7204 -79.3179 1 3.16e-08
2783 4 21.7022 25.7204 -80.7498 1 3e-08
2786 4 23.3556 23.3822 -80.7498 1 3e-08
2821 4 25.8357 23.3822 -82.1817 1 3e-08
3093 4 25.8357 23.3822 -79.3179 1 3.19113e-08
2782 4 26.6624 25.7204 -80.7498 1 3e-08
2817 4 29.1425 25.7204 -82.1817 1 3e-08
3089 4 29.1425 25.7204 -79.3179 1 3.15617e-08
3132 4 28.3158 23.3822 -80.7498 1 3e-08
3126 4 34.1028 25.7204 -82.1817 1 1.33829e-07
3127 4 34.1028 25.7204 -79.3179 1 1.39598e-07
3128 4 31.6226 25.7204 -80.7498 1 5e-08
3129 4 30.7959 23.3822 -82.1817 1 3e-08
3130 4 30.7959 23.3822 -79.3179 1 3.22715e-08
3131 4 33.276 23.3822 -80.7498 1 5.9449e-08
2293 4 1.03464 30.397 -82.1817 1 3.72536e-08
2294 4 1.03464 30.397 -79.3179 1 3.94106e-08
2295 4 3.51475 30.397 -80.7498 1 3.01e-08
2296 4 0.207938 28.0587 -80.7498 1 1.07723e-08
2306 4 2.68805 28.0587 -82.1817 1 6.38e-10
2353 4 2.68805 28.0587 -79.3179 1 1.18837e-09
2302 4 5.99486 30.397 -82.1817 1 3.03e-08
2349 4 5.99486 30.397 -79.3179 1 3.20111e-08
2365 4 8.47497 30.397 -80.7498 1 3.14e-08
2366 4 7.64826 28.0587 -82.1817 1 2.1e-09
2367 4 7.64826 28.0587 -79.3179 1 2.85542e-09
2369 4 5.16815 28.0587 -80.7498 1 5e-10
2362 4 10.9551 30.397 -82.1817 1 3.27e-08
2363 4 10.9551 30.397 -79.3179 1 3.46796e-08
2368 4 10.1284 28.0587 -80.7498 1 5.9e-09
2387 4 12.6085 28.0587 -82.1817 1 4.19043e-27
2494 4 12.6085 28.0587 -79.3179 1 4.42365e-10
2364 4 13.4352 30.397 -80.7498 1 3e-08
2383 4 15.9153 30.397 -82.1817 1 3e-08
2490 4 15.9153 30.397 -79.3179 1 3.16069e-08
2522 4 15.0886 28.0587 -80.7498 1 4.19043e-27
2515 4 20.8755 30.397 -82.1817 1 3e-08
2516 4 20.8755 30.397 -79.3179 1 3.16364e-08
2518 4 18.3954 30.397 -80.7498 1 3e-08
2519 4 17.5687 28.0587 -82.1817 1 4.19043e-27
2520 4 17.5687 28.0587 -79.3179 1 2.8694e-10
2521 4 20.0488 28.0587 -80.7498 1 4.19043e-27
2517 4 23.3556 30.397 -80.7498 1 3e-08
2548 4 25.8357 30.397 -82.1817 1 3e-08
2552 4 22.5289 28.0587 -82.1817 1 4.19043e-27
2736 4 25.8357 30.397 -79.3179 1 3.17229e-08
2740 4 22.5289 28.0587 -79.3179 1 2.87289e-10
2779 4 25.009 28.0587 -80.7498 1 4.19043e-27
2775 4 28.3158 30.397 -80.7498 1 3e-08
2776 4 27.4891 28.0587 -82.1817 1 4.24092e-27
2777 4 27.4891 28.0587 -79.3179 1 3.56263e-10
2778 4 29.9692 28.0587 -80.7498 1 4.44286e-27
2772 4 30.7959 30.397 -82.1817 1 3e-08
2773 4 30.7959 30.397 -79.3179 1 3.20663e-08
2774 4 33.276 30.397 -80.7498 1 5.9449e-08
2814 4 32.4493 28.0587 -82.1817 1 1.58545e-08
3086 4 32.4493 28.0587 -79.3179 1 1.75153e-08
2292 4 1.86134 32.7352 -80.7498 1 3.5845e-08
3168 4 0.207938 35.0735 -80.7498 1 1.36827e-08
3206 4 2.68805 35.0735 -82.1817 1 3.54841e-09
3550 4 2.68805 35.0735 -79.3179 1 4.00056e-09
2289 4 4.34145 32.7352 -82.1817 1 3.01e-08
2290 4 4.34145 32.7352 -79.3179 1 3.18888e-08
2291 4 6.82156 32.7352 -80.7498 1 3e-08
3585 4 7.64826 35.0735 -82.1817 1 5.01041e-09
3586 4 7.64826 35.0735 -79.3179 1 5.51864e-09
3588 4 5.16815 35.0735 -80.7498 1 3.41041e-09
2298 4 9.30167 32.7352 -82.1817 1 3.3e-08
2345 4 9.30167 32.7352 -79.3179 1 3.50963e-08
2361 4 11.7818 32.7352 -80.7498 1 3.18e-08
3587 4 10.1284 35.0735 -80.7498 1 8.81041e-09
3614 4 12.6085 35.0735 -82.1817 1 2.91041e-09
4006 4 12.6085 35.0735 -79.3179 1 3.29414e-09
2358 4 14.2619 32.7352 -82.1817 1 3e-08
2359 4 14.2619 32.7352 -79.3179 1 3.19237e-08
2360 4 16.742 32.7352 -80.7498 1 3e-08
4032 4 15.0886 35.0735 -80.7498 1 2.91041e-09
2379 4 19.2221 32.7352 -82.1817 1 3e-08
2486 4 19.2221 32.7352 -79.3179 1 3.17587e-08
4029 4 17.5687 35.0735 -82.1817 1 2.91041e-09
4030 4 17.5687 35.0735 -79.3179 1 3.10837e-09
4031 4 20.0488 35.0735 -80.7498 1 2.91041e-09
2511 4 24.1823 32.7352 -82.1817 1 3e-08
2512 4 24.1823 32.7352 -79.3179 1 3.17582e-08
2514 4 21.7022 32.7352 -80.7498 1 3e-08
4046 4 22.5289 35.0735 -82.1817 1 2.91041e-09
4462 4 22.5289 35.0735 -79.3179 1 3.07801e-09
4476 4 25.009 35.0735 -80.7498 1 2.91041e-09
2513 4 26.6624 32.7352 -80.7498 1 3e-08
2544 4 29.1425 32.7352 -82.1817 1 3e-08
2732 4 29.1425 32.7352 -79.3179 1 3.17117e-08
4473 4 27.4891 35.0735 -82.1817 1 2.91041e-09
4474 4 27.4891 35.0735 -79.3179 1 3.11586e-09
4475 4 29.9692 35.0735 -80.7498 1 2.91041e-09
2769 4 34.1028 32.7352 -82.1817 1 1.33829e-07
2770 4 34.1028 32.7352 -79.3179 1 1.39737e-07
2771 4 31.6226 32.7352 -80.7498 1 5e-08
4479 4 32.4493 35.0735 -82.1817 1 1.87649e-08
4898 4 32.4493 35.0735 -79.3179 1 2.00583e-08
3510 1 1.03462 2.33774 -76.4541 1 3.61538e-09
3512 1 3.51474 2.33774 -75.0222 1 4.13019e-10
3549 4 3.51475 2.33774 -77.886 1 2.12186e-09
3547 1 5.99486 2.33774 -76.4541 1 3.09278e-10
3548 4 8.47497 2.33774 -77.886 1 2.43752e-09
3977 1 8.47496 2.33774 -75.0222 1 3.2786e-10
3974 1 10.9551 2.33775 -76.4541 1 1.04149e-09
3976 1 13.4352 2.33774 -75.0222 1 3.49493e-10
4003 1 15.9153 2.33774 -76.4541 1 2.9567e-10
4005 4 13.4352 2.33774 -77.886 1 1.96666e-09
4004 4 18.3954 2.33774 -77.886 1 6.23949e-10
4442 1 20.8755 2.33774 -76.4541 1 2.27912e-10
4445 1 18.3954 2.33774 -75.0222 1 1.91612e-10
4444 1 23.3556 2.33774 -75.0222 1 2.05114e-10
4459 1 25.8357 2.33774 -76.4541 1 2.37674e-10
4461 4 23.3556 2.33774 -77.886 1 5.67213e-10
4460 4 28.3158 2.33774 -77.886 1 1.1861e-09
4892 1 28.3158 2.33774 -75.0222 1 2.93165e-10
4889 1 30.7959 2.33774 -76.4541 1 8.14863e-10
4891 1 33.276 2.33774 -75.0222 1 1.23816e-09
4897 4 33.276 2.33774 -77.886 1 2.98648e-08
3084 1 0.207927 7.01428 -75.0222 1 6.00546e-10
3122 1 2.68804 7.01428 -76.4541 1 4.25333e-10
3124 4 0.207938 7.01428 -77.886 1 8.4918e-09
3125 4 1.86134 4.67601 -77.886 1 4.52045e-09
3509 1 1.86133 4.67601 -75.0222 1 4.37658e-10
3123 4 5.16815 7.01428 -77.886 1 1.55588e-09
3502 1 7.64827 7.01428 -76.4541 1 2.08299e-09
3505 1 5.16815 7.01428 -75.0222 1 2.20072e-10
3506 1 4.34145 4.67601 -76.4541 1 1.79229e-10
3508 1 6.82156 4.67601 -75.0222 1 1.75471e-10
3545 4 6.82156 4.67601 -77.886 1 1.45511e-09
3504 1 10.1284 7.01428 -75.0222 1 7.16261e-10
3539 1 12.6085 7.01428 -76.4541 1 4.0103e-10
3541 4 10.1284 7.01428 -77.886 1 1.02183e-08
3543 1 9.30167 4.67601 -76.4541 1 1.82039e-09
3544 4 11.7818 4.67601 -77.886 1 4.37924e-09
3973 1 11.7818 4.67601 -75.0222 1 4.43276e-10
3540 4 15.0886 7.01428 -77.886 1 8.37569e-10
3969 1 15.0886 7.01428 -75.0222 1 2.32591e-10
3970 1 14.2619 4.67601 -76.4541 1 2.93349e-10
3972 1 16.742 4.67601 -75.0222 1 1.40694e-10
4001 4 16.742 4.67601 -77.886 1 5.99998e-10
3966 1 17.5687 7.01428 -76.4541 1 1.9323e-10
3968 1 20.0488 7.01428 -75.0222 1 1.82946e-10
3997 4 20.0488 7.01428 -77.886 1 3.58473e-10
3999 1 19.2221 4.67601 -76.4541 1 1.46769e-10
3995 1 22.5289 7.01428 -76.4541 1 1.60392e-10
3996 4 25.009 7.01428 -77.886 1 5.35922e-10
4000 4 21.7022 4.67601 -77.886 1 3.96288e-10
4437 1 25.009 7.01428 -75.0222 1 2.23148e-10
4438 1 24.1823 4.67601 -76.4541 1 1.45036e-10
4441 1 21.7022 4.67601 -75.0222 1 1.38772e-10
4434 1 27.4891 7.01428 -76.4541 1 2.71511e-10
4436 1 29.9692 7.01428 -75.0222 1 5.77331e-10
4440 1 26.6624 4.67601 -75.0222 1 1.84044e-10
4453 4 29.9692 7.01428 -77.886 1 2.61809e-09
4455 1 29.1425 4.67601 -76.4541 1 3.74755e-10
4457 4 26.6624 4.67601 -77.886 1 7.56537e-10
4452 1 32.4493 7.01428 -76.4541 1 4.30626e-09
4456 4 31.6226 4.67601 -77.886 1 1.63381e-08
4886 1 34.1027 4.67601 -76.4541 1 1.00068e-08
4888 1 31.6226 4.67601 -75.0222 1 6.96352e-10
2768 4 1.86134 11.6908 -77.886 1 1.30738e-08
3080 1 1.86133 11.6908 -75.0222 1 1.01838e-09
3081 1 1.03462 9.35255 -76.4541 1 4.1305e-09
3083 1 3.51474 9.35255 -75.0222 1 4.65297e-10
3120 4 3.51475 9.35255 -77.886 1 2.58984e-09
3077 1 4.34145 11.6908 -76.4541 1 2.27883e-09
3079 1 6.82156 11.6908 -75.0222 1 1.0607e-09
3116 4 6.82156 11.6908 -77.886 1 1.03257e-08
3118 1 5.99486 9.35255 -76.4541 1 1.10426e-09
3119 4 8.47497 9.35255 -77.886 1 2.80458e-09
3501 1 8.47496 9.35255 -75.0222 1 3.52546e-10
3114 1 9.30168 11.6908 -76.4541 1 4.5803e-09
3115 4 11.7818 11.6908 -77.886 1 1.34997e-08
3497 1 11.7818 11.6908 -75.0222 1 1.17958e-09
3498 1 10.9551 9.35255 -76.4541 1 1.52731e-09
3494 1 14.2619 11.6908 -76.4541 1 2.59763e-09
3496 1 16.742 11.6908 -75.0222 1 8.21999e-10
3500 1 13.4352 9.35255 -75.0222 1 3.98667e-10
3533 4 16.742 11.6908 -77.886 1 9.2309e-09
3535 1 15.9153 9.35255 -76.4541 1 1.13373e-09
3537 4 13.4352 9.35255 -77.886 1 2.4109e-09
3531 1 19.2221 11.6908 -76.4541 1 2.18864e-09
3536 4 18.3954 9.35255 -77.886 1 1.23236e-09
3962 1 20.8755 9.35255 -76.4541 1 9.91714e-10
3965 1 18.3954 9.35255 -75.0222 1 2.44775e-10
3532 4 21.7022 11.6908 -77.886 1 8.70752e-09
3958 1 24.1823 11.6908 -76.4541 1 2.2231e-09
3961 1 21.7022 11.6908 -75.0222 1 7.35765e-10
3964 1 23.3556 9.35255 -75.0222 1 1.99241e-10
3991 1 25.8357 9.35254 -76.4541 1 1.16117e-09
3993 4 23.3556 9.35255 -77.886 1 1.24353e-09
3960 1 26.6624 11.6908 -75.0222 1 6.83898e-10
3987 1 29.1425 11.6908 -76.4541 1 1.96035e-09
3989 4 26.6624 11.6908 -77.886 1 8.7239e-09
3992 4 28.3158 9.35255 -77.886 1 1.96021e-09
4433 1 28.3158 9.35255 -75.0222 1 2.51538e-10
3988 4 31.6226 11.6908 -77.886 1 2.42649e-08
4427 1 34.1027 11.6908 -76.4541 1 1.17989e-08
4429 1 31.6226 11.6908 -75.0222 1 1.29951e-09
4430 1 30.7959 9.35254 -76.4541 1 2.2684e-09
4432 1 33.276 9.35255 -75.0222 1 1.19666e-09
4450 4 33.276 9.35255 -77.886 1 3.11209e-08
2728 1 1.03462 16.3674 -76.4541 1 1.1893e-08
2730 1 3.51474 16.3674 -75.0222 1 2.01769e-09
2731 1 0.207927 14.0291 -75.0222 1 1.08515e-09
2763 4 3.51475 16.3674 -77.886 1 3.26209e-08
2765 1 2.68804 14.0291 -76.4541 1 4.82497e-09
2767 4 0.207938 14.0291 -77.886 1 1.20182e-08
2761 1 5.99485 16.3674 -76.4541 1 1.00521e-08
2762 4 8.47497 16.3674 -77.886 1 3.22939e-08
2766 4 5.16815 14.0291 -77.886 1 5.35527e-09
3072 1 8.47496 16.3674 -75.0222 1 1.89221e-09
3073 1 7.64827 14.0291 -76.4541 1 9.40234e-09
3076 1 5.16815 14.0291 -75.0222 1 9.15362e-10
3069 1 10.9551 16.3674 -76.4541 1 8.67388e-09
3075 1 10.1284 14.0291 -75.0222 1 1.08416e-09
3110 1 12.6085 14.0291 -76.4541 1 4.59619e-09
3112 4 10.1284 14.0291 -77.886 1 1.33009e-08
3071 1 13.4352 16.3674 -75.0222 1 1.74267e-09
3106 1 15.9153 16.3674 -76.4541 1 9.63203e-09
3108 4 13.4352 16.3674 -77.886 1 3.14306e-08
3111 4 15.0886 14.0291 -77.886 1 4.09022e-09
3493 1 15.0886 14.0291 -75.0222 1 7.32621e-10
3107 4 18.3954 16.3674 -77.886 1 3.13604e-08
3486 1 20.8755 16.3674 -76.4541 1 9.61219e-09
3489 1 18.3954 16.3674 -75.0222 1 1.82846e-09
3490 1 17.5687 14.0291 -76.4541 1 4.9074e-09
3492 1 20.0488 14.0291 -75.0222 1 7.24757e-10
3529 4 20.0488 14.0291 -77.886 1 3.76947e-09
3488 1 23.3556 16.3674 -75.0222 1 2.00575e-09
3523 1 25.8357 16.3674 -76.4541 1 9.95184e-09
3525 4 23.3556 16.3674 -77.886 1 3.20108e-08
3527 1 22.5289 14.0291 -76.4541 1 5.02933e-09
3528 4 25.009 14.0291 -77.886 1 4.14587e-09
3957 1 25.009 14.0291 -75.0222 1 8.68636e-10
3524 4 28.3158 16.3674 -77.886 1 3.37432e-08
3953 1 28.3158 16.3674 -75.0222 1 2.30304e-09
3954 1 27.4891 14.0291 -76.4541 1 4.85346e-09
3956 1 29.9692 14.0291 -75.0222 1 1.51906e-09
3985 4 29.9692 14.0291 -77.886 1 6.81969e-09
3950 1 30.7959 16.3674 -76.4541 1 1.24505e-08
3952 1 33.276 16.3674 -75.0222 1 3.41266e-09
3982 4 33.276 16.3674 -77.886 1 6.37247e-08
3984 1 32.4493 14.0291 -76.4541 1 1.23572e-08
2485 1 0.207928 21.0439 -75.0222 1 8.92158e-10
2507 1 2.68804 21.0439 -76.4541 1 5.0995e-09
2509 4 0.207938 21.0439 -77.886 1 1.16626e-08
2510 4 1.86134 18.7056 -77.886 1 3.05429e-08
2727 1 1.86133 18.7056 -75.0222 1 1.4559e-09
2508 4 5.16815 21.0439 -77.886 1 5.32675e-09
2720 1 7.64827 21.0439 -76.4541 1 9.75932e-09
2723 1 5.16815 21.0439 -75.0222 1 9.73268e-10
2724 1 4.34145 18.7056 -76.4541 1 9.24658e-09
2726 1 6.82156 18.7056 -75.0222 1 1.64027e-09
2759 4 6.82156 18.7056 -77.886 1 2.78093e-08
2722 1 10.1284 21.0439 -75.0222 1 1.17154e-09
2753 1 12.6085 21.0439 -76.4541 1 4.9275e-09
2755 4 10.1284 21.0439 -77.886 1 1.34735e-08
2757 1 9.30168 18.7056 -76.4541 1 1.05071e-08
2758 4 11.7818 18.7056 -77.886 1 3.1143e-08
3068 1 11.7818 18.7056 -75.0222 1 1.72503e-09
2754 4 15.0886 21.0439 -77.886 1 4.34203e-09
3064 1 15.0886 21.0439 -75.0222 1 9.6106e-10
3065 1 14.2619 18.7056 -76.4541 1 1.04313e-08
3067 1 16.742 18.7056 -75.0222 1 1.4779e-09
3104 4 16.742 18.7056 -77.886 1 2.70815e-08
3061 1 17.5687 21.0439 -76.4541 1 5.32161e-09
3063 1 20.0488 21.0439 -75.0222 1 8.86502e-10
3100 4 20.0488 21.0439 -77.886 1 3.92656e-09
3102 1 19.2221 18.7056 -76.4541 1 9.40194e-09
3098 1 22.5289 21.0439 -76.4541 1 5.5011e-09
3099 4 25.009 21.0439 -77.886 1 4.23412e-09
3103 4 21.7022 18.7056 -77.886 1 2.64307e-08
3481 1 25.009 21.0439 -75.0222 1 9.45582e-10
3482 1 24.1823 18.7056 -76.4541 1 9.51194e-09
3485 1 21.7022 18.7056 -75.0222 1 1.39769e-09
3478 1 27.4891 21.0439 -76.4541 1 5.27986e-09
3480 1 29.9692 21.0439 -75.0222 1 1.49647e-09
3484 1 26.6624 18.7056 -75.0222 1 1.32071e-09
3517 4 29.9692 21.0439 -77.886 1 6.65244e-09
3519 1 29.1425 18.7056 -76.4541 1 9.02878e-09
3521 4 26.6624 18.7056 -77.886 1 2.62302e-08
3516 1 32.4493 21.0439 -76.4541 1 1.24952e-08
3520 4 31.6226 18.7056 -77.886 1 4.16398e-08
3947 1 34.1027 18.7056 -76.4541 1 1.49432e-08
3949 1 31.6226 18.7056 -75.0222 1 1.90629e-09
2357 4 1.86134 25.7204 -77.886 1 3.18354e-08
2481 1 1.86133 25.7204 -75.0222 1 1.57167e-09
2482 1 1.03462 23.3822 -76.4541 1 1.17037e-08
2484 1 3.51474 23.3822 -75.0222 1 1.78335e-09
2505 4 3.51475 23.3822 -77.886 1 3.05459e-08
2478 1 4.34145 25.7204 -76.4541 1 9.14268e-09
2480 1 6.82156 25.7204 -75.0222 1 1.74109e-09
2501 4 6.82156 25.7204 -77.886 1 2.91712e-08
2503 1 5.99485 23.3822 -76.4541 1 9.62572e-09
2504 4 8.47497 23.3822 -77.886 1 3.01921e-08
2719 1 8.47496 23.3822 -75.0222 1 1.65755e-09
2499 1 9.30168 25.7204 -76.4541 1 1.05185e-08
2500 4 11.7818 25.7204 -77.886 1 3.26533e-08
2715 1 11.7818 25.7204 -75.0222 1 1.88274e-09
2716 1 10.9551 23.3822 -76.4541 1 8.39715e-09
2712 1 14.2619 25.7204 -76.4541 1 1.02854e-08
2714 1 16.742 25.7204 -75.0222 1 1.59012e-09
2718 1 13.4352 23.3822 -75.0222 1 1.54611e-09
2747 4 16.742 25.7204 -77.886 1 2.84642e-08
2749 1 15.9153 23.3822 -76.4541 1 9.21082e-09
2751 4 13.4352 23.3822 -77.886 1 2.94813e-08
2745 1 19.2221 25.7204 -76.4541 1 9.27541e-09
2750 4 18.3954 23.3822 -77.886 1 2.9288e-08
3057 1 20.8755 23.3822 -76.4541 1 9.20162e-09
3060 1 18.3954 23.3822 -75.0222 1 1.57803e-09
2746 4 21.7022 25.7204 -77.886 1 2.77452e-08
3053 1 24.1823 25.7204 -76.4541 1 9.38789e-09
3056 1 21.7022 25.7204 -75.0222 1 1.49006e-09
3059 1 23.3556 23.3822 -75.0222 1 1.73102e-09
3094 1 25.8357 23.3822 -76.4541 1 9.54848e-09
3096 4 23.3556 23.3822 -77.886 1 2.98498e-08
3055 1 26.6624 25.7204 -75.0222 1 1.40174e-09
3090 1 29.1425 25.7204 -76.4541 1 8.88379e-09
3092 4 26.6624 25.7204 -77.886 1 2.74789e-08
3095 4 28.3158 23.3822 -77.886 1 3.14643e-08
3477 1 28.3158 23.3822 -75.0222 1 1.99276e-09
3091 4 31.6226 25.7204 -77.886 1 4.27035e-08
3471 1 34.1027 25.7204 -76.4541 1 1.50869e-08
3473 1 31.6226 25.7204 -75.0222 1 1.94324e-09
3474 1 30.7959 23.3822 -76.4541 1 1.19953e-08
3476 1 33.276 23.3822 -75.0222 1 3.03986e-09
3514 4 33.276 23.3822 -77.886 1 6.09003e-08
2341 1 1.03462 30.397 -76.4541 1 1.17215e-08
2343 1 3.51474 30.397 -75.0222 1 1.71595e-09
2344 1 0.207927 28.0587 -75.0222 1 9.16468e-10
2352 4 3.51475 30.397 -77.886 1 2.92877e-08
2354 1 2.68804 28.0587 -76.4541 1 5.17601e-09
2356 4 0.207938 28.0587 -77.886 1 1.1643e-08
2350 1 5.99485 30.397 -76.4541 1 9.76225e-09
2351 4 8.47497 30.397 -77.886 1 2.89509e-08
2355 4 5.16815 28.0587 -77.886 1 5.30232e-09
2473 1 8.47496 30.397 -75.0222 1 1.59346e-09
2474 1 7.64827 28.0587 -76.4541 1 9.92252e-09
2477 1 5.16815 28.0587 -75.0222 1 9.98897e-10
2470 1 10.9551 30.397 -76.4541 1 8.48595e-09
2476 1 10.1284 28.0587 -75.0222 1 1.21032e-09
2495 1 12.6085 28.0587 -76.4541 1 4.99744e-09
2497 4 10.1284 28.0587 -77.886 1 1.36255e-08
2472 1 13.4352 30.397 -75.0222 1 1.48941e-09
2491 1 15.9153 30.397 -76.4541 1 9.36388e-09
2493 4 13.4352 30.397 -77.886 1 2.83008e-08
2496 4 15.0886 28.0587 -77.886 1 4.39392e-09
2711 1 15.0886 28.0587 -75.0222 1 9.90535e-10
2492 4 18.3954 30.397 -77.886 1 2.80492e-08
2704 1 20.8755 30.397 -76.4541 1 9.33931e-09
2707 1 18.3954 30.397 -75.0222 1 1.50566e-09
2708 1 17.5687 28.0587 -76.4541 1 5.42971e-09
2710 1 20.0488 28.0587 -75.0222 1 9.09154e-10
2743 4 20.0488 28.0587 -77.886 1 3.91683e-09
2706 1 23.3556 30.397 -75.0222 1 1.64155e-09
2737 1 25.8357 30.397 -76.4541 1 9.69138e-09
2739 4 23.3556 30.397 -77.886 1 2.85655e-08
2741 1 22.5289 28.0587 -76.4541 1 5.61536e-09
2742 4 25.009 28.0587 -77.886 1 4.17391e-09
3052 1 25.009 28.0587 -75.0222 1 9.65492e-10
2738 4 28.3158 30.397 -77.886 1 3.01161e-08
3048 1 28.3158 30.397 -75.0222 1 1.87362e-09
3049 1 27.4891 28.0587 -76.4541 1 5.40094e-09
3051 1 29.9692 28.0587 -75.0222 1 1.51605e-09
3088 4 29.9692 28.0587 -77.886 1 6.50844e-09
3045 1 30.7959 30.397 -76.4541 1 1.21656e-08
3047 1 33.276 30.397 -75.0222 1 2.93085e-09
3085 4 33.276 30.397 -77.886 1 5.9406e-08
3087 1 32.4493 28.0587 -76.4541 1 1.27357e-08
2288 4 1.86134 32.7352 -77.886 1 3.1684e-08
2340 1 1.86133 32.7352 -75.0222 1 1.57417e-09
3513 1 0.207927 35.0735 -75.0222 1 7.9925e-10
3551 1 2.68804 35.0735 -76.4541 1 2.42488e-09
3553 4 0.207938 35.0735 -77.886 1 1.10907e-08
2337 1 4.34145 32.7352 -76.4541 1 9.58845e-09
2339 1 6.82156 32.7352 -75.0222 1 1.59708e-09
2348 4 6.82156 32.7352 -77.886 1 2.89751e-08
3552 4 5.16815 35.0735 -77.886 1 3.79928e-09
3978 1 7.64826 35.0735 -76.4541 1 5.57664e-09
3981 1 5.16815 35.0735 -75.0222 1 6.85447e-10
2346 1 9.30168 32.7352 -76.4541 1 1.10118e-08
2347 4 11.7818 32.7352 -77.886 1 3.27359e-08
2469 1 11.7818 32.7352 -75.0222 1 1.93835e-09
3980 1 10.1284 35.0735 -75.0222 1 1.23925e-09
4007 1 12.6085 35.0735 -76.4541 1 2.37048e-09
4009 4 10.1284 35.0735 -77.886 1 1.24611e-08
2466 1 14.2619 32.7352 -76.4541 1 1.07584e-08
2468 1 16.742 32.7352 -75.0222 1 1.59952e-09
2489 4 16.742 32.7352 -77.886 1 2.84784e-08
4008 4 15.0886 35.0735 -77.886 1 3.02573e-09
4449 1 15.0886 35.0735 -75.0222 1 8.53633e-10
2487 1 19.2221 32.7352 -76.4541 1 9.75789e-09
4446 1 17.5687 35.0735 -76.4541 1 2.79665e-09
4448 1 20.0488 35.0735 -75.0222 1 7.41376e-10
4465 4 20.0488 35.0735 -77.886 1 2.56987e-09
2488 4 21.7022 32.7352 -77.886 1 2.76818e-08
2700 1 24.1823 32.7352 -76.4541 1 9.8661e-09
2703 1 21.7022 32.7352 -75.0222 1 1.48877e-09
4463 1 22.5289 35.0735 -76.4541 1 2.9911e-09
4464 4 25.009 35.0735 -77.886 1 2.7704e-09
4896 1 25.009 35.0735 -75.0222 1 6.61008e-10
2702 1 26.6624 32.7352 -75.0222 1 1.40528e-09
2733 1 29.1425 32.7352 -76.4541 1 9.34427e-09
2735 4 26.6624 32.7352 -77.886 1 2.73378e-08
4893 1 27.4891 35.0735 -76.4541 1 2.99536e-09
4895 1 29.9692 35.0735 -75.0222 1 9.86192e-10
4900 4 29.9692 35.0735 -77.886 1 4.96484e-09
2734 4 31.6226 32.7352 -77.886 1 4.22551e-08
3042 1 34.1027 32.7352 -76.4541 1 1.54835e-08
3044 1 31.6226 32.7352 -75.0222 1 1.78582e-09
4899 1 32.4493 35.0735 -76.4541 1 8.16408e-09
3511 1 1.03463 2.33774 -73.5903 1 1.4657e-10
3903 1 1.03464 2.33775 -70.7266 1 3.45166e-11
3942 1 3.51474 2.33775 -72.1584 1 3.77763e-11
3939 1 5.99485 2.33775 -73.5903 1 1.26214e-10
3940 1 5.99485 2.33775 -70.7266 1 1.68675e-11
3941 1 8.47496 2.33775 -72.1584 1 6.58548e-11
3975 1 10.9551 2.33775 -73.5903 1 1.37512e-10
4391 1 10.9551 2.33775 -70.7265 1 4.51648e-11
4419 1 15.9153 2.33775 -73.5903 1 1.16846e-10
4420 1 15.9153 2.33775 -70.7265 1 3.55295e-11
4422 1 13.4352 2.33775 -72.1584 1 5.24605e-11
4421 1 18.3954 2.33775 -72.1584 1 4.7396e-11
4443 1 20.8755 2.33775 -73.5903 1 9.61181e-11
4862 1 20.8755 2.33775 -70.7265 1 2.76544e-11
4878 1 25.8357 2.33774 -73.5903 1 1.01553e-10
4879 1 25.8357 2.33775 -70.7265 1 5.98407e-11
4881 1 23.3556 2.33775 -72.1584 1 6.17447e-11
4880 1 28.3158 2.33774 -72.1584 1 1.04214e-10
4890 1 30.7959 2.33774 -73.5903 1 2.29585e-10
5309 1 30.7959 2.33775 -70.7265 1 1.05305e-10
5317 1 33.276 2.33774 -72.1584 1 8.22175e-11
3466 1 2.68804 7.01428 -73.5903 1 9.52331e-11
3467 1 2.68804 7.01428 -70.7266 1 1.88045e-11
3469 1 0.207931 7.01428 -72.1584 1 4.54556e-11
3470 1 1.86134 4.67601 -72.1584 1 4.52428e-11
3468 1 5.16815 7.01428 -72.1584 1 5.74918e-11
3503 1 7.64826 7.01428 -73.5903 1 1.73694e-10
3507 1 4.34144 4.67601 -73.5903 1 8.45381e-11
3895 1 7.64825 7.01428 -70.7266 1 2.79863e-11
3899 1 4.34144 4.67602 -70.7266 1 2.01237e-11
3938 1 6.82155 4.67602 -72.1584 1 6.17263e-11
3931 1 12.6085 7.01428 -73.5903 1 1.55228e-10
3932 1 12.6085 7.01428 -70.7265 1 3.79254e-11
3934 1 10.1284 7.01428 -72.1584 1 6.76752e-11
3935 1 9.30166 4.67602 -73.5903 1 1.51075e-10
3936 1 9.30166 4.67602 -70.7266 1 2.74681e-11
3937 1 11.7818 4.67602 -72.1584 1 9.2743e-11
3933 1 15.0886 7.01428 -72.1584 1 4.24239e-11
3971 1 14.2619 4.67601 -73.5903 1 1.1297e-10
4387 1 14.2619 4.67602 -70.7265 1 3.30329e-11
4418 1 16.742 4.67602 -72.1584 1 5.91662e-11
3967 1 17.5687 7.01428 -73.5903 1 7.57362e-11
4383 1 17.5687 7.01428 -70.7265 1 2.9565e-11
4414 1 20.0488 7.01428 -72.1584 1 2.69684e-11
4415 1 19.2221 4.67601 -73.5903 1 5.88908e-11
4416 1 19.2221 4.67602 -70.7265 1 1.50598e-11
4411 1 22.5289 7.01428 -73.5903 1 7.36353e-11
4412 1 22.5289 7.01428 -70.7265 1 2.04922e-11
4413 1 25.009 7.01428 -72.1584 1 7.109e-11
4417 1 21.7022 4.67601 -72.1584 1 3.7471e-11
4439 1 24.1823 4.67601 -73.5903 1 7.65738e-11
4858 1 24.1823 4.67601 -70.7265 1 3.71718e-11
4435 1 27.4891 7.01428 -73.5903 1 1.25174e-10
4854 1 27.4891 7.01428 -70.7265 1 6.40714e-11
4873 1 29.9692 7.01428 -72.1584 1 6.74991e-11
4874 1 29.1425 4.67601 -73.5903 1 1.60441e-10
4875 1 29.1425 4.67601 -70.7265 1 1.06692e-10
4877 1 26.6624 4.67601 -72.1584 1 7.28437e-11
4871 1 32.4493 7.01428 -73.5903 1 1.75331e-10
4872 1 32.4493 7.01428 -70.7266 1 5.14217e-11
4876 1 31.6226 4.67601 -72.1584 1 7.55199e-11
4887 1 34.1027 4.67601 -73.5903 1 2.41683e-10
5306 1 34.1027 4.67601 -70.7266 1 8.43906e-11
3041 1 1.86134 11.6908 -72.1584 1 5.12135e-11
3082 1 1.03463 9.35255 -73.5903 1 1.61993e-10
3426 1 1.03464 9.35255 -70.7266 1 2.59065e-11
3465 1 3.51474 9.35255 -72.1584 1 3.87993e-11
3078 1 4.34144 11.6908 -73.5903 1 1.23735e-10
3422 1 4.34144 11.6908 -70.7266 1 2.46668e-11
3461 1 6.82155 11.6908 -72.1584 1 7.5108e-11
3462 1 5.99485 9.35255 -73.5903 1 1.59078e-10
3463 1 5.99485 9.35255 -70.7266 1 1.66956e-11
3464 1 8.47496 9.35255 -72.1584 1 4.69008e-11
3458 1 9.30166 11.6908 -73.5903 1 1.8163e-10
3459 1 9.30166 11.6908 -70.7266 1 3.41882e-11
3460 1 11.7818 11.6908 -72.1584 1 9.35151e-11
3499 1 10.9551 9.35255 -73.5903 1 1.05334e-10
3891 1 10.9551 9.35255 -70.7265 1 3.713e-11
3495 1 14.2619 11.6908 -73.5903 1 1.29408e-10
3887 1 14.2619 11.6908 -70.7265 1 4.2052e-11
3926 1 16.742 11.6908 -72.1584 1 5.99841e-11
3927 1 15.9153 9.35255 -73.5903 1 1.1352e-10
3928 1 15.9153 9.35255 -70.7265 1 2.34786e-11
3930 1 13.4352 9.35255 -72.1584 1 4.27236e-11
3923 1 19.2221 11.6908 -73.5903 1 7.739e-11
3924 1 19.2221 11.6908 -70.7265 1 2.02713e-11
3929 1 18.3954 9.35255 -72.1584 1 3.75635e-11
3963 1 20.8755 9.35255 -73.5903 1 1.10262e-10
4379 1 20.8755 9.35255 -70.7265 1 2.14798e-11
3925 1 21.7022 11.6908 -72.1584 1 4.37392e-11
3959 1 24.1823 11.6908 -73.5903 1 1.11626e-10
4375 1 24.1823 11.6908 -70.7265 1 3.86266e-11
4407 1 25.8357 9.35255 -73.5903 1 1.2728e-10
4408 1 25.8357 9.35255 -70.7265 1 6.09555e-11
4410 1 23.3556 9.35255 -72.1584 1 4.33573e-11
4403 1 29.1425 11.6908 -73.5903 1 2.05143e-10
4404 1 29.1425 11.6908 -70.7265 1 1.02437e-10
4406 1 26.6624 11.6908 -72.1584 1 7.76644e-11
4409 1 28.3158 9.35255 -72.1584 1 7.40051e-11
4405 1 31.6226 11.6908 -72.1584 1 9.11401e-11
4428 1 34.1027 11.6908 -73.5903 1 3.01843e-10
4431 1 30.7959 9.35255 -73.5903 1 3.3439e-10
4847 1 34.1027 11.6908 -70.7266 1 7.97035e-11
4850 1 30.7959 9.35255 -70.7265 1 1.12976e-10
4870 1 33.276 9.35255 -72.1584 1 6.5623e-11
2729 1 1.03463 16.3674 -73.5903 1 1.5259e-10
3001 1 1.03464 16.3674 -70.7266 1 3.42714e-11
3036 1 3.51474 16.3674 -72.1584 1 6.08468e-11
3037 1 2.68804 14.0291 -73.5903 1 2.94543e-10
3038 1 2.68804 14.0291 -70.7266 1 5.11529e-11
3040 1 0.207931 14.0291 -72.1584 1 7.9624e-11
3033 1 5.99485 16.3674 -73.5903 1 1.77239e-10
3034 1 5.99485 16.3674 -70.7266 1 4.02525e-11
3035 1 8.47496 16.3674 -72.1584 1 8.87727e-11
3039 1 5.16815 14.0291 -72.1584 1 1.39123e-10
3074 1 7.64826 14.0291 -73.5903 1 5.09561e-10
3418 1 7.64825 14.0291 -70.7266 1 7.46244e-11
3070 1 10.9551 16.3674 -73.5903 1 9.32346e-11
3414 1 10.9551 16.3674 -70.7265 1 5.53309e-11
3454 1 12.6085 14.0291 -73.5903 1 3.45015e-10
3455 1 12.6085 14.0291 -70.7265 1 9.13519e-11
3457 1 10.1284 14.0291 -72.1584 1 1.16733e-10
3450 1 15.9153 16.3674 -73.5903 1 1.31796e-10
3451 1 15.9153 16.3674 -70.7265 1 4.27877e-11
3453 1 13.4352 16.3674 -72.1584 1 6.84976e-11
3456 1 15.0886 14.0291 -72.1584 1 9.84039e-11
3452 1 18.3954 16.3674 -72.1584 1 5.59484e-11
3487 1 20.8755 16.3674 -73.5903 1 1.39065e-10
3491 1 17.5687 14.0291 -73.5903 1 2.88889e-10
3879 1 20.8755 16.3674 -70.7265 1 4.023e-11
3883 1 17.5687 14.0291 -70.7265 1 7.73616e-11
3922 1 20.0488 14.0291 -72.1584 1 8.57415e-11
3915 1 25.8357 16.3674 -73.5903 1 1.78583e-10
3916 1 25.8357 16.3674 -70.7265 1 8.4982e-11
3918 1 23.3556 16.3674 -72.1584 1 6.56879e-11
3919 1 22.5289 14.0291 -73.5903 1 2.95048e-10
3920 1 22.5289 14.0291 -70.7265 1 5.89112e-11
3921 1 25.009 14.0291 -72.1584 1 1.61241e-10
3917 1 28.3158 16.3674 -72.1584 1 1.0369e-10
3955 1 27.4891 14.0291 -73.5903 1 3.32372e-10
4371 1 27.4891 14.0291 -70.7265 1 7.109e-11
4402 1 29.9692 14.0291 -72.1584 1 1.51665e-10
3951 1 30.7959 16.3674 -73.5903 1 4.1331e-10
4367 1 30.7959 16.3674 -70.7265 1 1.35514e-10
4399 1 33.276 16.3674 -72.1584 1 9.37773e-11
4400 1 32.4493 14.0291 -73.5903 1 5.90978e-10
4401 1 32.4493 14.0291 -70.7266 1 1.11717e-10
2695 1 2.68804 21.0439 -73.5903 1 2.4159e-10
2696 1 2.68804 21.0439 -70.7266 1 2.54567e-11
2698 1 0.207931 21.0439 -72.1584 1 3.7165e-11
2699 1 1.86134 18.7056 -72.1584 1 4.94688e-11
2697 1 5.16815 21.0439 -72.1584 1 9.14217e-11
2721 1 7.64826 21.0439 -73.5903 1 4.95673e-10
2725 1 4.34145 18.7056 -73.5903 1 2.84175e-10
2993 1 7.64825 21.0439 -70.7266 1 5.40898e-11
2997 1 4.34144 18.7056 -70.7266 1 4.37753e-11
3032 1 6.82155 18.7056 -72.1584 1 8.28933e-11
3025 1 12.6085 21.0439 -73.5903 1 3.10828e-10
3026 1 12.6085 21.0439 -70.7265 1 5.79235e-11
3028 1 10.1284 21.0439 -72.1584 1 8.49967e-11
3029 1 9.30166 18.7056 -73.5903 1 2.73823e-10
3030 1 9.30166 18.7056 -70.7265 1 4.93103e-11
3031 1 11.7818 18.7056 -72.1584 1 1.02877e-10
3027 1 15.0886 21.0439 -72.1584 1 8.23398e-11
3066 1 14.2619 18.7056 -73.5903 1 3.57272e-10
3410 1 14.2619 18.7056 -70.7265 1 7.83337e-11
3449 1 16.742 18.7056 -72.1584 1 6.94619e-11
3062 1 17.5687 21.0439 -73.5903 1 2.96906e-10
3406 1 17.5687 21.0439 -70.7265 1 4.63063e-11
3445 1 20.0488 21.0439 -72.1584 1 6.51239e-11
3446 1 19.2221 18.7056 -73.5903 1 2.62998e-10
3447 1 19.2221 18.7056 -70.7265 1 4.68431e-11
3442 1 22.5289 21.0439 -73.5903 1 3.17088e-10
3443 1 22.5289 21.0439 -70.7265 1 3.07646e-11
3444 1 25.009 21.0439 -72.1584 1 1.27554e-10
3448 1 21.7022 18.7056 -72.1584 1 5.11458e-11
3483 1 24.1823 18.7056 -73.5903 1 3.07796e-10
3875 1 24.1823 18.7056 -70.7265 1 5.13242e-11
3479 1 27.4891 21.0439 -73.5903 1 3.46675e-10
3871 1 27.4891 21.0439 -70.7265 1 5.45573e-11
3910 1 29.9692 21.0439 -72.1584 1 1.17918e-10
3911 1 29.1425 18.7056 -73.5903 1 3.97174e-10
3912 1 29.1425 18.7056 -70.7265 1 1.18279e-10
3914 1 26.6624 18.7056 -72.1584 1 8.67911e-11
3908 1 32.4493 21.0439 -73.5903 1 6.12878e-10
3909 1 32.4493 21.0439 -70.7266 1 8.69819e-11
3913 1 31.6226 18.7056 -72.1584 1 9.97959e-11
3948 1 34.1027 18.7056 -73.5903 1 2.81689e-10
4364 1 34.1027 18.7056 -70.7266 1 6.50788e-11
2465 1 1.86134 25.7204 -72.1584 1 4.60813e-11
2483 1 1.03463 23.3822 -73.5903 1 1.57139e-10
2671 1 1.03464 23.3822 -70.7266 1 3.07352e-11
2694 1 3.51474 23.3822 -72.1584 1 5.80419e-11
2479 1 4.34145 25.7204 -73.5903 1 2.25094e-10
2667 1 4.34144 25.7204 -70.7266 1 4.29492e-11
2690 1 6.82155 25.7204 -72.1584 1 7.623e-11
2691 1 5.99485 23.3822 -73.5903 1 2.00481e-10
2692 1 5.99485 23.3822 -70.7265 1 3.8012e-11
2693 1 8.47496 23.3822 -72.1584 1 9.67757e-11
2687 1 9.30166 25.7204 -73.5903 1 2.25956e-10
2688 1 9.30166 25.7204 -70.7265 1 4.718e-11
2689 1 11.7818 25.7204 -72.1584 1 9.21259e-11
2717 1 10.9551 23.3822 -73.5903 1 1.0229e-10
2989 1 10.9551 23.3822 -70.7265 1 5.13786e-11
2713 1 14.2619 25.7204 -73.5903 1 2.993e-10
2985 1 14.2619 25.7204 -70.7265 1 7.41112e-11
3020 1 16.742 25.7204 -72.1584 1 6.22286e-11
3021 1 15.9153 23.3822 -73.5903 1 1.64774e-10
3022 1 15.9153 23.3822 -70.7265 1 4.0369e-11
3024 1 13.4352 23.3822 -72.1584 1 6.89998e-11
3017 1 19.2221 25.7204 -73.5903 1 2.0076e-10
3018 1 19.2221 25.7204 -70.7265 1 4.59146e-11
3023 1 18.3954 23.3822 -72.1584 1 6.12421e-11
3058 1 20.8755 23.3822 -73.5903 1 1.79719e-10
3402 1 20.8755 23.3822 -70.7265 1 3.88662e-11
3019 1 21.7022 25.7204 -72.1584 1 4.61574e-11
3054 1 24.1823 25.7204 -73.5903 1 2.32378e-10
3398 1 24.1823 25.7204 -70.7265 1 5.1216e-11
3438 1 25.8357 23.3822 -73.5903 1 2.16848e-10
3439 1 25.8357 23.3822 -70.7265 1 8.53876e-11
3441 1 23.3556 23.3822 -72.1584 1 8.29201e-11
3434 1 29.1425 25.7204 -73.5903 1 3.1615e-10
3435 1 29.1425 25.7204 -70.7265 1 1.19903e-10
3437 1 26.6624 25.7204 -72.1584 1 7.87302e-11
3440 1 28.3158 23.3822 -72.1584 1 1.29457e-10
3436 1 31.6226 25.7204 -72.1584 1 9.72694e-11
3472 1 34.1027 25.7204 -73.5903 1 2.24699e-10
3475 1 30.7959 23.3822 -73.5903 1 4.4911e-10
3864 1 34.1027 25.7204 -70.7266 1 6.91708e-11
3867 1 30.7959 23.3822 -70.7265 1 1.35685e-10
3907 1 33.276 23.3822 -72.1584 1 1.075e-10
2342 1 1.03463 30.397 -73.5903 1 1.69313e-10
2449 1 1.03464 30.397 -70.7266 1 3.15364e-11
2460 1 3.51474 30.397 -72.1584 1 4.49608e-11
2461 1 2.68804 28.0587 -73.5903 1 2.43576e-10
2462 1 2.68804 28.0587 -70.7266 1 2.9641e-11
2464 1 0.207931 28.0587 -72.1584 1 3.09494e-11
2457 1 5.99485 30.397 -73.5903 1 2.64975e-10
2458 1 5.99485 30.397 -70.7265 1 3.50794e-11
2459 1 8.47496 30.397 -72.1584 1 7.92205e-11
2463 1 5.16815 28.0587 -72.1584 1 7.60511e-11
2475 1 7.64826 28.0587 -73.5903 1 5.40577e-10
2663 1 7.64825 28.0587 -70.7266 1 6.98653e-11
2471 1 10.9551 30.397 -73.5903 1 1.54677e-10
2659 1 10.9551 30.397 -70.7265 1 4.60736e-11
2683 1 12.6085 28.0587 -73.5903 1 3.31825e-10
2684 1 12.6085 28.0587 -70.7265 1 5.14438e-11
2686 1 10.1284 28.0587 -72.1584 1 8.56852e-11
2679 1 15.9153 30.397 -73.5903 1 2.27817e-10
2680 1 15.9153 30.397 -70.7265 1 3.8504e-11
2682 1 13.4352 30.397 -72.1584 1 5.60457e-11
2685 1 15.0886 28.0587 -72.1584 1 9.03544e-11
2681 1 18.3954 30.397 -72.1584 1 5.37806e-11
2705 1 20.8755 30.397 -73.5903 1 2.2401e-10
2709 1 17.5687 28.0587 -73.5903 1 3.21109e-10
2977 1 20.8755 30.397 -70.7265 1 4.12365e-11
2981 1 17.5687 28.0587 -70.7265 1 4.47201e-11
3016 1 20.0488 28.0587 -72.1584 1 6.54372e-11
3009 1 25.8357 30.397 -73.5903 1 2.51295e-10
3010 1 25.8357 30.397 -70.7265 1 9.19942e-11
3012 1 23.3556 30.397 -72.1584 1 6.74276e-11
3013 1 22.5289 28.0587 -73.5903 1 3.30281e-10
3014 1 22.5289 28.0587 -70.7265 1 3.37605e-11
3015 1 25.009 28.0587 -72.1584 1 1.02304e-10
3011 1 28.3158 30.397 -72.1584 1 1.02366e-10
3050 1 27.4891 28.0587 -73.5903 1 3.50281e-10
3394 1 27.4891 28.0587 -70.7265 1 7.44104e-11
3433 1 29.9692 28.0587 -72.1584 1 1.09383e-10
3046 1 30.7959 30.397 -73.5903 1 4.79032e-10
3390 1 30.7959 30.397 -70.7265 1 1.41879e-10
3430 1 33.276 30.397 -72.1584 1 9.70643e-11
3431 1 32.4493 28.0587 -73.5903 1 6.40358e-10
3432 1 32.4493 28.0587 -70.7266 1 9.23556e-11
2336 1 1.86134 32.7352 -72.1584 1 6.27269e-11
3943 1 2.68804 35.0735 -73.5903 1 1.69514e-10
3944 1 2.68804 35.0735 -70.7266 1 7.56597e-11
3946 1 0.207931 35.0735 -72.1584 1 7.39682e-11
2338 1 4.34144 32.7352 -73.5903 1 1.94076e-10
2445 1 4.34144 32.7352 -70.7266 1 4.9549e-11
2456 1 6.82155 32.7352 -72.1584 1 7.27599e-11
3945 1 5.16815 35.0735 -72.1584 1 7.57387e-11
3979 1 7.64826 35.0735 -73.5903 1 4.192e-10
4395 1 7.64825 35.0735 -70.7266 1 1.09352e-10
2453 1 9.30166 32.7352 -73.5903 1 2.11657e-10
2454 1 9.30166 32.7352 -70.7265 1 5.49091e-11
2455 1 11.7818 32.7352 -72.1584 1 9.81981e-11
4423 1 12.6085 35.0735 -73.5903 1 2.52351e-10
4424 1 12.6085 35.0735 -70.7265 1 7.50437e-11
4426 1 10.1284 35.0735 -72.1584 1 1.18251e-10
2467 1 14.2619 32.7352 -73.5903 1 2.76893e-10
2655 1 14.2619 32.7352 -70.7265 1 7.95743e-11
2678 1 16.742 32.7352 -72.1584 1 6.82031e-11
4425 1 15.0886 35.0735 -72.1584 1 1.1906e-10
2675 1 19.2221 32.7352 -73.5903 1 1.75433e-10
2676 1 19.2221 32.7352 -70.7265 1 5.29193e-11
4447 1 17.5687 35.0735 -73.5903 1 2.64725e-10
4866 1 17.5687 35.0735 -70.7265 1 7.5096e-11
4885 1 20.0488 35.0735 -72.1584 1 9.25165e-11
2677 1 21.7022 32.7352 -72.1584 1 5.52954e-11
2701 1 24.1823 32.7352 -73.5903 1 1.91417e-10
2973 1 24.1823 32.7352 -70.7265 1 5.62962e-11
4882 1 22.5289 35.0735 -73.5903 1 2.74552e-10
4883 1 22.5289 35.0735 -70.7265 1 7.45656e-11
4884 1 25.009 35.0735 -72.1584 1 9.93478e-11
3005 1 29.1425 32.7352 -73.5903 1 2.58915e-10
3006 1 29.1425 32.7352 -70.7265 1 1.27472e-10
3008 1 26.6624 32.7352 -72.1584 1 9.7326e-11
4894 1 27.4891 35.0735 -73.5903 1 3.26032e-10
5313 1 27.4891 35.0735 -70.7265 1 1.49896e-10
5320 1 29.9692 35.0735 -72.1584 1 1.23475e-10
3007 1 31.6226 32.7352 -72.1584 1 1.11453e-10
3043 1 34.1027 32.7352 -73.5903 1 1.95173e-10
3387 1 34.1027 32.7352 -70.7266 1 7.93388e-11
5318 1 32.4493 35.0735 -73.5903 1 5.21265e-10
5319 1 32.4493 35.0735 -70.7266 1 1.2673e-10
3904 1 1.03464 2.33775 -67.8628 1 3.04541e-11
3905 1 3.51474 2.33775 -69.2947 1 2.55861e-11
4359 1 3.51474 2.33775 -66.4309 1 1.75294e-11
4356 1 5.99485 2.33775 -67.8628 1 1.45918e-11
4358 1 8.47496 2.33775 -66.4309 1 1.9087e-11
4394 1 8.47496 2.33775 -69.2947 1 2.9929e-11
4392 1 10.9551 2.33775 -67.8628 1 3.2628e-11
4393 1 13.4352 2.33775 -69.2947 1 1.86215e-11
4839 1 15.9153 2.33775 -67.8628 1 2.14575e-11
4842 1 13.4352 2.33775 -66.4309 1 1.157e-11
4841 1 18.3954 2.33775 -66.4309 1 1.33647e-11
4863 1 20.8755 2.33775 -67.8628 1 2.6121e-11
4865 1 18.3954 2.33775 -69.2947 1 1.23289e-11
4864 1 23.3556 2.33775 -69.2947 1 1.59891e-11
5298 1 25.8357 2.33775 -67.8628 1 2.82569e-11
5301 1 23.3556 2.33775 -66.4309 1 1.6834e-11
5300 1 28.3158 2.33775 -66.4309 1 3.55921e-11
5312 1 28.3158 2.33775 -69.2947 1 4.25395e-11
5310 1 30.7959 2.33775 -67.8628 1 7.19963e-11
5311 1 33.276 2.33775 -69.2947 1 3.76846e-11
5737 1 33.276 2.33775 -66.4309 1 2.82788e-11
3429 1 0.207933 7.01428 -69.2947 1 2.15809e-11
3859 1 2.68804 7.01428 -67.8628 1 1.71367e-11
3862 1 0.207934 7.01428 -66.4309 1 1.40831e-11
3863 1 1.86134 4.67601 -66.4309 1 3.65685e-11
3902 1 1.86134 4.67601 -69.2947 1 2.96156e-11
3861 1 5.16815 7.01428 -66.4309 1 1.37461e-11
3896 1 7.64825 7.01428 -67.8628 1 2.05398e-11
3898 1 5.16815 7.01428 -69.2947 1 2.06248e-11
3900 1 4.34145 4.67602 -67.8628 1 3.62241e-11
3901 1 6.82155 4.67602 -69.2947 1 1.75447e-11
4355 1 6.82155 4.67602 -66.4309 1 1.6477e-11
3897 1 10.1284 7.01428 -69.2947 1 1.32807e-11
4348 1 12.6085 7.01428 -67.8628 1 2.02872e-11
4351 1 10.1284 7.01428 -66.4309 1 6.36276e-12
4352 1 9.30166 4.67602 -67.8628 1 1.5499e-11
4354 1 11.7818 4.67602 -66.4309 1 2.79755e-11
4390 1 11.7818 4.67602 -69.2947 1 3.42178e-11
4350 1 15.0886 7.01428 -66.4309 1 9.43467e-12
4386 1 15.0886 7.01428 -69.2947 1 8.78473e-12
4388 1 14.2619 4.67602 -67.8628 1 1.74652e-11
4389 1 16.742 4.67602 -69.2947 1 1.1286e-11
4838 1 16.742 4.67602 -66.4309 1 1.13684e-11
4384 1 17.5687 7.01428 -67.8628 1 1.74521e-11
4385 1 20.0488 7.01428 -69.2947 1 9.19533e-12
4834 1 20.0488 7.01428 -66.4309 1 1.53468e-11
4835 1 19.2221 4.67602 -67.8628 1 1.17246e-11
4831 1 22.5289 7.01428 -67.8628 1 1.71608e-11
4833 1 25.009 7.01428 -66.4309 1 2.31594e-11
4837 1 21.7022 4.67601 -66.4309 1 9.81647e-12
4857 1 25.009 7.01428 -69.2947 1 2.8526e-11
4859 1 24.1823 4.67601 -67.8628 1 2.5132e-11
4861 1 21.7022 4.67602 -69.2947 1 6.29501e-12
4855 1 27.4891 7.01428 -67.8628 1 2.85834e-11
4856 1 29.9692 7.01428 -69.2947 1 3.0791e-11
4860 1 26.6624 4.67601 -69.2947 1 1.481e-11
5293 1 29.9692 7.01428 -66.4309 1 1.63601e-11
5294 1 29.1425 4.67601 -67.8628 1 7.07609e-11
5297 1 26.6624 4.67601 -66.4309 1 1.29255e-11
5291 1 32.4493 7.01428 -67.8628 1 3.57879e-11
5296 1 31.6226 4.67601 -66.4309 1 1.73924e-11
5307 1 34.1027 4.67601 -67.8628 1 6.52826e-11
5308 1 31.6226 4.67601 -69.2947 1 2.09659e-11
3386 1 1.86134 11.6908 -66.4309 1 4.26894e-11
3425 1 1.86134 11.6908 -69.2947 1 3.37065e-11
3427 1 1.03464 9.35255 -67.8628 1 3.34107e-11
3428 1 3.51474 9.35255 -69.2947 1 1.54076e-11
3858 1 3.51474 9.35255 -66.4309 1 1.47869e-11
3423 1 4.34145 11.6908 -67.8628 1 4.73212e-11
3424 1 6.82155 11.6908 -69.2947 1 3.01734e-11
3854 1 6.82155 11.6908 -66.4309 1 3.0015e-11
3855 1 5.99485 9.35255 -67.8628 1 2.00171e-11
3857 1 8.47496 9.35255 -66.4309 1 1.24489e-11
3894 1 8.47496 9.35255 -69.2947 1 1.15247e-11
3851 1 9.30166 11.6908 -67.8628 1 2.51718e-11
3853 1 11.7818 11.6908 -66.4309 1 3.96753e-11
3890 1 11.7818 11.6908 -69.2947 1 4.15461e-11
3892 1 10.9551 9.35255 -67.8628 1 3.46483e-11
3888 1 14.2619 11.6908 -67.8628 1 2.39256e-11
3889 1 16.742 11.6908 -69.2947 1 2.30548e-11
3893 1 13.4352 9.35255 -69.2947 1 9.15357e-12
4343 1 16.742 11.6908 -66.4309 1 2.5524e-11
4344 1 15.9153 9.35255 -67.8628 1 2.1013e-11
4347 1 13.4352 9.35255 -66.4309 1 8.98814e-12
4340 1 19.2221 11.6908 -67.8628 1 1.87749e-11
4346 1 18.3954 9.35255 -66.4309 1 1.22313e-11
4380 1 20.8755 9.35255 -67.8628 1 2.69497e-11
4382 1 18.3954 9.35255 -69.2947 1 7.75216e-12
4342 1 21.7022 11.6908 -66.4309 1 2.25529e-11
4376 1 24.1823 11.6908 -67.8628 1 3.80144e-11
4378 1 21.7022 11.6908 -69.2947 1 1.81803e-11
4381 1 23.3556 9.35255 -69.2947 1 6.43947e-12
4827 1 25.8357 9.35255 -67.8628 1 3.31304e-11
4830 1 23.3556 9.35255 -66.4309 1 1.36763e-11
4377 1 26.6624 11.6908 -69.2947 1 2.53449e-11
4823 1 29.1425 11.6908 -67.8628 1 8.23997e-11
4826 1 26.6624 11.6908 -66.4309 1 2.29943e-11
4829 1 28.3158 9.35255 -66.4309 1 2.81856e-11
4853 1 28.3158 9.35255 -69.2947 1 2.31069e-11
4825 1 31.6226 11.6908 -66.4309 1 2.54863e-11
4848 1 34.1027 11.6908 -67.8628 1 8.15854e-11
4849 1 31.6226 11.6908 -69.2947 1 3.24231e-11
4851 1 30.7959 9.35255 -67.8628 1 8.04631e-11
4852 1 33.276 9.35255 -69.2947 1 2.27719e-11
5290 1 33.276 9.35255 -66.4309 1 2.35489e-11
3002 1 1.03464 16.3674 -67.8628 1 3.74984e-11
3003 1 3.51474 16.3674 -69.2947 1 3.07297e-11
3004 1 0.207933 14.0291 -69.2947 1 7.15005e-11
3381 1 3.51474 16.3674 -66.4309 1 3.17798e-11
3382 1 2.68804 14.0291 -67.8628 1 3.94097e-11
3385 1 0.207934 14.0291 -66.4309 1 5.87909e-11
3378 1 5.99485 16.3674 -67.8628 1 3.38093e-11
3380 1 8.47496 16.3674 -66.4309 1 1.37151e-11
3384 1 5.16815 14.0291 -66.4309 1 7.31826e-11
3417 1 8.47496 16.3674 -69.2947 1 2.03373e-11
3419 1 7.64825 14.0291 -67.8628 1 3.58157e-11
3421 1 5.16815 14.0291 -69.2947 1 8.42653e-11
3415 1 10.9551 16.3674 -67.8628 1 4.73948e-11
3420 1 10.1284 14.0291 -69.2947 1 5.80814e-11
3847 1 12.6085 14.0291 -67.8628 1 5.93756e-11
3850 1 10.1284 14.0291 -66.4309 1 4.22237e-11
3416 1 13.4352 16.3674 -69.2947 1 2.23557e-11
3843 1 15.9153 16.3674 -67.8628 1 2.78818e-11
3846 1 13.4352 16.3674 -66.4309 1 2.49099e-11
3849 1 15.0886 14.0291 -66.4309 1 4.05362e-11
3886 1 15.0886 14.0291 -69.2947 1 4.94344e-11
3845 1 18.3954 16.3674 -66.4309 1 3.41739e-11
3880 1 20.8755 16.3674 -67.8628 1 2.9605e-11
3882 1 18.3954 16.3674 -69.2947 1 2.2239e-11
3884 1 17.5687 14.0291 -67.8628 1 5.12153e-11
3885 1 20.0488 14.0291 -69.2947 1 4.73183e-11
4339 1 20.0488 14.0291 -66.4309 1 5.10378e-11
3881 1 23.3556 16.3674 -69.2947 1 1.76949e-11
4332 1 25.8357 16.3674 -67.8628 1 4.19901e-11
4335 1 23.3556 16.3674 -66.4309 1 2.9662e-11
4336 1 22.5289 14.0291 -67.8628 1 4.49829e-11
4338 1 25.009 14.0291 -66.4309 1 8.53119e-11
4374 1 25.009 14.0291 -69.2947 1 8.6606e-11
4334 1 28.3158 16.3674 -66.4309 1 3.14374e-11
4370 1 28.3158 16.3674 -69.2947 1 2.60961e-11
4372 1 27.4891 14.0291 -67.8628 1 3.46503e-11
4373 1 29.9692 14.0291 -69.2947 1 6.35764e-11
4822 1 29.9692 14.0291 -66.4309 1 5.93019e-11
4368 1 30.7959 16.3674 -67.8628 1 8.73637e-11
4369 1 33.276 16.3674 -69.2947 1 3.19543e-11
4819 1 33.276 16.3674 -66.4309 1 3.32282e-11
4820 1 32.4493 14.0291 -67.8628 1 5.70065e-11
2674 1 0.207933 21.0439 -69.2947 1 3.35343e-11
2968 1 2.68804 21.0439 -67.8628 1 1.77692e-11
2971 1 0.207934 21.0439 -66.4309 1 3.11479e-11
2972 1 1.86134 18.7056 -66.4309 1 3.7636e-11
3000 1 1.86134 18.7056 -69.2947 1 3.4903e-11
2970 1 5.16815 21.0439 -66.4309 1 4.01319e-11
2994 1 7.64825 21.0439 -67.8628 1 1.65764e-11
2996 1 5.16815 21.0439 -69.2947 1 4.24288e-11
2998 1 4.34145 18.7056 -67.8628 1 3.84296e-11
2999 1 6.82155 18.7056 -69.2947 1 1.95887e-11
3377 1 6.82155 18.7056 -66.4309 1 1.51741e-11
2995 1 10.1284 21.0439 -69.2947 1 2.72877e-11
3370 1 12.6085 21.0439 -67.8628 1 2.98816e-11
3373 1 10.1284 21.0439 -66.4309 1 1.91724e-11
3374 1 9.30166 18.7056 -67.8628 1 1.823e-11
3376 1 11.7818 18.7056 -66.4309 1 2.64884e-11
3413 1 11.7818 18.7056 -69.2947 1 3.73929e-11
3372 1 15.0886 21.0439 -66.4309 1 2.01092e-11
3409 1 15.0886 21.0439 -69.2947 1 2.36792e-11
3411 1 14.2619 18.7056 -67.8628 1 2.20051e-11
3412 1 16.742 18.7056 -69.2947 1 1.12682e-11
3842 1 16.742 18.7056 -66.4309 1 1.05359e-11
3407 1 17.5687 21.0439 -67.8628 1 2.38539e-11
3408 1 20.0488 21.0439 -69.2947 1 2.05675e-11
3838 1 20.0488 21.0439 -66.4309 1 2.86992e-11
3839 1 19.2221 18.7056 -67.8628 1 1.54791e-11
3835 1 22.5289 21.0439 -67.8628 1 1.98344e-11
3837 1 25.009 21.0439 -66.4309 1 5.28305e-11
3841 1 21.7022 18.7056 -66.4309 1 1.00543e-11
3874 1 25.009 21.0439 -69.2947 1 4.98717e-11
3876 1 24.1823 18.7056 -67.8628 1 2.61296e-11
3878 1 21.7022 18.7056 -69.2947 1 4.86216e-12
3872 1 27.4891 21.0439 -67.8628 1 1.87147e-11
3873 1 29.9692 21.0439 -69.2947 1 3.92957e-11
3877 1 26.6624 18.7056 -69.2947 1 1.136e-11
4327 1 29.9692 21.0439 -66.4309 1 3.31808e-11
4328 1 29.1425 18.7056 -67.8628 1 7.13823e-11
4331 1 26.6624 18.7056 -66.4309 1 1.45171e-11
4325 1 32.4493 21.0439 -67.8628 1 3.50779e-11
4330 1 31.6226 18.7056 -66.4309 1 1.87345e-11
4365 1 34.1027 18.7056 -67.8628 1 6.20745e-11
4366 1 31.6226 18.7056 -69.2947 1 2.01364e-11
2654 1 1.86134 25.7204 -66.4309 1 9.33907e-11
2670 1 1.86134 25.7204 -69.2947 1 6.1201e-11
2672 1 1.03464 23.3822 -67.8628 1 4.38717e-11
2673 1 3.51474 23.3822 -69.2947 1 2.97613e-11
2967 1 3.51474 23.3822 -66.4309 1 5.05572e-11
2668 1 4.34145 25.7204 -67.8628 1 6.14181e-11
2669 1 6.82155 25.7204 -69.2947 1 3.42388e-11
2963 1 6.82155 25.7204 -66.4309 1 5.877e-11
2964 1 5.99485 23.3822 -67.8628 1 4.18642e-11
2966 1 8.47496 23.3822 -66.4309 1 2.53118e-11
2992 1 8.47496 23.3822 -69.2947 1 1.85158e-11
2960 1 9.30166 25.7204 -67.8628 1 4.16573e-11
2962 1 11.7818 25.7204 -66.4309 1 7.20732e-11
2988 1 11.7818 25.7204 -69.2947 1 5.72762e-11
2990 1 10.9551 23.3822 -67.8628 1 5.10009e-11
2986 1 14.2619 25.7204 -67.8628 1 4.76307e-11
2987 1 16.742 25.7204 -69.2947 1 2.68132e-11
2991 1 13.4352 23.3822 -69.2947 1 2.06821e-11
3365 1 16.742 25.7204 -66.4309 1 5.33264e-11
3366 1 15.9153 23.3822 -67.8628 1 3.09187e-11
3369 1 13.4352 23.3822 -66.4309 1 4.44996e-11
3362 1 19.2221 25.7204 -67.8628 1 4.19282e-11
3368 1 18.3954 23.3822 -66.4309 1 5.66186e-11
3403 1 20.8755 23.3822 -67.8628 1 3.51033e-11
3405 1 18.3954 23.3822 -69.2947 1 2.21237e-11
3364 1 21.7022 25.7204 -66.4309 1 5.57352e-11
3399 1 24.1823 25.7204 -67.8628 1 4.66152e-11
3401 1 21.7022 25.7204 -69.2947 1 2.26859e-11
3404 1 23.3556 23.3822 -69.2947 1 1.82249e-11
3831 1 25.8357 23.3822 -67.8628 1 5.06951e-11
3834 1 23.3556 23.3822 -66.4309 1 4.85957e-11
3400 1 26.6624 25.7204 -69.2947 1 3.01288e-11
3827 1 29.1425 25.7204 -67.8628 1 9.47549e-11
3830 1 26.6624 25.7204 -66.4309 1 6.53466e-11
3833 1 28.3158 23.3822 -66.4309 1 4.35747e-11
3870 1 28.3158 23.3822 -69.2947 1 2.72258e-11
3829 1 31.6226 25.7204 -66.4309 1 7.26877e-11
3865 1 34.1027 25.7204 -67.8628 1 7.93868e-11
3866 1 31.6226 25.7204 -69.2947 1 4.0232e-11
3868 1 30.7959 23.3822 -67.8628 1 9.93758e-11
3869 1 33.276 23.3822 -69.2947 1 3.27719e-11
4324 1 33.276 23.3822 -66.4309 1 4.84505e-11
2450 1 1.03464 30.397 -67.8628 1 2.55114e-11
2451 1 3.51474 30.397 -69.2947 1 1.94464e-11
2452 1 0.207933 28.0587 -69.2947 1 2.22226e-11
2649 1 3.51474 30.397 -66.4309 1 1.59325e-11
2650 1 2.68804 28.0587 -67.8628 1 3.41384e-11
2653 1 0.207934 28.0587 -66.4309 1 3.17522e-11
2646 1 5.99485 30.397 -67.8628 1 1.44072e-11
2648 1 8.47496 30.397 -66.4309 1 1.28475e-11
2652 1 5.16815 28.0587 -66.4309 1 2.10866e-11
2662 1 8.47496 30.397 -69.2947 1 1.63909e-11
2664 1 7.64825 28.0587 -67.8628 1 4.36309e-11
2666 1 5.16815 28.0587 -69.2947 1 2.05798e-11
2660 1 10.9551 30.397 -67.8628 1 3.11688e-11
2665 1 10.1284 28.0587 -69.2947 1 2.49911e-11
2956 1 12.6085 28.0587 -67.8628 1 2.78221e-11
2959 1 10.1284 28.0587 -66.4309 1 3.11134e-11
2661 1 13.4352 30.397 -69.2947 1 1.08278e-11
2952 1 15.9153 30.397 -67.8628 1 1.80209e-11
2955 1 13.4352 30.397 -66.4309 1 9.52045e-12
2958 1 15.0886 28.0587 -66.4309 1 3.79594e-11
2984 1 15.0886 28.0587 -69.2947 1 2.76586e-11
2954 1 18.3954 30.397 -66.4309 1 1.39445e-11
2978 1 20.8755 30.397 -67.8628 1 2.16506e-11
2980 1 18.3954 30.397 -69.2947 1 8.82694e-12
2982 1 17.5687 28.0587 -67.8628 1 2.78497e-11
2983 1 20.0488 28.0587 -69.2947 1 2.56031e-11
3361 1 20.0488 28.0587 -66.4309 1 4.03812e-11
2979 1 23.3556 30.397 -69.2947 1 9.18043e-12
3354 1 25.8357 30.397 -67.8628 1 2.73643e-11
3357 1 23.3556 30.397 -66.4309 1 1.59504e-11
3358 1 22.5289 28.0587 -67.8628 1 3.01795e-11
3360 1 25.009 28.0587 -66.4309 1 2.93923e-11
3397 1 25.009 28.0587 -69.2947 1 3.12651e-11
3356 1 28.3158 30.397 -66.4309 1 3.11448e-11
3393 1 28.3158 30.397 -69.2947 1 2.7086e-11
3395 1 27.4891 28.0587 -67.8628 1 5.11827e-11
3396 1 29.9692 28.0587 -69.2947 1 4.81703e-11
3826 1 29.9692 28.0587 -66.4309 1 3.50532e-11
3391 1 30.7959 30.397 -67.8628 1 7.03834e-11
3392 1 33.276 30.397 -69.2947 1 2.80499e-11
3823 1 33.276 30.397 -66.4309 1 2.47356e-11
3824 1 32.4493 28.0587 -67.8628 1 5.16001e-11
2444 1 1.86134 32.7352 -66.4309 1 4.83703e-11
2448 1 1.86134 32.7352 -69.2947 1 5.19675e-11
3906 1 0.207933 35.0735 -69.2947 1 4.72626e-11
4360 1 2.68804 35.0735 -67.8628 1 5.33968e-11
4363 1 0.207934 35.0735 -66.4309 1 3.38257e-11
2446 1 4.34145 32.7352 -67.8628 1 4.74427e-11
2447 1 6.82155 32.7352 -69.2947 1 2.74474e-11
2645 1 6.82155 32.7352 -66.4309 1 2.21209e-11
4362 1 5.16815 35.0735 -66.4309 1 2.23965e-11
4396 1 7.64825 35.0735 -67.8628 1 6.35489e-11
4398 1 5.16815 35.0735 -69.2947 1 3.646e-11
2642 1 9.30166 32.7352 -67.8628 1 2.55956e-11
2644 1 11.7818 32.7352 -66.4309 1 3.37888e-11
2658 1 11.7818 32.7352 -69.2947 1 4.78567e-11
4397 1 10.1284 35.0735 -69.2947 1 5.26533e-11
4843 1 12.6085 35.0735 -67.8628 1 4.09663e-11
4846 1 10.1284 35.0735 -66.4309 1 3.40084e-11
2656 1 14.2619 32.7352 -67.8628 1 2.95778e-11
2657 1 16.742 32.7352 -69.2947 1 2.02781e-11
2951 1 16.742 32.7352 -66.4309 1 1.76491e-11
4845 1 15.0886 35.0735 -66.4309 1 4.07305e-11
4869 1 15.0886 35.0735 -69.2947 1 5.65526e-11
2948 1 19.2221 32.7352 -67.8628 1 2.46553e-11
4867 1 17.5687 35.0735 -67.8628 1 4.20612e-11
4868 1 20.0488 35.0735 -69.2947 1 5.56478e-11
5305 1 20.0488 35.0735 -66.4309 1 4.24219e-11
2950 1 21.7022 32.7352 -66.4309 1 1.80172e-11
2974 1 24.1823 32.7352 -67.8628 1 3.38232e-11
2976 1 21.7022 32.7352 -69.2947 1 1.67641e-11
5302 1 22.5289 35.0735 -67.8628 1 4.59852e-11
5304 1 25.009 35.0735 -66.4309 1 2.97368e-11
5316 1 25.009 35.0735 -69.2947 1 4.9008e-11
2975 1 26.6624 32.7352 -69.2947 1 2.70574e-11
3350 1 29.1425 32.7352 -67.8628 1 8.34067e-11
3353 1 26.6624 32.7352 -66.4309 1 2.40226e-11
5314 1 27.4891 35.0735 -67.8628 1 7.60671e-11
5315 1 29.9692 35.0735 -69.2947 1 8.01144e-11
5740 1 29.9692 35.0735 -66.4309 1 3.6897e-11
3352 1 31.6226 32.7352 -66.4309 1 2.9483e-11
3388 1 34.1027 32.7352 -67.8628 1 7.03595e-11
3389 1 31.6226 32.7352 -69.2947 1 3.59263e-11
5738 1 32.4493 35.0735 -67.8628 1 7.22882e-11
4320 1 1.03464 2.33775 -64.999 1 1.73989e-11
4321 1 1.03464 2.33775 -62.1352 1 1.24056e-11
4322 1 3.51474 2.33775 -63.5671 1 2.00899e-11
4357 1 5.99485 2.33775 -64.999 1 7.23727e-12
4776 1 5.99485 2.33775 -62.1352 1 2.9341e-12
4814 1 8.47496 2.33775 -63.5671 1 1.74033e-11
4811 1 10.9551 2.33775 -64.999 1 1.66659e-11
4812 1 10.9551 2.33775 -62.1352 1 1.24154e-11
4813 1 13.4352 2.33775 -63.5671 1 1.40415e-11
4840 1 15.9153 2.33775 -64.999 1 1.01632e-11
5259 1 15.9153 2.33775 -62.1352 1 4.6978e-12
5282 1 20.8755 2.33775 -64.999 1 1.81357e-11
5283 1 20.8755 2.33775 -62.1352 1 1.3831e-11
5285 1 18.3954 2.33775 -63.5671 1 1.72373e-11
5284 1 23.3556 2.33775 -63.5671 1 1.98069e-11
5299 1 25.8357 2.33775 -64.999 1 1.46387e-11
5718 1 25.8357 2.33775 -62.1352 1 8.8952e-12
5732 1 28.3158 2.33775 -63.5671 1 3.89461e-11
5729 1 30.7959 2.33775 -64.999 1 4.3319e-11
5730 1 30.7959 2.33775 -62.1352 1 3.49584e-11
5731 1 33.276 2.33775 -63.5671 1 3.2889e-11
3822 1 0.207934 7.01428 -63.5671 1 2.23872e-11
3860 1 2.68804 7.01428 -64.999 1 1.65103e-11
4276 1 2.68804 7.01428 -62.1352 1 8.71367e-12
4319 1 1.86134 4.67601 -63.5671 1 3.76948e-11
4312 1 7.64825 7.01428 -64.999 1 1.72702e-11
4313 1 7.64825 7.01428 -62.1352 1 1.05238e-11
4315 1 5.16815 7.01428 -63.5671 1 2.19072e-11
4316 1 4.34145 4.67602 -64.999 1 3.32631e-11
4317 1 4.34145 4.67602 -62.1352 1 2.14255e-11
4318 1 6.82155 4.67602 -63.5671 1 1.79512e-11
4314 1 10.1284 7.01428 -63.5671 1 1.55662e-11
4349 1 12.6085 7.01428 -64.999 1 1.29012e-11
4353 1 9.30166 4.67602 -64.999 1 6.46198e-12
4768 1 12.6085 7.01428 -62.1352 1 7.16289e-12
4772 1 9.30166 4.67602 -62.1352 1 1.36837e-12
4810 1 11.7818 4.67602 -63.5671 1 2.64863e-11
4806 1 15.0886 7.01428 -63.5671 1 2.01455e-11
4807 1 14.2619 4.67602 -64.999 1 7.68416e-12
4808 1 14.2619 4.67602 -62.1352 1 3.3918e-12
4809 1 16.742 4.67602 -63.5671 1 1.47913e-11
4803 1 17.5687 7.01428 -64.999 1 1.3087e-11
4804 1 17.5687 7.01428 -62.1352 1 6.88364e-12
4805 1 20.0488 7.01428 -63.5671 1 2.69232e-11
4836 1 19.2221 4.67602 -64.999 1 6.13694e-12
5255 1 19.2221 4.67601 -62.1352 1 1.3681e-12
4832 1 22.5289 7.01428 -64.999 1 1.66306e-11
5251 1 22.5289 7.01428 -62.1352 1 9.28116e-12
5277 1 25.009 7.01428 -63.5671 1 2.87082e-11
5278 1 24.1823 4.67601 -64.999 1 1.48535e-11
5279 1 24.1823 4.67601 -62.1352 1 7.34636e-12
5281 1 21.7022 4.67601 -63.5671 1 1.4149e-11
5274 1 27.4891 7.01428 -64.999 1 1.89146e-11
5275 1 27.4891 7.01428 -62.1352 1 1.15635e-11
5276 1 29.9692 7.01428 -63.5671 1 2.49307e-11
5280 1 26.6624 4.67601 -63.5671 1 1.74851e-11
5295 1 29.1425 4.67601 -64.999 1 4.86305e-11
5714 1 29.1425 4.67601 -62.1352 1 3.47931e-11
5292 1 32.4493 7.01428 -64.999 1 1.724e-11
5711 1 32.4493 7.01428 -62.1352 1 1.04719e-11
5726 1 34.1027 4.67601 -64.999 1 5.19349e-11
5727 1 34.1027 4.67601 -62.1352 1 3.90369e-11
5728 1 31.6226 4.67601 -63.5671 1 2.37972e-11
3818 1 1.86134 11.6908 -63.5671 1 4.30803e-11
3819 1 1.03464 9.35255 -64.999 1 1.90138e-11
3820 1 1.03464 9.35255 -62.1352 1 1.18768e-11
3821 1 3.51474 9.35255 -63.5671 1 1.8437e-11
3815 1 4.34145 11.6908 -64.999 1 5.19481e-11
3816 1 4.34145 11.6908 -62.1352 1 3.76089e-11
3817 1 6.82155 11.6908 -63.5671 1 3.21224e-11
3856 1 5.99485 9.35255 -64.999 1 8.96537e-12
4272 1 5.99485 9.35255 -62.1352 1 3.01404e-12
4311 1 8.47496 9.35255 -63.5671 1 1.55858e-11
3852 1 9.30166 11.6908 -64.999 1 2.17918e-11
4268 1 9.30166 11.6908 -62.1352 1 1.47665e-11
4307 1 11.7818 11.6908 -63.5671 1 4.09909e-11
4308 1 10.9551 9.35255 -64.999 1 1.61754e-11
4309 1 10.9551 9.35255 -62.1352 1 1.21765e-11
4304 1 14.2619 11.6908 -64.999 1 1.95228e-11
4305 1 14.2619 11.6908 -62.1352 1 1.41116e-11
4306 1 16.742 11.6908 -63.5671 1 3.01549e-11
4310 1 13.4352 9.35255 -63.5671 1 1.22451e-11
4345 1 15.9153 9.35255 -64.999 1 9.66709e-12
4764 1 15.9153 9.35255 -62.1352 1 3.9756e-12
4341 1 19.2221 11.6908 -64.999 1 1.70746e-11
4760 1 19.2221 11.6908 -62.1352 1 1.08938e-11
4799 1 20.8755 9.35255 -64.999 1 1.9175e-11
4800 1 20.8755 9.35255 -62.1352 1 1.30737e-11
4802 1 18.3954 9.35255 -63.5671 1 1.52695e-11
4795 1 24.1823 11.6908 -64.999 1 3.39581e-11
4796 1 24.1823 11.6908 -62.1352 1 2.48438e-11
4798 1 21.7022 11.6908 -63.5671 1 2.75519e-11
4801 1 23.3556 9.35255 -63.5671 1 1.79794e-11
4828 1 25.8357 9.35255 -64.999 1 1.62268e-11
5247 1 25.8357 9.35255 -62.1352 1 8.74161e-12
4797 1 26.6624 11.6908 -63.5671 1 2.72911e-11
4824 1 29.1425 11.6908 -64.999 1 6.63021e-11
5243 1 29.1425 11.6908 -62.1352 1 5.01617e-11
5273 1 28.3158 9.35255 -63.5671 1 3.70893e-11
5267 1 34.1027 11.6908 -64.999 1 7.58617e-11
5268 1 34.1027 11.6908 -62.1352 1 5.98071e-11
5269 1 31.6226 11.6908 -63.5671 1 2.88314e-11
5270 1 30.7959 9.35255 -64.999 1 4.6246e-11
5271 1 30.7959 9.35255 -62.1352 1 3.5153e-11
5272 1 33.276 9.35255 -63.5671 1 3.11411e-11
3346 1 1.03464 16.3674 -64.999 1 2.83626e-11
3347 1 1.03464 16.3674 -62.1352 1 2.08364e-11
3348 1 3.51474 16.3674 -63.5671 1 2.80438e-11
3349 1 0.207934 14.0291 -63.5671 1 6.48436e-11
3383 1 2.68804 14.0291 -64.999 1 3.65659e-11
3775 1 2.68804 14.0291 -62.1352 1 2.97191e-11
3379 1 5.99485 16.3674 -64.999 1 2.44328e-11
3771 1 5.99485 16.3674 -62.1352 1 1.99937e-11
3810 1 8.47496 16.3674 -63.5671 1 1.33428e-11
3811 1 7.64825 14.0291 -64.999 1 3.15359e-11
3812 1 7.64825 14.0291 -62.1352 1 2.49164e-11
3814 1 5.16815 14.0291 -63.5671 1 7.74927e-11
3807 1 10.9551 16.3674 -64.999 1 2.45759e-11
3808 1 10.9551 16.3674 -62.1352 1 2.27706e-11
3813 1 10.1284 14.0291 -63.5671 1 4.55117e-11
3848 1 12.6085 14.0291 -64.999 1 5.3258e-11
4264 1 12.6085 14.0291 -62.1352 1 4.63984e-11
3809 1 13.4352 16.3674 -63.5671 1 2.45767e-11
3844 1 15.9153 16.3674 -64.999 1 1.31888e-11
4260 1 15.9153 16.3674 -62.1352 1 8.93769e-12
4303 1 15.0886 14.0291 -63.5671 1 4.75843e-11
4296 1 20.8755 16.3674 -64.999 1 2.43439e-11
4297 1 20.8755 16.3674 -62.1352 1 1.86633e-11
4299 1 18.3954 16.3674 -63.5671 1 3.16937e-11
4300 1 17.5687 14.0291 -64.999 1 4.98409e-11
4301 1 17.5687 14.0291 -62.1352 1 4.22238e-11
4302 1 20.0488 14.0291 -63.5671 1 5.84532e-11
4298 1 23.3556 16.3674 -63.5671 1 2.76966e-11
4333 1 25.8357 16.3674 -64.999 1 3.06378e-11
4337 1 22.5289 14.0291 -64.999 1 4.80475e-11
4752 1 25.8357 16.3674 -62.1352 1 2.32403e-11
4756 1 22.5289 14.0291 -62.1352 1 3.95387e-11
4794 1 25.009 14.0291 -63.5671 1 8.66149e-11
4790 1 28.3158 16.3674 -63.5671 1 3.42518e-11
4791 1 27.4891 14.0291 -64.999 1 3.00851e-11
4792 1 27.4891 14.0291 -62.1352 1 2.3417e-11
4793 1 29.9692 14.0291 -63.5671 1 6.68773e-11
4787 1 30.7959 16.3674 -64.999 1 6.55799e-11
4788 1 30.7959 16.3674 -62.1352 1 5.46988e-11
4789 1 33.276 16.3674 -63.5671 1 3.25728e-11
4821 1 32.4493 14.0291 -64.999 1 4.14051e-11
5240 1 32.4493 14.0291 -62.1352 1 3.53186e-11
2947 1 0.207934 21.0439 -63.5671 1 4.65885e-11
2969 1 2.68804 21.0439 -64.999 1 2.23153e-11
3313 1 2.68804 21.0439 -62.1352 1 1.46633e-11
3345 1 1.86134 18.7056 -63.5671 1 3.72557e-11
3338 1 7.64825 21.0439 -64.999 1 1.87332e-11
3339 1 7.64825 21.0439 -62.1352 1 1.19743e-11
3341 1 5.16815 21.0439 -63.5671 1 5.5306e-11
3342 1 4.34145 18.7056 -64.999 1 3.28482e-11
3343 1 4.34145 18.7056 -62.1352 1 2.20942e-11
3344 1 6.82155 18.7056 -63.5671 1 1.72139e-11
3340 1 10.1284 21.0439 -63.5671 1 3.12003e-11
3371 1 12.6085 21.0439 -64.999 1 3.18213e-11
3375 1 9.30166 18.7056 -64.999 1 6.29074e-12
3763 1 12.6085 21.0439 -62.1352 1 2.56174e-11
3767 1 9.30166 18.7056 -62.1352 1 1.69909e-12
3806 1 11.7818 18.7056 -63.5671 1 2.56336e-11
3802 1 15.0886 21.0439 -63.5671 1 3.40937e-11
3803 1 14.2619 18.7056 -64.999 1 7.97552e-12
3804 1 14.2619 18.7056 -62.1352 1 3.42578e-12
3805 1 16.742 18.7056 -63.5671 1 1.3989e-11
3799 1 17.5687 21.0439 -64.999 1 2.94255e-11
3800 1 17.5687 21.0439 -62.1352 1 2.27638e-11
3801 1 20.0488 21.0439 -63.5671 1 4.38449e-11
3840 1 19.2221 18.7056 -64.999 1 6.77785e-12
4256 1 19.2221 18.7056 -62.1352 1 1.6001e-12
3836 1 22.5289 21.0439 -64.999 1 2.92979e-11
4252 1 22.5289 21.0439 -62.1352 1 2.17537e-11
4291 1 25.009 21.0439 -63.5671 1 6.42423e-11
4292 1 24.1823 18.7056 -64.999 1 1.48825e-11
4293 1 24.1823 18.7056 -62.1352 1 7.59939e-12
4295 1 21.7022 18.7056 -63.5671 1 1.34485e-11
4288 1 27.4891 21.0439 -64.999 1 1.8944e-11
4289 1 27.4891 21.0439 -62.1352 1 1.14243e-11
4290 1 29.9692 21.0439 -63.5671 1 4.89503e-11
4294 1 26.6624 18.7056 -63.5671 1 1.70485e-11
4329 1 29.1425 18.7056 -64.999 1 4.90408e-11
4748 1 29.1425 18.7056 -62.1352 1 3.56364e-11
4326 1 32.4493 21.0439 -64.999 1 2.58528e-11
4745 1 32.4493 21.0439 -62.1352 1 1.90535e-11
4784 1 34.1027 18.7056 -64.999 1 5.18902e-11
4785 1 34.1027 18.7056 -62.1352 1 3.96229e-11
4786 1 31.6226 18.7056 -63.5671 1 2.33099e-11
2943 1 1.86134 25.7204 -63.5671 1 9.5133e-11
2944 1 1.03464 23.3822 -64.999 1 4.55871e-11
2945 1 1.03464 23.3822 -62.1352 1 3.81081e-11
2946 1 3.51474 23.3822 -63.5671 1 4.87225e-11
2940 1 4.34145 25.7204 -64.999 1 6.77268e-11
2941 1 4.34145 25.7204 -62.1352 1 6.16698e-11
2942 1 6.82155 25.7204 -63.5671 1 6.07507e-11
2965 1 5.99485 23.3822 -64.999 1 4.5606e-11
3309 1 5.99485 23.3822 -62.1352 1 4.12153e-11
3337 1 8.47496 23.3822 -63.5671 1 2.72073e-11
2961 1 9.30166 25.7204 -64.999 1 4.62668e-11
3305 1 9.30166 25.7204 -62.1352 1 4.54661e-11
3333 1 11.7818 25.7204 -63.5671 1 6.84247e-11
3334 1 10.9551 23.3822 -64.999 1 4.30136e-11
3335 1 10.9551 23.3822 -62.1352 1 4.06787e-11
3330 1 14.2619 25.7204 -64.999 1 5.28261e-11
3331 1 14.2619 25.7204 -62.1352 1 5.1217e-11
3332 1 16.742 25.7204 -63.5671 1 5.52712e-11
3336 1 13.4352 23.3822 -63.5671 1 4.68861e-11
3367 1 15.9153 23.3822 -64.999 1 2.86185e-11
3759 1 15.9153 23.3822 -62.1352 1 2.41038e-11
3363 1 19.2221 25.7204 -64.999 1 5.32359e-11
3755 1 19.2221 25.7204 -62.1352 1 5.13519e-11
3795 1 20.8755 23.3822 -64.999 1 3.98655e-11
3796 1 20.8755 23.3822 -62.1352 1 3.42825e-11
3798 1 18.3954 23.3822 -63.5671 1 5.64629e-11
3791 1 24.1823 25.7204 -64.999 1 4.88302e-11
3792 1 24.1823 25.7204 -62.1352 1 4.46395e-11
3794 1 21.7022 25.7204 -63.5671 1 5.80107e-11
3797 1 23.3556 23.3822 -63.5671 1 4.8716e-11
3832 1 25.8357 23.3822 -64.999 1 5.14541e-11
4248 1 25.8357 23.3822 -62.1352 1 4.33279e-11
3793 1 26.6624 25.7204 -63.5671 1 6.77504e-11
3828 1 29.1425 25.7204 -64.999 1 8.58146e-11
4244 1 29.1425 25.7204 -62.1352 1 7.66299e-11
4287 1 28.3158 23.3822 -63.5671 1 4.80275e-11
4281 1 34.1027 25.7204 -64.999 1 7.92651e-11
4282 1 34.1027 25.7204 -62.1352 1 7.18114e-11
4283 1 31.6226 25.7204 -63.5671 1 8.17915e-11
4284 1 30.7959 23.3822 -64.999 1 8.86389e-11
4285 1 30.7959 23.3822 -62.1352 1 7.73681e-11
4286 1 33.276 23.3822 -63.5671 1 4.87203e-11
2638 1 1.03464 30.397 -64.999 1 1.95239e-11
2639 1 1.03464 30.397 -62.1352 1 1.31289e-11
2640 1 3.51474 30.397 -63.5671 1 2.0867e-11
2641 1 0.207934 28.0587 -63.5671 1 4.64687e-11
2651 1 2.68804 28.0587 -64.999 1 5.41613e-11
2923 1 2.68804 28.0587 -62.1352 1 4.29141e-11
2647 1 5.99485 30.397 -64.999 1 7.19805e-12
2919 1 5.99485 30.397 -62.1352 1 3.20086e-12
2935 1 8.47496 30.397 -63.5671 1 2.00806e-11
2936 1 7.64825 28.0587 -64.999 1 5.84999e-11
2937 1 7.64825 28.0587 -62.1352 1 4.95794e-11
2939 1 5.16815 28.0587 -63.5671 1 3.65429e-11
2932 1 10.9551 30.397 -64.999 1 1.68528e-11
2933 1 10.9551 30.397 -62.1352 1 1.37995e-11
2938 1 10.1284 28.0587 -63.5671 1 4.90223e-11
2957 1 12.6085 28.0587 -64.999 1 3.44838e-11
3301 1 12.6085 28.0587 -62.1352 1 2.80593e-11
2934 1 13.4352 30.397 -63.5671 1 1.47286e-11
2953 1 15.9153 30.397 -64.999 1 1.28543e-11
3297 1 15.9153 30.397 -62.1352 1 6.33561e-12
3329 1 15.0886 28.0587 -63.5671 1 5.54329e-11
3322 1 20.8755 30.397 -64.999 1 2.21875e-11
3323 1 20.8755 30.397 -62.1352 1 1.48858e-11
3325 1 18.3954 30.397 -63.5671 1 1.73667e-11
3326 1 17.5687 28.0587 -64.999 1 3.69752e-11
3327 1 17.5687 28.0587 -62.1352 1 3.07338e-11
3328 1 20.0488 28.0587 -63.5671 1 5.95434e-11
3324 1 23.3556 30.397 -63.5671 1 2.08917e-11
3355 1 25.8357 30.397 -64.999 1 1.70975e-11
3359 1 22.5289 28.0587 -64.999 1 4.44568e-11
3747 1 25.8357 30.397 -62.1352 1 9.23498e-12
3751 1 22.5289 28.0587 -62.1352 1 3.69436e-11
3790 1 25.009 28.0587 -63.5671 1 4.20559e-11
3786 1 28.3158 30.397 -63.5671 1 4.18341e-11
3787 1 27.4891 28.0587 -64.999 1 6.19871e-11
3788 1 27.4891 28.0587 -62.1352 1 5.26096e-11
3789 1 29.9692 28.0587 -63.5671 1 4.93978e-11
3783 1 30.7959 30.397 -64.999 1 4.49166e-11
3784 1 30.7959 30.397 -62.1352 1 3.44306e-11
3785 1 33.276 30.397 -63.5671 1 3.48784e-11
3825 1 32.4493 28.0587 -64.999 1 5.12665e-11
4241 1 32.4493 28.0587 -62.1352 1 4.18452e-11
2637 1 1.86134 32.7352 -63.5671 1 4.31065e-11
4323 1 0.207934 35.0735 -63.5671 1 3.60385e-11
4361 1 2.68804 35.0735 -64.999 1 4.40182e-11
4780 1 2.68804 35.0735 -62.1352 1 3.28269e-11
2634 1 4.34145 32.7352 -64.999 1 3.39824e-11
2635 1 4.34145 32.7352 -62.1352 1 2.44501e-11
2636 1 6.82155 32.7352 -63.5671 1 2.04021e-11
4815 1 7.64825 35.0735 -64.999 1 4.70745e-11
4816 1 7.64825 35.0735 -62.1352 1 3.86355e-11
4818 1 5.16815 35.0735 -63.5671 1 2.85421e-11
2643 1 9.30166 32.7352 -64.999 1 9.55158e-12
2915 1 9.30166 32.7352 -62.1352 1 5.25089e-12
2931 1 11.7818 32.7352 -63.5671 1 2.84912e-11
4817 1 10.1284 35.0735 -63.5671 1 3.60697e-11
4844 1 12.6085 35.0735 -64.999 1 2.72319e-11
5263 1 12.6085 35.0735 -62.1352 1 2.05007e-11
2928 1 14.2619 32.7352 -64.999 1 1.33104e-11
2929 1 14.2619 32.7352 -62.1352 1 8.09851e-12
2930 1 16.742 32.7352 -63.5671 1 1.66905e-11
5289 1 15.0886 35.0735 -63.5671 1 4.18465e-11
2949 1 19.2221 32.7352 -64.999 1 1.21405e-11
3293 1 19.2221 32.7352 -62.1352 1 6.80268e-12
5286 1 17.5687 35.0735 -64.999 1 2.90092e-11
5287 1 17.5687 35.0735 -62.1352 1 2.26508e-11
5288 1 20.0488 35.0735 -63.5671 1 4.64557e-11
3318 1 24.1823 32.7352 -64.999 1 1.60708e-11
3319 1 24.1823 32.7352 -62.1352 1 9.56642e-12
3321 1 21.7022 32.7352 -63.5671 1 1.68116e-11
5303 1 22.5289 35.0735 -64.999 1 3.53431e-11
5722 1 22.5289 35.0735 -62.1352 1 2.82025e-11
5736 1 25.009 35.0735 -63.5671 1 3.43579e-11
3320 1 26.6624 32.7352 -63.5671 1 2.16857e-11
3351 1 29.1425 32.7352 -64.999 1 4.99312e-11
3743 1 29.1425 32.7352 -62.1352 1 3.83841e-11
5733 1 27.4891 35.0735 -64.999 1 5.13414e-11
5734 1 27.4891 35.0735 -62.1352 1 4.11638e-11
5735 1 29.9692 35.0735 -63.5671 1 3.87074e-11
3780 1 34.1027 32.7352 -64.999 1 5.04719e-11
3781 1 34.1027 32.7352 -62.1352 1 4.00307e-11
3782 1 31.6226 32.7352 -63.5671 1 2.95781e-11
5739 1 32.4493 35.0735 -64.999 1 4.25307e-11
6158 1 32.4493 35.0735 -62.1352 1 3.22316e-11
4740 1 1.03464 2.33775 -59.2714 1 1.66111e-11
4742 1 3.51474 2.33775 -57.8395 1 1.68012e-11
4779 1 3.51474 2.33775 -60.7033 1 2.92814e-11
4777 1 5.99485 2.33775 -59.2714 1 7.27457e-12
4778 1 8.47496 2.33775 -60.7033 1 2.63202e-11
5234 1 8.47496 2.33775 -57.8395 1 1.45023e-11
5231 1 10.9551 2.33775 -59.2714 1 1.67997e-11
5233 1 13.4352 2.33775 -57.8395 1 8.4512e-12
5260 1 15.9153 2.33775 -59.2714 1 9.24792e-12
5262 1 13.4352 2.33775 -60.7033 1 2.00663e-11
5261 1 18.3954 2.33775 -60.7033 1 1.89639e-11
5702 1 20.8755 2.33775 -59.2714 1 1.80807e-11
5705 1 18.3954 2.33775 -57.8395 1 9.48684e-12
5704 1 23.3556 2.33775 -57.8395 1 1.17609e-11
5719 1 25.8357 2.33775 -59.2714 1 1.34312e-11
5721 1 23.3556 2.33775 -60.7033 1 2.11737e-11
5720 1 28.3158 2.33775 -60.7033 1 4.46249e-11
6152 1 28.3158 2.33775 -57.8395 1 3.22e-11
6149 1 30.7959 2.33775 -59.2714 1 3.80676e-11
6151 1 33.276 2.33775 -57.8395 1 2.66228e-11
6157 1 33.276 2.33775 -60.7033 1 3.92486e-11
4239 1 0.207933 7.01428 -57.8395 1 1.58312e-11
4277 1 2.68804 7.01428 -59.2714 1 1.27488e-11
4279 1 0.207933 7.01428 -60.7033 1 2.88224e-11
4280 1 1.86134 4.67601 -60.7033 1 4.43345e-11
4739 1 1.86134 4.67601 -57.8395 1 3.16723e-11
4278 1 5.16815 7.01428 -60.7033 1 3.0085e-11
4732 1 7.64825 7.01428 -59.2714 1 1.48441e-11
4735 1 5.16815 7.01428 -57.8395 1 1.70305e-11
4736 1 4.34145 4.67602 -59.2714 1 2.58264e-11
4738 1 6.82155 4.67602 -57.8395 1 1.44927e-11
4775 1 6.82155 4.67602 -60.7033 1 2.67785e-11
4734 1 10.1284 7.01428 -57.8395 1 8.49517e-12
4769 1 12.6085 7.01428 -59.2714 1 1.10093e-11
4771 1 10.1284 7.01428 -60.7033 1 2.13281e-11
4773 1 9.30166 4.67602 -59.2714 1 5.91294e-12
4774 1 11.7818 4.67602 -60.7033 1 3.34414e-11
5230 1 11.7818 4.67602 -57.8395 1 2.09821e-11
4770 1 15.0886 7.01428 -60.7033 1 2.33542e-11
5226 1 15.0886 7.01428 -57.8395 1 1.10209e-11
5227 1 14.2619 4.67602 -59.2714 1 7.40863e-12
5229 1 16.742 4.67602 -57.8395 1 7.88786e-12
5258 1 16.742 4.67602 -60.7033 1 1.93961e-11
5223 1 17.5687 7.01428 -59.2714 1 1.13607e-11
5225 1 20.0488 7.01428 -57.8395 1 1.58573e-11
5254 1 20.0488 7.01428 -60.7033 1 2.60214e-11
5256 1 19.2221 4.67601 -59.2714 1 5.25707e-12
5252 1 22.5289 7.01428 -59.2714 1 1.30319e-11
5253 1 25.009 7.01428 -60.7033 1 3.05762e-11
5257 1 21.7022 4.67601 -60.7033 1 1.64276e-11
5697 1 25.009 7.01428 -57.8395 1 2.03873e-11
5698 1 24.1823 4.67601 -59.2714 1 1.21593e-11
5701 1 21.7022 4.67601 -57.8395 1 6.61619e-12
5694 1 27.4891 7.01428 -59.2714 1 1.5382e-11
5696 1 29.9692 7.01428 -57.8395 1 1.56898e-11
5700 1 26.6624 4.67601 -57.8395 1 9.59302e-12
5713 1 29.9692 7.01428 -60.7033 1 2.84848e-11
5715 1 29.1425 4.67601 -59.2714 1 3.8183e-11
5717 1 26.6624 4.67601 -60.7033 1 2.16989e-11
5712 1 32.4493 7.01428 -59.2714 1 1.39044e-11
5716 1 31.6226 4.67601 -60.7033 1 2.86774e-11
6146 1 34.1027 4.67601 -59.2714 1 4.28711e-11
6148 1 31.6226 4.67601 -57.8395 1 1.57656e-11
3779 1 1.86134 11.6908 -60.7033 1 5.14471e-11
4235 1 1.86134 11.6908 -57.8395 1 3.85318e-11
4236 1 1.03464 9.35255 -59.2714 1 1.61539e-11
4238 1 3.51474 9.35255 -57.8395 1 1.63599e-11
4275 1 3.51474 9.35255 -60.7033 1 3.04695e-11
4232 1 4.34145 11.6908 -59.2714 1 4.08084e-11
4234 1 6.82155 11.6908 -57.8395 1 2.87341e-11
4271 1 6.82155 11.6908 -60.7033 1 4.11483e-11
4273 1 5.99485 9.35255 -59.2714 1 7.27992e-12
4274 1 8.47496 9.35255 -60.7033 1 2.66459e-11
4731 1 8.47496 9.35255 -57.8395 1 1.32842e-11
4269 1 9.30166 11.6908 -59.2714 1 1.89499e-11
4270 1 11.7818 11.6908 -60.7033 1 4.80839e-11
4727 1 11.7818 11.6908 -57.8395 1 3.52751e-11
4728 1 10.9551 9.35255 -59.2714 1 1.64504e-11
4724 1 14.2619 11.6908 -59.2714 1 1.82036e-11
4726 1 16.742 11.6908 -57.8395 1 2.29918e-11
4730 1 13.4352 9.35255 -57.8395 1 8.08128e-12
4763 1 16.742 11.6908 -60.7033 1 3.46603e-11
4765 1 15.9153 9.35255 -59.2714 1 8.55165e-12
4767 1 13.4352 9.35255 -60.7033 1 2.12531e-11
4761 1 19.2221 11.6908 -59.2714 1 1.49319e-11
4766 1 18.3954 9.35255 -60.7033 1 2.03311e-11
5219 1 20.8755 9.35255 -59.2714 1 1.74013e-11
5222 1 18.3954 9.35255 -57.8395 1 9.36929e-12
4762 1 21.7022 11.6908 -60.7033 1 3.02466e-11
5215 1 24.1823 11.6908 -59.2714 1 2.8812e-11
5218 1 21.7022 11.6908 -57.8395 1 2.02192e-11
5221 1 23.3556 9.35255 -57.8395 1 1.1272e-11
5248 1 25.8357 9.35255 -59.2714 1 1.32673e-11
5250 1 23.3556 9.35255 -60.7033 1 2.21319e-11
5217 1 26.6624 11.6908 -57.8395 1 2.04203e-11
5244 1 29.1425 11.6908 -59.2714 1 5.24705e-11
5246 1 26.6624 11.6908 -60.7033 1 3.26715e-11
5249 1 28.3158 9.35255 -60.7033 1 4.49628e-11
5693 1 28.3158 9.35255 -57.8395 1 3.09696e-11
5245 1 31.6226 11.6908 -60.7033 1 3.56225e-11
5687 1 34.1027 11.6908 -59.2714 1 6.19461e-11
5689 1 31.6226 11.6908 -57.8395 1 2.27492e-11
5690 1 30.7959 9.35255 -59.2714 1 3.81802e-11
5692 1 33.276 9.35255 -57.8395 1 2.56838e-11
5710 1 33.276 9.35255 -60.7033 1 3.99092e-11
3739 1 1.03464 16.3674 -59.2714 1 2.50838e-11
3741 1 3.51474 16.3674 -57.8395 1 2.75969e-11
3742 1 0.207933 14.0291 -57.8395 1 5.56845e-11
3774 1 3.51474 16.3674 -60.7033 1 4.07163e-11
3776 1 2.68804 14.0291 -59.2714 1 3.37371e-11
3778 1 0.207933 14.0291 -60.7033 1 6.88644e-11
3772 1 5.99485 16.3674 -59.2714 1 2.40782e-11
3773 1 8.47496 16.3674 -60.7033 1 2.45281e-11
3777 1 5.16815 14.0291 -60.7033 1 8.3597e-11
4227 1 8.47496 16.3674 -57.8395 1 1.15401e-11
4228 1 7.64825 14.0291 -59.2714 1 2.89167e-11
4231 1 5.16815 14.0291 -57.8395 1 7.04815e-11
4224 1 10.9551 16.3674 -59.2714 1 2.66278e-11
4230 1 10.1284 14.0291 -57.8395 1 3.67265e-11
4265 1 12.6085 14.0291 -59.2714 1 4.91964e-11
4267 1 10.1284 14.0291 -60.7033 1 4.97396e-11
4226 1 13.4352 16.3674 -57.8395 1 2.0526e-11
4261 1 15.9153 16.3674 -59.2714 1 1.30354e-11
4263 1 13.4352 16.3674 -60.7033 1 3.29034e-11
4266 1 15.0886 14.0291 -60.7033 1 4.91601e-11
4723 1 15.0886 14.0291 -57.8395 1 3.66765e-11
4262 1 18.3954 16.3674 -60.7033 1 3.60118e-11
4716 1 20.8755 16.3674 -59.2714 1 2.28651e-11
4719 1 18.3954 16.3674 -57.8395 1 2.6009e-11
4720 1 17.5687 14.0291 -59.2714 1 4.59825e-11
4722 1 20.0488 14.0291 -57.8395 1 4.53502e-11
4759 1 20.0488 14.0291 -60.7033 1 5.56013e-11
4718 1 23.3556 16.3674 -57.8395 1 2.15901e-11
4753 1 25.8357 16.3674 -59.2714 1 2.76766e-11
4755 1 23.3556 16.3674 -60.7033 1 3.15628e-11
4757 1 22.5289 14.0291 -59.2714 1 4.27039e-11
4758 1 25.009 14.0291 -60.7033 1 8.56586e-11
5214 1 25.009 14.0291 -57.8395 1 7.53521e-11
4754 1 28.3158 16.3674 -60.7033 1 4.21512e-11
5210 1 28.3158 16.3674 -57.8395 1 2.87269e-11
5211 1 27.4891 14.0291 -59.2714 1 2.69267e-11
5213 1 29.9692 14.0291 -57.8395 1 5.42503e-11
5242 1 29.9692 14.0291 -60.7033 1 6.7379e-11
5207 1 30.7959 16.3674 -59.2714 1 5.76194e-11
5209 1 33.276 16.3674 -57.8395 1 2.84634e-11
5239 1 33.276 16.3674 -60.7033 1 4.20291e-11
5241 1 32.4493 14.0291 -59.2714 1 3.87654e-11
3292 1 0.207933 21.0439 -57.8395 1 3.51619e-11
3314 1 2.68804 21.0439 -59.2714 1 1.89155e-11
3316 1 0.207933 21.0439 -60.7033 1 4.74355e-11
3317 1 1.86134 18.7056 -60.7033 1 4.43277e-11
3738 1 1.86134 18.7056 -57.8395 1 3.24569e-11
3315 1 5.16815 21.0439 -60.7033 1 5.79327e-11
3731 1 7.64825 21.0439 -59.2714 1 1.62446e-11
3734 1 5.16815 21.0439 -57.8395 1 4.5755e-11
3735 1 4.34145 18.7056 -59.2714 1 2.55163e-11
3737 1 6.82155 18.7056 -57.8395 1 1.43992e-11
3770 1 6.82155 18.7056 -60.7033 1 2.62482e-11
3733 1 10.1284 21.0439 -57.8395 1 1.97872e-11
3764 1 12.6085 21.0439 -59.2714 1 2.91183e-11
3766 1 10.1284 21.0439 -60.7033 1 3.19473e-11
3768 1 9.30166 18.7056 -59.2714 1 5.88999e-12
3769 1 11.7818 18.7056 -60.7033 1 3.29123e-11
4223 1 11.7818 18.7056 -57.8395 1 2.08917e-11
3765 1 15.0886 21.0439 -60.7033 1 3.21973e-11
4219 1 15.0886 21.0439 -57.8395 1 2.05405e-11
4220 1 14.2619 18.7056 -59.2714 1 7.68199e-12
4222 1 16.742 18.7056 -57.8395 1 7.71185e-12
4259 1 16.742 18.7056 -60.7033 1 1.87783e-11
4216 1 17.5687 21.0439 -59.2714 1 2.70486e-11
4218 1 20.0488 21.0439 -57.8395 1 2.80329e-11
4255 1 20.0488 21.0439 -60.7033 1 3.74898e-11
4257 1 19.2221 18.7056 -59.2714 1 5.62125e-12
4253 1 22.5289 21.0439 -59.2714 1 2.53262e-11
4254 1 25.009 21.0439 -60.7033 1 5.95296e-11
4258 1 21.7022 18.7056 -60.7033 1 1.59181e-11
4711 1 25.009 21.0439 -57.8395 1 5.01669e-11
4712 1 24.1823 18.7056 -59.2714 1 1.16809e-11
4715 1 21.7022 18.7056 -57.8395 1 6.61696e-12
4708 1 27.4891 21.0439 -59.2714 1 1.50856e-11
4710 1 29.9692 21.0439 -57.8395 1 3.41372e-11
4714 1 26.6624 18.7056 -57.8395 1 9.91379e-12
4747 1 29.9692 21.0439 -60.7033 1 4.63223e-11
4749 1 29.1425 18.7056 -59.2714 1 3.79389e-11
4751 1 26.6624 18.7056 -60.7033 1 2.13626e-11
4746 1 32.4493 21.0439 -59.2714 1 2.27661e-11
4750 1 31.6226 18.7056 -60.7033 1 2.8624e-11
5204 1 34.1027 18.7056 -59.2714 1 4.20446e-11
5206 1 31.6226 18.7056 -57.8395 1 1.65442e-11
2927 1 1.86134 25.7204 -60.7033 1 9.56424e-11
3288 1 1.86134 25.7204 -57.8395 1 8.49167e-11
3289 1 1.03464 23.3822 -59.2714 1 4.0592e-11
3291 1 3.51474 23.3822 -57.8395 1 4.41506e-11
3312 1 3.51474 23.3822 -60.7033 1 5.61977e-11
3285 1 4.34145 25.7204 -59.2714 1 6.38253e-11
3287 1 6.82155 25.7204 -57.8395 1 5.41351e-11
3308 1 6.82155 25.7204 -60.7033 1 6.53232e-11
3310 1 5.99485 23.3822 -59.2714 1 4.32243e-11
3311 1 8.47496 23.3822 -60.7033 1 3.4046e-11
3730 1 8.47496 23.3822 -57.8395 1 2.2081e-11
3306 1 9.30166 25.7204 -59.2714 1 4.76214e-11
3307 1 11.7818 25.7204 -60.7033 1 7.15356e-11
3726 1 11.7818 25.7204 -57.8395 1 6.05509e-11
3727 1 10.9551 23.3822 -59.2714 1 4.27221e-11
3723 1 14.2619 25.7204 -59.2714 1 5.33136e-11
3725 1 16.742 25.7204 -57.8395 1 4.5956e-11
3729 1 13.4352 23.3822 -57.8395 1 3.76094e-11
3758 1 16.742 25.7204 -60.7033 1 5.62366e-11
3760 1 15.9153 23.3822 -59.2714 1 2.65195e-11
3762 1 13.4352 23.3822 -60.7033 1 4.89678e-11
3756 1 19.2221 25.7204 -59.2714 1 5.31148e-11
3761 1 18.3954 23.3822 -60.7033 1 5.40632e-11
4212 1 20.8755 23.3822 -59.2714 1 3.67917e-11
4215 1 18.3954 23.3822 -57.8395 1 4.50233e-11
3757 1 21.7022 25.7204 -60.7033 1 5.58249e-11
4208 1 24.1823 25.7204 -59.2714 1 4.71362e-11
4211 1 21.7022 25.7204 -57.8395 1 4.74478e-11
4214 1 23.3556 23.3822 -57.8395 1 3.77184e-11
4249 1 25.8357 23.3822 -59.2714 1 4.57476e-11
4251 1 23.3556 23.3822 -60.7033 1 4.67569e-11
4210 1 26.6624 25.7204 -57.8395 1 5.5509e-11
4245 1 29.1425 25.7204 -59.2714 1 7.74055e-11
4247 1 26.6624 25.7204 -60.7033 1 6.60589e-11
4250 1 28.3158 23.3822 -60.7033 1 5.15059e-11
4707 1 28.3158 23.3822 -57.8395 1 3.90779e-11
4246 1 31.6226 25.7204 -60.7033 1 8.01345e-11
4701 1 34.1027 25.7204 -59.2714 1 7.32919e-11
4703 1 31.6226 25.7204 -57.8395 1 6.87839e-11
4704 1 30.7959 23.3822 -59.2714 1 7.79919e-11
4706 1 33.276 23.3822 -57.8395 1 4.11301e-11
4744 1 33.276 23.3822 -60.7033 1 5.36954e-11
2911 1 1.03464 30.397 -59.2714 1 1.7122e-11
2913 1 3.51474 30.397 -57.8395 1 1.71863e-11
2914 1 0.207933 28.0587 -57.8395 1 3.52502e-11
2922 1 3.51474 30.397 -60.7033 1 2.96663e-11
2924 1 2.68804 28.0587 -59.2714 1 4.60372e-11
2926 1 0.207933 28.0587 -60.7033 1 4.75496e-11
2920 1 5.99485 30.397 -59.2714 1 7.3435e-12
2921 1 8.47496 30.397 -60.7033 1 2.7771e-11
2925 1 5.16815 28.0587 -60.7033 1 3.89172e-11
3280 1 8.47496 30.397 -57.8395 1 1.56551e-11
3281 1 7.64825 28.0587 -59.2714 1 5.32034e-11
3284 1 5.16815 28.0587 -57.8395 1 2.64883e-11
3277 1 10.9551 30.397 -59.2714 1 1.72394e-11
3283 1 10.1284 28.0587 -57.8395 1 3.64491e-11
3302 1 12.6085 28.0587 -59.2714 1 3.17263e-11
3304 1 10.1284 28.0587 -60.7033 1 4.8649e-11
3279 1 13.4352 30.397 -57.8395 1 8.77411e-12
3298 1 15.9153 30.397 -59.2714 1 1.00088e-11
3300 1 13.4352 30.397 -60.7033 1 2.03543e-11
3303 1 15.0886 28.0587 -60.7033 1 5.26284e-11
3722 1 15.0886 28.0587 -57.8395 1 4.08709e-11
3299 1 18.3954 30.397 -60.7033 1 1.88974e-11
3715 1 20.8755 30.397 -59.2714 1 1.88093e-11
3718 1 18.3954 30.397 -57.8395 1 9.56808e-12
3719 1 17.5687 28.0587 -59.2714 1 3.47366e-11
3721 1 20.0488 28.0587 -57.8395 1 4.28931e-11
3754 1 20.0488 28.0587 -60.7033 1 5.25456e-11
3717 1 23.3556 30.397 -57.8395 1 1.22167e-11
3748 1 25.8357 30.397 -59.2714 1 1.36355e-11
3750 1 23.3556 30.397 -60.7033 1 2.16728e-11
3752 1 22.5289 28.0587 -59.2714 1 4.00911e-11
3753 1 25.009 28.0587 -60.7033 1 3.83049e-11
4207 1 25.009 28.0587 -57.8395 1 2.87346e-11
3749 1 28.3158 30.397 -60.7033 1 4.61719e-11
4203 1 28.3158 30.397 -57.8395 1 3.33913e-11
4204 1 27.4891 28.0587 -59.2714 1 5.56661e-11
4206 1 29.9692 28.0587 -57.8395 1 3.60617e-11
4243 1 29.9692 28.0587 -60.7033 1 4.80486e-11
4200 1 30.7959 30.397 -59.2714 1 3.80209e-11
4202 1 33.276 30.397 -57.8395 1 2.75103e-11
4240 1 33.276 30.397 -60.7033 1 4.03301e-11
4242 1 32.4493 28.0587 -59.2714 1 4.43816e-11
2633 1 1.86134 32.7352 -60.7033 1 5.12787e-11
2910 1 1.86134 32.7352 -57.8395 1 3.90778e-11
4743 1 0.207933 35.0735 -57.8395 1 2.85553e-11
4781 1 2.68804 35.0735 -59.2714 1 3.67582e-11
4783 1 0.207933 35.0735 -60.7033 1 4.09871e-11
2907 1 4.34145 32.7352 -59.2714 1 2.84306e-11
2909 1 6.82155 32.7352 -57.8395 1 1.76152e-11
2918 1 6.82155 32.7352 -60.7033 1 2.98383e-11
4782 1 5.16815 35.0735 -60.7033 1 3.41703e-11
5235 1 7.64825 35.0735 -59.2714 1 4.29993e-11
5238 1 5.16815 35.0735 -57.8395 1 2.16351e-11
2916 1 9.30166 32.7352 -59.2714 1 9.67991e-12
2917 1 11.7818 32.7352 -60.7033 1 3.64091e-11
3276 1 11.7818 32.7352 -57.8395 1 2.40992e-11
5237 1 10.1284 35.0735 -57.8395 1 2.81603e-11
5264 1 12.6085 35.0735 -59.2714 1 2.48127e-11
5266 1 10.1284 35.0735 -60.7033 1 4.0428e-11
3273 1 14.2619 32.7352 -59.2714 1 1.24869e-11
3275 1 16.742 32.7352 -57.8395 1 1.05273e-11
3296 1 16.742 32.7352 -60.7033 1 2.1918e-11
5265 1 15.0886 35.0735 -60.7033 1 4.40325e-11
5709 1 15.0886 35.0735 -57.8395 1 3.22256e-11
3294 1 19.2221 32.7352 -59.2714 1 1.09416e-11
5706 1 17.5687 35.0735 -59.2714 1 2.73178e-11
5708 1 20.0488 35.0735 -57.8395 1 3.47755e-11
5725 1 20.0488 35.0735 -60.7033 1 4.44935e-11
3295 1 21.7022 32.7352 -60.7033 1 1.97104e-11
3711 1 24.1823 32.7352 -59.2714 1 1.38617e-11
3714 1 21.7022 32.7352 -57.8395 1 1.01279e-11
5723 1 22.5289 35.0735 -59.2714 1 3.19636e-11
5724 1 25.009 35.0735 -60.7033 1 3.37626e-11
6156 1 25.009 35.0735 -57.8395 1 2.40875e-11
3713 1 26.6624 32.7352 -57.8395 1 1.4698e-11
3744 1 29.1425 32.7352 -59.2714 1 4.11726e-11
3746 1 26.6624 32.7352 -60.7033 1 2.65061e-11
6153 1 27.4891 35.0735 -59.2714 1 4.50553e-11
6155 1 29.9692 35.0735 -57.8395 1 2.91883e-11
6160 1 29.9692 35.0735 -60.7033 1 4.13505e-11
3745 1 31.6226 32.7352 -60.7033 1 3.56046e-11
4197 1 34.1027 32.7352 -59.2714 1 4.31289e-11
4199 1 31.6226 32.7352 -57.8395 1 2.30891e-11
6159 1 32.4493 35.0735 -59.2714 1 3.5611e-11
4741 1 1.03464 2.33775 -56.4076 1 1.75777e-11
5160 1 1.03464 2.33775 -53.5439 1 1.31853e-11
5199 1 3.51474 2.33775 -54.9757 1 1.05544e-11
5196 1 5.99485 2.33775 -56.4076 1 7.9809e-12
5197 1 5.99485 2.33775 -53.5439 1 3.64488e-12
5198 1 8.47496 2.33775 -54.9757 1 8.38951e-12
5232 1 10.9551 2.33775 -56.4076 1 1.79222e-11
5651 1 10.9551 2.33775 -53.5439 1 1.34071e-11
5679 1 15.9153 2.33775 -56.4076 1 1.09509e-11
5680 1 15.9153 2.33775 -53.5439 1 6.24986e-12
5682 1 13.4352 2.33775 -54.9757 1 2.62164e-12
5681 1 18.3954 2.33775 -54.9757 1 3.95043e-12
5703 1 20.8755 2.33775 -56.4076 1 1.9581e-11
6122 1 20.8755 2.33775 -53.5439 1 1.49308e-11
6138 1 25.8357 2.33775 -56.4076 1 1.55144e-11
6139 1 25.8357 2.33775 -53.5439 1 1.06756e-11
6141 1 23.3556 2.33775 -54.9757 1 6.44761e-12
6140 1 28.3158 2.33775 -54.9757 1 2.65423e-11
6150 1 30.7959 2.33775 -56.4076 1 3.94867e-11
6569 1 30.7959 2.33775 -53.5439 1 3.49022e-11
6577 1 33.276 2.33775 -54.9757 1 2.06026e-11
4696 1 2.68804 7.01428 -56.4076 1 1.37535e-11
4697 1 2.68804 7.01428 -53.5439 1 9.39154e-12
4699 1 0.207933 7.01428 -54.9757 1 9.50976e-12
4700 1 1.86134 4.67601 -54.9757 1 2.54793e-11
4698 1 5.16815 7.01428 -54.9757 1 1.0577e-11
4733 1 7.64825 7.01428 -56.4076 1 1.58942e-11
4737 1 4.34145 4.67602 -56.4076 1 2.67879e-11
5152 1 7.64825 7.01428 -53.5439 1 1.14338e-11
5156 1 4.34145 4.67602 -53.5439 1 2.24694e-11
5195 1 6.82155 4.67602 -54.9757 1 8.38108e-12
5188 1 12.6085 7.01428 -56.4076 1 1.23612e-11
5189 1 12.6085 7.01428 -53.5439 1 7.7824e-12
5191 1 10.1284 7.01428 -54.9757 1 2.28643e-12
5192 1 9.30166 4.67602 -56.4076 1 6.78646e-12
5193 1 9.30166 4.67602 -53.5439 1 2.33923e-12
5194 1 11.7818 4.67602 -54.9757 1 1.51137e-11
5190 1 15.0886 7.01428 -54.9757 1 5.09923e-12
5228 1 14.2619 4.67602 -56.4076 1 8.76413e-12
5647 1 14.2619 4.67602 -53.5439 1 4.17927e-12
5678 1 16.742 4.67602 -54.9757 1 2.30646e-12
5224 1 17.5687 7.01428 -56.4076 1 1.3216e-11
5643 1 17.5687 7.01428 -53.5439 1 8.48964e-12
5674 1 20.0488 7.01428 -54.9757 1 1.01539e-11
5675 1 19.2221 4.67601 -56.4076 1 6.77e-12
5676 1 19.2221 4.67601 -53.5439 1 2.15037e-12
5671 1 22.5289 7.01428 -56.4076 1 1.47732e-11
5672 1 22.5289 7.01428 -53.5439 1 1.00942e-11
5673 1 25.009 7.01428 -54.9757 1 1.4856e-11
5677 1 21.7022 4.67601 -54.9757 1 1.19868e-12
5699 1 24.1823 4.67601 -56.4076 1 1.41027e-11
6118 1 24.1823 4.67601 -53.5439 1 9.35629e-12
5695 1 27.4891 7.01428 -56.4076 1 1.74792e-11
6114 1 27.4891 7.01428 -53.5439 1 1.26107e-11
6133 1 29.9692 7.01428 -54.9757 1 9.77603e-12
6134 1 29.1425 4.67601 -56.4076 1 4.02561e-11
6135 1 29.1425 4.67601 -53.5439 1 3.56206e-11
6137 1 26.6624 4.67601 -54.9757 1 4.21951e-12
6131 1 32.4493 7.01428 -56.4076 1 1.5315e-11
6132 1 32.4493 7.01428 -53.5439 1 1.07087e-11
6136 1 31.6226 4.67601 -54.9757 1 9.94291e-12
6147 1 34.1027 4.67601 -56.4076 1 4.41439e-11
6566 1 34.1027 4.67601 -53.5439 1 3.97557e-11
4196 1 1.86134 11.6908 -54.9757 1 3.21395e-11
4237 1 1.03464 9.35255 -56.4076 1 1.70128e-11
4656 1 1.03464 9.35255 -53.5439 1 1.26773e-11
4695 1 3.51474 9.35255 -54.9757 1 1.01715e-11
4233 1 4.34145 11.6908 -56.4076 1 4.17193e-11
4652 1 4.34145 11.6908 -53.5439 1 3.74034e-11
4691 1 6.82155 11.6908 -54.9757 1 2.23581e-11
4692 1 5.99485 9.35255 -56.4076 1 7.85764e-12
4693 1 5.99485 9.35255 -53.5439 1 3.58921e-12
4694 1 8.47496 9.35255 -54.9757 1 7.26286e-12
4688 1 9.30166 11.6908 -56.4076 1 1.97614e-11
4689 1 9.30166 11.6908 -53.5439 1 1.52728e-11
4690 1 11.7818 11.6908 -54.9757 1 2.91823e-11
4729 1 10.9551 9.35255 -56.4076 1 1.74397e-11
5148 1 10.9551 9.35255 -53.5439 1 1.29674e-11
4725 1 14.2619 11.6908 -56.4076 1 1.94953e-11
5144 1 14.2619 11.6908 -53.5439 1 1.48537e-11
5183 1 16.742 11.6908 -54.9757 1 1.72081e-11
5184 1 15.9153 9.35255 -56.4076 1 1.01415e-11
5185 1 15.9153 9.35255 -53.5439 1 5.4789e-12
5187 1 13.4352 9.35255 -54.9757 1 2.31507e-12
5180 1 19.2221 11.6908 -56.4076 1 1.64744e-11
5181 1 19.2221 11.6908 -53.5439 1 1.17939e-11
5186 1 18.3954 9.35255 -54.9757 1 3.88444e-12
5220 1 20.8755 9.35255 -56.4076 1 1.88127e-11
5639 1 20.8755 9.35255 -53.5439 1 1.42186e-11
5182 1 21.7022 11.6908 -54.9757 1 1.45907e-11
5216 1 24.1823 11.6908 -56.4076 1 3.0649e-11
5635 1 24.1823 11.6908 -53.5439 1 2.58918e-11
5667 1 25.8357 9.35255 -56.4076 1 1.52575e-11
5668 1 25.8357 9.35255 -53.5439 1 1.04862e-11
5670 1 23.3556 9.35255 -54.9757 1 6.01626e-12
5663 1 29.1425 11.6908 -56.4076 1 5.45195e-11
5664 1 29.1425 11.6908 -53.5439 1 4.98785e-11
5666 1 26.6624 11.6908 -54.9757 1 1.47913e-11
5669 1 28.3158 9.35255 -54.9757 1 2.53912e-11
5665 1 31.6226 11.6908 -54.9757 1 1.66783e-11
5688 1 34.1027 11.6908 -56.4076 1 6.31927e-11
5691 1 30.7959 9.35255 -56.4076 1 3.94999e-11
6107 1 34.1027 11.6908 -53.5439 1 5.88186e-11
6110 1 30.7959 9.35255 -53.5439 1 3.50095e-11
6130 1 33.276 9.35255 -54.9757 1 1.9741e-11
3740 1 1.03464 16.3674 -56.4076 1 2.60695e-11
4156 1 1.03464 16.3674 -53.5439 1 2.17496e-11
4191 1 3.51474 16.3674 -54.9757 1 2.14036e-11
4192 1 2.68804 14.0291 -56.4076 1 3.41635e-11
4193 1 2.68804 14.0291 -53.5439 1 2.98674e-11
4195 1 0.207933 14.0291 -54.9757 1 4.90495e-11
4188 1 5.99485 16.3674 -56.4076 1 2.46569e-11
4189 1 5.99485 16.3674 -53.5439 1 2.04418e-11
4190 1 8.47496 16.3674 -54.9757 1 5.57592e-12
4194 1 5.16815 14.0291 -54.9757 1 6.36364e-11
4229 1 7.64825 14.0291 -56.4076 1 2.95322e-11
4648 1 7.64825 14.0291 -53.5439 1 2.51206e-11
4225 1 10.9551 16.3674 -56.4076 1 2.77126e-11
4644 1 10.9551 16.3674 -53.5439 1 2.32944e-11
4684 1 12.6085 14.0291 -56.4076 1 5.02081e-11
4685 1 12.6085 14.0291 -53.5439 1 4.5727e-11
4687 1 10.1284 14.0291 -54.9757 1 3.02855e-11
4680 1 15.9153 16.3674 -56.4076 1 1.46942e-11
4681 1 15.9153 16.3674 -53.5439 1 1.01038e-11
4683 1 13.4352 16.3674 -54.9757 1 1.48267e-11
4686 1 15.0886 14.0291 -54.9757 1 3.05004e-11
4682 1 18.3954 16.3674 -54.9757 1 2.06188e-11
4717 1 20.8755 16.3674 -56.4076 1 2.43527e-11
4721 1 17.5687 14.0291 -56.4076 1 4.74467e-11
5136 1 20.8755 16.3674 -53.5439 1 1.97983e-11
5140 1 17.5687 14.0291 -53.5439 1 4.28045e-11
5179 1 20.0488 14.0291 -54.9757 1 3.93787e-11
5172 1 25.8357 16.3674 -56.4076 1 2.97782e-11
5173 1 25.8357 16.3674 -53.5439 1 2.50372e-11
5175 1 23.3556 16.3674 -54.9757 1 1.64092e-11
5176 1 22.5289 14.0291 -56.4076 1 4.41038e-11
5177 1 22.5289 14.0291 -53.5439 1 3.94934e-11
5178 1 25.009 14.0291 -54.9757 1 6.95993e-11
5174 1 28.3158 16.3674 -54.9757 1 2.32601e-11
5212 1 27.4891 14.0291 -56.4076 1 2.8527e-11
5631 1 27.4891 14.0291 -53.5439 1 2.37417e-11
5662 1 29.9692 14.0291 -54.9757 1 4.80805e-11
5208 1 30.7959 16.3674 -56.4076 1 5.90368e-11
5627 1 30.7959 16.3674 -53.5439 1 5.45792e-11
5659 1 33.276 16.3674 -54.9757 1 2.26515e-11
5660 1 32.4493 14.0291 -56.4076 1 3.97443e-11
5661 1 32.4493 14.0291 -53.5439 1 3.51711e-11
3706 1 2.68804 21.0439 -56.4076 1 1.97892e-11
3707 1 2.68804 21.0439 -53.5439 1 1.54266e-11
3709 1 0.207933 21.0439 -54.9757 1 2.8761e-11
3710 1 1.86134 18.7056 -54.9757 1 2.64215e-11
3708 1 5.16815 21.0439 -54.9757 1 3.91864e-11
3732 1 7.64825 21.0439 -56.4076 1 1.72458e-11
3736 1 4.34145 18.7056 -56.4076 1 2.67026e-11
4148 1 7.64825 21.0439 -53.5439 1 1.27673e-11
4152 1 4.34145 18.7056 -53.5439 1 2.23647e-11
4187 1 6.82155 18.7056 -54.9757 1 8.38493e-12
4180 1 12.6085 21.0439 -56.4076 1 3.04857e-11
4181 1 12.6085 21.0439 -53.5439 1 2.58972e-11
4183 1 10.1284 21.0439 -54.9757 1 1.35453e-11
4184 1 9.30166 18.7056 -56.4076 1 6.98275e-12
4185 1 9.30166 18.7056 -53.5439 1 2.48224e-12
4186 1 11.7818 18.7056 -54.9757 1 1.51137e-11
4182 1 15.0886 21.0439 -54.9757 1 1.45618e-11
4221 1 14.2619 18.7056 -56.4076 1 9.2684e-12
4640 1 14.2619 18.7056 -53.5439 1 4.6011e-12
4679 1 16.742 18.7056 -54.9757 1 2.19873e-12
4217 1 17.5687 21.0439 -56.4076 1 2.88361e-11
4636 1 17.5687 21.0439 -53.5439 1 2.40923e-11
4675 1 20.0488 21.0439 -54.9757 1 2.22644e-11
4676 1 19.2221 18.7056 -56.4076 1 7.39495e-12
4677 1 19.2221 18.7056 -53.5439 1 2.70368e-12
4672 1 22.5289 21.0439 -56.4076 1 2.69985e-11
4673 1 22.5289 21.0439 -53.5439 1 2.22966e-11
4674 1 25.009 21.0439 -54.9757 1 4.46308e-11
4678 1 21.7022 18.7056 -54.9757 1 1.28563e-12
4713 1 24.1823 18.7056 -56.4076 1 1.38444e-11
5132 1 24.1823 18.7056 -53.5439 1 9.05063e-12
4709 1 27.4891 21.0439 -56.4076 1 1.70316e-11
5128 1 27.4891 21.0439 -53.5439 1 1.21789e-11
5167 1 29.9692 21.0439 -54.9757 1 2.81734e-11
5168 1 29.1425 18.7056 -56.4076 1 4.0256e-11
5169 1 29.1425 18.7056 -53.5439 1 3.56066e-11
5171 1 26.6624 18.7056 -54.9757 1 4.6637e-12
5165 1 32.4493 21.0439 -56.4076 1 2.41347e-11
5166 1 32.4493 21.0439 -53.5439 1 1.95002e-11
5170 1 31.6226 18.7056 -54.9757 1 1.08747e-11
5205 1 34.1027 18.7056 -56.4076 1 4.35338e-11
5624 1 34.1027 18.7056 -53.5439 1 3.9139e-11
3272 1 1.86134 25.7204 -54.9757 1 7.8984e-11
3290 1 1.03464 23.3822 -56.4076 1 4.17068e-11
3682 1 1.03464 23.3822 -53.5439 1 3.7368e-11
3705 1 3.51474 23.3822 -54.9757 1 3.80305e-11
3286 1 4.34145 25.7204 -56.4076 1 6.48966e-11
3678 1 4.34145 25.7204 -53.5439 1 6.068e-11
3701 1 6.82155 25.7204 -54.9757 1 4.83187e-11
3702 1 5.99485 23.3822 -56.4076 1 4.38709e-11
3703 1 5.99485 23.3822 -53.5439 1 3.96702e-11
3704 1 8.47496 23.3822 -54.9757 1 1.62113e-11
3698 1 9.30166 25.7204 -56.4076 1 4.86011e-11
3699 1 9.30166 25.7204 -53.5439 1 4.42561e-11
3700 1 11.7818 25.7204 -54.9757 1 5.49043e-11
3728 1 10.9551 23.3822 -56.4076 1 4.39112e-11
4144 1 10.9551 23.3822 -53.5439 1 3.94964e-11
3724 1 14.2619 25.7204 -56.4076 1 5.47893e-11
4140 1 14.2619 25.7204 -53.5439 1 5.02707e-11
4175 1 16.742 25.7204 -54.9757 1 4.0557e-11
4176 1 15.9153 23.3822 -56.4076 1 2.82542e-11
4177 1 15.9153 23.3822 -53.5439 1 2.36604e-11
4179 1 13.4352 23.3822 -54.9757 1 3.20549e-11
4172 1 19.2221 25.7204 -56.4076 1 5.46842e-11
4173 1 19.2221 25.7204 -53.5439 1 5.01594e-11
4178 1 18.3954 23.3822 -54.9757 1 3.98042e-11
4213 1 20.8755 23.3822 -56.4076 1 3.83703e-11
4632 1 20.8755 23.3822 -53.5439 1 3.37978e-11
4174 1 21.7022 25.7204 -54.9757 1 4.2255e-11
4209 1 24.1823 25.7204 -56.4076 1 4.92926e-11
4628 1 24.1823 25.7204 -53.5439 1 4.46225e-11
4668 1 25.8357 23.3822 -56.4076 1 4.7948e-11
4669 1 25.8357 23.3822 -53.5439 1 4.31987e-11
4671 1 23.3556 23.3822 -54.9757 1 3.26518e-11
4664 1 29.1425 25.7204 -56.4076 1 7.96048e-11
4665 1 29.1425 25.7204 -53.5439 1 7.51063e-11
4667 1 26.6624 25.7204 -54.9757 1 5.04913e-11
4670 1 28.3158 23.3822 -54.9757 1 3.36887e-11
4666 1 31.6226 25.7204 -54.9757 1 6.33207e-11
4702 1 34.1027 25.7204 -56.4076 1 7.4617e-11
4705 1 30.7959 23.3822 -56.4076 1 7.95246e-11
5121 1 34.1027 25.7204 -53.5439 1 7.03485e-11
5124 1 30.7959 23.3822 -53.5439 1 7.50701e-11
5164 1 33.276 23.3822 -54.9757 1 3.54189e-11
2912 1 1.03464 30.397 -56.4076 1 1.82558e-11
3256 1 1.03464 30.397 -53.5439 1 1.37844e-11
3267 1 3.51474 30.397 -54.9757 1 1.10352e-11
3268 1 2.68804 28.0587 -56.4076 1 4.70836e-11
3269 1 2.68804 28.0587 -53.5439 1 4.27375e-11
3271 1 0.207933 28.0587 -54.9757 1 2.8882e-11
3264 1 5.99485 30.397 -56.4076 1 8.21262e-12
3265 1 5.99485 30.397 -53.5439 1 3.80373e-12
3266 1 8.47496 30.397 -54.9757 1 9.59481e-12
3270 1 5.16815 28.0587 -54.9757 1 2.00608e-11
3282 1 7.64825 28.0587 -56.4076 1 5.41855e-11
3674 1 7.64825 28.0587 -53.5439 1 4.9748e-11
3278 1 10.9551 30.397 -56.4076 1 1.85152e-11
3670 1 10.9551 30.397 -53.5439 1 1.39395e-11
3694 1 12.6085 28.0587 -56.4076 1 3.2943e-11
3695 1 12.6085 28.0587 -53.5439 1 2.83608e-11
3697 1 10.1284 28.0587 -54.9757 1 3.01015e-11
3690 1 15.9153 30.397 -56.4076 1 1.18751e-11
3691 1 15.9153 30.397 -53.5439 1 7.10538e-12
3693 1 13.4352 30.397 -54.9757 1 3.03576e-12
3696 1 15.0886 28.0587 -54.9757 1 3.48139e-11
3692 1 18.3954 30.397 -54.9757 1 4.13042e-12
3716 1 20.8755 30.397 -56.4076 1 2.04622e-11
3720 1 17.5687 28.0587 -56.4076 1 3.64447e-11
4132 1 20.8755 30.397 -53.5439 1 1.5729e-11
4136 1 17.5687 28.0587 -53.5439 1 3.17268e-11
4171 1 20.0488 28.0587 -54.9757 1 3.70772e-11
4164 1 25.8357 30.397 -56.4076 1 1.58844e-11
4165 1 25.8357 30.397 -53.5439 1 1.0963e-11
4167 1 23.3556 30.397 -54.9757 1 6.97519e-12
4168 1 22.5289 28.0587 -56.4076 1 4.15878e-11
4169 1 22.5289 28.0587 -53.5439 1 3.69259e-11
4170 1 25.009 28.0587 -54.9757 1 2.31162e-11
4166 1 28.3158 30.397 -54.9757 1 2.77682e-11
4205 1 27.4891 28.0587 -56.4076 1 5.76558e-11
4624 1 27.4891 28.0587 -53.5439 1 5.28007e-11
4663 1 29.9692 28.0587 -54.9757 1 3.00523e-11
4201 1 30.7959 30.397 -56.4076 1 3.95824e-11
4620 1 30.7959 30.397 -53.5439 1 3.49033e-11
4660 1 33.276 30.397 -54.9757 1 2.15482e-11
4661 1 32.4493 28.0587 -56.4076 1 4.57064e-11
4662 1 32.4493 28.0587 -53.5439 1 4.11482e-11
2906 1 1.86134 32.7352 -54.9757 1 3.30075e-11
5200 1 2.68804 35.0735 -56.4076 1 3.77489e-11
5201 1 2.68804 35.0735 -53.5439 1 3.34617e-11
5203 1 0.207933 35.0735 -54.9757 1 2.21859e-11
2908 1 4.34145 32.7352 -56.4076 1 2.95134e-11
3252 1 4.34145 32.7352 -53.5439 1 2.52193e-11
3263 1 6.82155 32.7352 -54.9757 1 1.16688e-11
5202 1 5.16815 35.0735 -54.9757 1 1.52034e-11
5236 1 7.64825 35.0735 -56.4076 1 4.39326e-11
5655 1 7.64825 35.0735 -53.5439 1 3.95505e-11
3260 1 9.30166 32.7352 -56.4076 1 1.06701e-11
3261 1 9.30166 32.7352 -53.5439 1 6.24531e-12
3262 1 11.7818 32.7352 -54.9757 1 1.83555e-11
5683 1 12.6085 35.0735 -56.4076 1 2.60075e-11
5684 1 12.6085 35.0735 -53.5439 1 2.14476e-11
5686 1 10.1284 35.0735 -54.9757 1 2.18328e-11
3274 1 14.2619 32.7352 -56.4076 1 1.39659e-11
3666 1 14.2619 32.7352 -53.5439 1 9.3872e-12
3689 1 16.742 32.7352 -54.9757 1 5.06644e-12
5685 1 15.0886 35.0735 -54.9757 1 2.61926e-11
3686 1 19.2221 32.7352 -56.4076 1 1.25606e-11
3687 1 19.2221 32.7352 -53.5439 1 7.95626e-12
5707 1 17.5687 35.0735 -56.4076 1 2.90139e-11
6126 1 17.5687 35.0735 -53.5439 1 2.432e-11
6145 1 20.0488 35.0735 -54.9757 1 2.89779e-11
3688 1 21.7022 32.7352 -54.9757 1 4.83515e-12
3712 1 24.1823 32.7352 -56.4076 1 1.59203e-11
4128 1 24.1823 32.7352 -53.5439 1 1.11862e-11
6142 1 22.5289 35.0735 -56.4076 1 3.34863e-11
6143 1 22.5289 35.0735 -53.5439 1 2.8855e-11
6144 1 25.009 35.0735 -54.9757 1 1.84934e-11
4160 1 29.1425 32.7352 -56.4076 1 4.33702e-11
4161 1 29.1425 32.7352 -53.5439 1 3.87683e-11
4163 1 26.6624 32.7352 -54.9757 1 9.48552e-12
6154 1 27.4891 35.0735 -56.4076 1 4.70375e-11
6573 1 27.4891 35.0735 -53.5439 1 4.2251e-11
6580 1 29.9692 35.0735 -54.9757 1 2.31884e-11
4162 1 31.6226 32.7352 -54.9757 1 1.7428e-11
4198 1 34.1027 32.7352 -56.4076 1 4.44889e-11
4617 1 34.1027 32.7352 -53.5439 1 4.01294e-11
6578 1 32.4493 35.0735 -56.4076 1 3.69197e-11
6579 1 32.4493 35.0735 -53.5439 1 3.24078e-11
5161 1 1.03464 2.33775 -50.6801 1 1.92411e-11
5162 1 3.51474 2.33775 -52.112 1 1.53134e-11
5619 1 3.51474 2.33775 -49.2482 1 1.44893e-11
5616 1 5.99485 2.33775 -50.6801 1 9.70404e-12
5618 1 8.47496 2.33775 -49.2482 1 1.23126e-11
5654 1 8.47496 2.33775 -52.112 1 1.31393e-11
5652 1 10.9551 2.33775 -50.6801 1 1.94645e-11
5653 1 13.4352 2.33775 -52.112 1 7.3311e-12
6099 1 15.9153 2.33775 -50.6801 1 1.23145e-11
6102 1 13.4352 2.33775 -49.2482 1 6.50599e-12
6101 1 18.3954 2.33775 -49.2482 1 7.83032e-12
6123 1 20.8755 2.33775 -50.6801 1 2.10056e-11
6125 1 18.3954 2.33775 -52.112 1 8.64797e-12
6124 1 23.3556 2.33775 -52.112 1 1.11554e-11
6558 1 25.8357 2.33775 -50.6801 1 1.67491e-11
6561 1 23.3556 2.33775 -49.2482 1 1.03352e-11
6560 1 28.3158 2.33775 -49.2482 1 3.04413e-11
6572 1 28.3158 2.33775 -52.112 1 3.12723e-11
6570 1 30.7959 2.33775 -50.6801 1 4.09869e-11
6571 1 33.276 2.33775 -52.112 1 2.53416e-11
6997 1 33.276 2.33775 -49.2482 1 2.45176e-11
4659 1 0.207933 7.01428 -52.112 1 1.42478e-11
5116 1 2.68804 7.01428 -50.6801 1 1.54591e-11
5119 1 0.207933 7.01428 -49.2482 1 1.34219e-11
5120 1 1.86134 4.67601 -49.2482 1 2.94115e-11
5159 1 1.86134 4.67601 -52.112 1 3.02298e-11
5118 1 5.16815 7.01428 -49.2482 1 1.44882e-11
5153 1 7.64825 7.01428 -50.6801 1 1.7492e-11
5155 1 5.16815 7.01428 -52.112 1 1.53184e-11
5157 1 4.34145 4.67602 -50.6801 1 2.85283e-11
5158 1 6.82155 4.67602 -52.112 1 1.31263e-11
5615 1 6.82155 4.67602 -49.2482 1 1.22989e-11
5154 1 10.1284 7.01428 -52.112 1 7.00638e-12
5608 1 12.6085 7.01428 -50.6801 1 1.38532e-11
5611 1 10.1284 7.01428 -49.2482 1 6.17691e-12
5612 1 9.30166 4.67602 -50.6801 1 8.40074e-12
5614 1 11.7818 4.67602 -49.2482 1 1.90042e-11
5650 1 11.7818 4.67602 -52.112 1 1.9835e-11
5610 1 15.0886 7.01428 -49.2482 1 8.96136e-12
5646 1 15.0886 7.01428 -52.112 1 9.79084e-12
5648 1 14.2619 4.67602 -50.6801 1 1.02528e-11
5649 1 16.742 4.67602 -52.112 1 7.01688e-12
6098 1 16.742 4.67602 -49.2482 1 6.18842e-12
5644 1 17.5687 7.01428 -50.6801 1 1.45612e-11
5645 1 20.0488 7.01428 -52.112 1 1.48442e-11
6094 1 20.0488 7.01428 -49.2482 1 1.40204e-11
6095 1 19.2221 4.67601 -50.6801 1 8.22603e-12
6091 1 22.5289 7.01428 -50.6801 1 1.61697e-11
6093 1 25.009 7.01428 -49.2482 1 1.8713e-11
6097 1 21.7022 4.67601 -49.2482 1 5.0867e-12
6117 1 25.009 7.01428 -52.112 1 1.95371e-11
6119 1 24.1823 4.67601 -50.6801 1 1.54319e-11
6121 1 21.7022 4.67601 -52.112 1 5.90753e-12
6115 1 27.4891 7.01428 -50.6801 1 1.86931e-11
6116 1 29.9692 7.01428 -52.112 1 1.44569e-11
6120 1 26.6624 4.67601 -52.112 1 8.91239e-12
6553 1 29.9692 7.01428 -49.2482 1 1.36284e-11
6554 1 29.1425 4.67601 -50.6801 1 4.16955e-11
6557 1 26.6624 4.67601 -49.2482 1 8.08281e-12
6551 1 32.4493 7.01428 -50.6801 1 1.67783e-11
6556 1 31.6226 4.67601 -49.2482 1 1.38073e-11
6567 1 34.1027 4.67601 -50.6801 1 4.58218e-11
6568 1 31.6226 4.67601 -52.112 1 1.46327e-11
4616 1 1.86134 11.6908 -49.2482 1 3.60962e-11
4655 1 1.86134 11.6908 -52.112 1 3.69125e-11
4657 1 1.03464 9.35255 -50.6801 1 1.87374e-11
4658 1 3.51474 9.35255 -52.112 1 1.49459e-11
5115 1 3.51474 9.35255 -49.2482 1 1.41114e-11
4653 1 4.34145 11.6908 -50.6801 1 4.3453e-11
4654 1 6.82155 11.6908 -52.112 1 2.71307e-11
5111 1 6.82155 11.6908 -49.2482 1 2.63096e-11
5112 1 5.99485 9.35255 -50.6801 1 9.65204e-12
5114 1 8.47496 9.35255 -49.2482 1 1.11863e-11
5151 1 8.47496 9.35255 -52.112 1 1.20218e-11
5108 1 9.30166 11.6908 -50.6801 1 2.13292e-11
5110 1 11.7818 11.6908 -49.2482 1 3.31096e-11
5147 1 11.7818 11.6908 -52.112 1 3.39357e-11
5149 1 10.9551 9.35255 -50.6801 1 1.90331e-11
5145 1 14.2619 11.6908 -50.6801 1 2.09239e-11
5146 1 16.742 11.6908 -52.112 1 2.194e-11
5150 1 13.4352 9.35255 -52.112 1 7.03714e-12
5603 1 16.742 11.6908 -49.2482 1 2.11177e-11
5604 1 15.9153 9.35255 -50.6801 1 1.15522e-11
5607 1 13.4352 9.35255 -49.2482 1 6.20148e-12
5600 1 19.2221 11.6908 -50.6801 1 1.7864e-11
5606 1 18.3954 9.35255 -49.2482 1 7.76907e-12
5640 1 20.8755 9.35255 -50.6801 1 2.0298e-11
5642 1 18.3954 9.35255 -52.112 1 8.59797e-12
5602 1 21.7022 11.6908 -49.2482 1 1.85087e-11
5636 1 24.1823 11.6908 -50.6801 1 3.19624e-11
5638 1 21.7022 11.6908 -52.112 1 1.93243e-11
5641 1 23.3556 9.35255 -52.112 1 1.07383e-11
6087 1 25.8357 9.35255 -50.6801 1 1.65629e-11
6090 1 23.3556 9.35255 -49.2482 1 9.90757e-12
5637 1 26.6624 11.6908 -52.112 1 1.95154e-11
6083 1 29.1425 11.6908 -50.6801 1 5.59449e-11
6086 1 26.6624 11.6908 -49.2482 1 1.86918e-11
6089 1 28.3158 9.35255 -49.2482 1 2.92917e-11
6113 1 28.3158 9.35255 -52.112 1 3.01316e-11
6085 1 31.6226 11.6908 -49.2482 1 2.05657e-11
6108 1 34.1027 11.6908 -50.6801 1 6.48737e-11
6109 1 31.6226 11.6908 -52.112 1 2.13865e-11
6111 1 30.7959 9.35255 -50.6801 1 4.10925e-11
6112 1 33.276 9.35255 -52.112 1 2.44926e-11
6550 1 33.276 9.35255 -49.2482 1 2.36587e-11
4157 1 1.03464 16.3674 -50.6801 1 2.78092e-11
4158 1 3.51474 16.3674 -52.112 1 2.61591e-11
4159 1 0.207933 14.0291 -52.112 1 5.38352e-11
4611 1 3.51474 16.3674 -49.2482 1 2.5328e-11
4612 1 2.68804 14.0291 -50.6801 1 3.59395e-11
4615 1 0.207933 14.0291 -49.2482 1 5.30218e-11
4608 1 5.99485 16.3674 -50.6801 1 2.65045e-11
4610 1 8.47496 16.3674 -49.2482 1 9.49701e-12
4614 1 5.16815 14.0291 -49.2482 1 6.76112e-11
4647 1 8.47496 16.3674 -52.112 1 1.03346e-11
4649 1 7.64825 14.0291 -50.6801 1 3.11803e-11
4651 1 5.16815 14.0291 -52.112 1 6.84271e-11
4645 1 10.9551 16.3674 -50.6801 1 2.93523e-11
4650 1 10.1284 14.0291 -52.112 1 3.50298e-11
5104 1 12.6085 14.0291 -50.6801 1 5.17948e-11
5107 1 10.1284 14.0291 -49.2482 1 3.42063e-11
4646 1 13.4352 16.3674 -52.112 1 1.9526e-11
5100 1 15.9153 16.3674 -50.6801 1 1.61706e-11
5103 1 13.4352 16.3674 -49.2482 1 1.86918e-11
5106 1 15.0886 14.0291 -49.2482 1 3.43952e-11
5143 1 15.0886 14.0291 -52.112 1 3.52155e-11
5102 1 18.3954 16.3674 -49.2482 1 2.44699e-11
5137 1 20.8755 16.3674 -50.6801 1 2.58742e-11
5139 1 18.3954 16.3674 -52.112 1 2.52976e-11
5141 1 17.5687 14.0291 -50.6801 1 4.88766e-11
5142 1 20.0488 14.0291 -52.112 1 4.40967e-11
5599 1 20.0488 14.0291 -49.2482 1 4.32813e-11
5138 1 23.3556 16.3674 -52.112 1 2.1105e-11
5592 1 25.8357 16.3674 -50.6801 1 3.11106e-11
5595 1 23.3556 16.3674 -49.2482 1 2.02751e-11
5596 1 22.5289 14.0291 -50.6801 1 4.55669e-11
5598 1 25.009 14.0291 -49.2482 1 7.34999e-11
5634 1 25.009 14.0291 -52.112 1 7.43146e-11
5594 1 28.3158 16.3674 -49.2482 1 2.71443e-11
5630 1 28.3158 16.3674 -52.112 1 2.79851e-11
5632 1 27.4891 14.0291 -50.6801 1 2.98237e-11
5633 1 29.9692 14.0291 -52.112 1 5.28093e-11
6082 1 29.9692 14.0291 -49.2482 1 5.19904e-11
5628 1 30.7959 16.3674 -50.6801 1 6.06604e-11
5629 1 33.276 16.3674 -52.112 1 2.73805e-11
6079 1 33.276 16.3674 -49.2482 1 2.65422e-11
6080 1 32.4493 14.0291 -50.6801 1 4.12409e-11
3685 1 0.207933 21.0439 -52.112 1 3.35027e-11
4123 1 2.68804 21.0439 -50.6801 1 2.15001e-11
4126 1 0.207933 21.0439 -49.2482 1 3.26907e-11
4127 1 1.86134 18.7056 -49.2482 1 3.03299e-11
4155 1 1.86134 18.7056 -52.112 1 3.11496e-11
4125 1 5.16815 21.0439 -49.2482 1 4.3115e-11
4149 1 7.64825 21.0439 -50.6801 1 1.88305e-11
4151 1 5.16815 21.0439 -52.112 1 4.39294e-11
4153 1 4.34145 18.7056 -50.6801 1 2.84138e-11
4154 1 6.82155 18.7056 -52.112 1 1.31317e-11
4607 1 6.82155 18.7056 -49.2482 1 1.23022e-11
4150 1 10.1284 21.0439 -52.112 1 1.82565e-11
4600 1 12.6085 21.0439 -50.6801 1 3.19737e-11
4603 1 10.1284 21.0439 -49.2482 1 1.74356e-11
4604 1 9.30166 18.7056 -50.6801 1 8.53788e-12
4606 1 11.7818 18.7056 -49.2482 1 1.89975e-11
4643 1 11.7818 18.7056 -52.112 1 1.98296e-11
4602 1 15.0886 21.0439 -49.2482 1 1.84245e-11
4639 1 15.0886 21.0439 -52.112 1 1.92432e-11
4641 1 14.2619 18.7056 -50.6801 1 1.06709e-11
4642 1 16.742 18.7056 -52.112 1 6.90807e-12
5099 1 16.742 18.7056 -49.2482 1 6.07851e-12
4637 1 17.5687 21.0439 -50.6801 1 3.01719e-11
4638 1 20.0488 21.0439 -52.112 1 2.69439e-11
5095 1 20.0488 21.0439 -49.2482 1 2.61309e-11
5096 1 19.2221 18.7056 -50.6801 1 8.77411e-12
5092 1 22.5289 21.0439 -50.6801 1 2.83775e-11
5094 1 25.009 21.0439 -49.2482 1 4.84864e-11
5098 1 21.7022 18.7056 -49.2482 1 5.16527e-12
5131 1 25.009 21.0439 -52.112 1 4.92976e-11
5133 1 24.1823 18.7056 -50.6801 1 1.51193e-11
5135 1 21.7022 18.7056 -52.112 1 5.98688e-12
5129 1 27.4891 21.0439 -50.6801 1 1.82629e-11
5130 1 29.9692 21.0439 -52.112 1 3.28558e-11
5134 1 26.6624 18.7056 -52.112 1 9.34484e-12
5587 1 29.9692 21.0439 -49.2482 1 3.20394e-11
5588 1 29.1425 18.7056 -50.6801 1 4.16696e-11
5591 1 26.6624 18.7056 -49.2482 1 8.51377e-12
5585 1 32.4493 21.0439 -50.6801 1 2.5573e-11
5590 1 31.6226 18.7056 -49.2482 1 1.4718e-11
5625 1 34.1027 18.7056 -50.6801 1 4.51933e-11
5626 1 31.6226 18.7056 -52.112 1 1.55451e-11
3665 1 1.86134 25.7204 -49.2482 1 8.28603e-11
3681 1 1.86134 25.7204 -52.112 1 8.36645e-11
3683 1 1.03464 23.3822 -50.6801 1 4.34245e-11
3684 1 3.51474 23.3822 -52.112 1 4.27591e-11
4122 1 3.51474 23.3822 -49.2482 1 4.19394e-11
3679 1 4.34145 25.7204 -50.6801 1 6.6728e-11
3680 1 6.82155 25.7204 -52.112 1 5.30253e-11
4118 1 6.82155 25.7204 -49.2482 1 5.22034e-11
4119 1 5.99485 23.3822 -50.6801 1 4.57304e-11
4121 1 8.47496 23.3822 -49.2482 1 2.01184e-11
4147 1 8.47496 23.3822 -52.112 1 2.09472e-11
4115 1 9.30166 25.7204 -50.6801 1 5.03092e-11
4117 1 11.7818 25.7204 -49.2482 1 5.8749e-11
4143 1 11.7818 25.7204 -52.112 1 5.95705e-11
4145 1 10.9551 23.3822 -50.6801 1 4.55482e-11
4141 1 14.2619 25.7204 -50.6801 1 5.63383e-11
4142 1 16.742 25.7204 -52.112 1 4.52321e-11
4146 1 13.4352 23.3822 -52.112 1 3.67219e-11
4595 1 16.742 25.7204 -49.2482 1 4.44114e-11
4596 1 15.9153 23.3822 -50.6801 1 2.97216e-11
4599 1 13.4352 23.3822 -49.2482 1 3.58985e-11
4592 1 19.2221 25.7204 -50.6801 1 5.62296e-11
4598 1 18.3954 23.3822 -49.2482 1 4.36301e-11
4633 1 20.8755 23.3822 -50.6801 1 3.98697e-11
4635 1 18.3954 23.3822 -52.112 1 4.44474e-11
4594 1 21.7022 25.7204 -49.2482 1 4.61001e-11
4629 1 24.1823 25.7204 -50.6801 1 5.06863e-11
4631 1 21.7022 25.7204 -52.112 1 4.69111e-11
4634 1 23.3556 23.3822 -52.112 1 3.73161e-11
5088 1 25.8357 23.3822 -50.6801 1 4.92678e-11
5091 1 23.3556 23.3822 -49.2482 1 3.64965e-11
4630 1 26.6624 25.7204 -52.112 1 5.51146e-11
5084 1 29.1425 25.7204 -50.6801 1 8.11648e-11
5087 1 26.6624 25.7204 -49.2482 1 5.42927e-11
5090 1 28.3158 23.3822 -49.2482 1 3.75563e-11
5127 1 28.3158 23.3822 -52.112 1 3.83879e-11
5086 1 31.6226 25.7204 -49.2482 1 6.71339e-11
5122 1 34.1027 25.7204 -50.6801 1 7.64016e-11
5123 1 31.6226 25.7204 -52.112 1 6.79494e-11
5125 1 30.7959 23.3822 -50.6801 1 8.11483e-11
5126 1 33.276 23.3822 -52.112 1 4.01192e-11
5584 1 33.276 23.3822 -49.2482 1 3.92885e-11
3257 1 1.03464 30.397 -50.6801 1 1.98429e-11
3258 1 3.51474 30.397 -52.112 1 1.58009e-11
3259 1 0.207933 28.0587 -52.112 1 3.36024e-11
3660 1 3.51474 30.397 -49.2482 1 1.49749e-11
3661 1 2.68804 28.0587 -50.6801 1 4.88098e-11
3664 1 0.207933 28.0587 -49.2482 1 3.27894e-11
3657 1 5.99485 30.397 -50.6801 1 9.86485e-12
3659 1 8.47496 30.397 -49.2482 1 1.35363e-11
3663 1 5.16815 28.0587 -49.2482 1 2.39625e-11
3673 1 8.47496 30.397 -52.112 1 1.43629e-11
3675 1 7.64825 28.0587 -50.6801 1 5.58135e-11
3677 1 5.16815 28.0587 -52.112 1 2.47811e-11
3671 1 10.9551 30.397 -50.6801 1 1.99986e-11
3676 1 10.1284 28.0587 -52.112 1 3.48246e-11
4111 1 12.6085 28.0587 -50.6801 1 3.44442e-11
4114 1 10.1284 28.0587 -49.2482 1 3.40126e-11
3672 1 13.4352 30.397 -52.112 1 7.74546e-12
4107 1 15.9153 30.397 -50.6801 1 1.31721e-11
4110 1 13.4352 30.397 -49.2482 1 6.91824e-12
4113 1 15.0886 28.0587 -49.2482 1 3.86968e-11
4139 1 15.0886 28.0587 -52.112 1 3.95112e-11
4109 1 18.3954 30.397 -49.2482 1 8.00178e-12
4133 1 20.8755 30.397 -50.6801 1 2.18067e-11
4135 1 18.3954 30.397 -52.112 1 8.82167e-12
4137 1 17.5687 28.0587 -50.6801 1 3.7808e-11
4138 1 20.0488 28.0587 -52.112 1 4.17689e-11
4591 1 20.0488 28.0587 -49.2482 1 4.09609e-11
4134 1 23.3556 30.397 -52.112 1 1.16905e-11
4584 1 25.8357 30.397 -50.6801 1 1.70396e-11
4587 1 23.3556 30.397 -49.2482 1 1.08685e-11
4588 1 22.5289 28.0587 -50.6801 1 4.30126e-11
4590 1 25.009 28.0587 -49.2482 1 2.69802e-11
4627 1 25.009 28.0587 -52.112 1 2.77892e-11
4586 1 28.3158 30.397 -49.2482 1 3.16933e-11
4623 1 28.3158 30.397 -52.112 1 3.25244e-11
4625 1 27.4891 28.0587 -50.6801 1 5.88913e-11
4626 1 29.9692 28.0587 -52.112 1 3.47169e-11
5083 1 29.9692 28.0587 -49.2482 1 3.39034e-11
4621 1 30.7959 30.397 -50.6801 1 4.09921e-11
4622 1 33.276 30.397 -52.112 1 2.63071e-11
5080 1 33.276 30.397 -49.2482 1 2.54825e-11
5081 1 32.4493 28.0587 -50.6801 1 4.7226e-11
3251 1 1.86134 32.7352 -49.2482 1 3.6919e-11
3255 1 1.86134 32.7352 -52.112 1 3.77424e-11
5163 1 0.207933 35.0735 -52.112 1 2.69211e-11
5620 1 2.68804 35.0735 -50.6801 1 3.95216e-11
5623 1 0.207933 35.0735 -49.2482 1 2.60968e-11
3253 1 4.34145 32.7352 -50.6801 1 3.1279e-11
3254 1 6.82155 32.7352 -52.112 1 1.6414e-11
3656 1 6.82155 32.7352 -49.2482 1 1.5579e-11
5622 1 5.16815 35.0735 -49.2482 1 1.91096e-11
5656 1 7.64825 35.0735 -50.6801 1 4.56047e-11
5658 1 5.16815 35.0735 -52.112 1 1.99377e-11
3653 1 9.30166 32.7352 -50.6801 1 1.23067e-11
3655 1 11.7818 32.7352 -49.2482 1 2.22316e-11
3669 1 11.7818 32.7352 -52.112 1 2.30682e-11
5657 1 10.1284 35.0735 -52.112 1 2.65679e-11
6103 1 12.6085 35.0735 -50.6801 1 2.75234e-11
6106 1 10.1284 35.0735 -49.2482 1 2.57422e-11
3667 1 14.2619 32.7352 -50.6801 1 1.54598e-11
3668 1 16.742 32.7352 -52.112 1 9.77595e-12
4106 1 16.742 32.7352 -49.2482 1 8.9409e-12
6105 1 15.0886 35.0735 -49.2482 1 3.00715e-11
6129 1 15.0886 35.0735 -52.112 1 3.08991e-11
4103 1 19.2221 32.7352 -50.6801 1 1.40311e-11
6127 1 17.5687 35.0735 -50.6801 1 3.03941e-11
6128 1 20.0488 35.0735 -52.112 1 3.36759e-11
6565 1 20.0488 35.0735 -49.2482 1 3.28554e-11
4105 1 21.7022 32.7352 -49.2482 1 8.71009e-12
4129 1 24.1823 32.7352 -50.6801 1 1.7262e-11
4131 1 21.7022 32.7352 -52.112 1 9.53685e-12
6562 1 22.5289 35.0735 -50.6801 1 3.49336e-11
6564 1 25.009 35.0735 -49.2482 1 2.23521e-11
6576 1 25.009 35.0735 -52.112 1 2.31703e-11
4130 1 26.6624 32.7352 -52.112 1 1.41656e-11
4580 1 29.1425 32.7352 -50.6801 1 4.48422e-11
4583 1 26.6624 32.7352 -49.2482 1 1.33289e-11
6574 1 27.4891 35.0735 -50.6801 1 4.8327e-11
6575 1 29.9692 35.0735 -52.112 1 2.78642e-11
7000 1 29.9692 35.0735 -49.2482 1 2.70394e-11
4582 1 31.6226 32.7352 -49.2482 1 2.12735e-11
4618 1 34.1027 32.7352 -50.6801 1 4.61967e-11
4619 1 31.6226 32.7352 -52.112 1 2.21058e-11
6998 1 32.4493 35.0735 -50.6801 1 3.84729e-11
5580 1 1.03464 2.33775 -47.8163 1 3.52765e-11
5582 1 3.51474 2.33775 -46.3844 1 1.04655e-11
5617 1 5.99485 2.33775 -47.8163 1 2.5739e-11
6074 1 8.47496 2.33775 -46.3844 1 8.28093e-12
6071 1 10.9551 2.33775 -47.8163 1 3.55015e-11
6073 1 13.4352 2.33775 -46.3844 1 2.48135e-12
6100 1 15.9153 2.33775 -47.8163 1 2.83536e-11
6542 1 20.8755 2.33775 -47.8163 1 3.70351e-11
6545 1 18.3954 2.33775 -46.3844 1 3.80893e-12
6544 1 23.3556 2.33775 -46.3844 1 6.31006e-12
6559 1 25.8357 2.33775 -47.8163 1 3.27869e-11
6992 1 28.3158 2.33775 -46.3844 1 2.64098e-11
6989 1 30.7959 2.33775 -47.8163 1 5.70229e-11
6991 1 33.276 2.33775 -46.3844 1 2.04887e-11
5079 1 0.207933 7.01428 -46.3844 1 9.40423e-12
5117 1 2.68804 7.01428 -47.8163 1 3.15113e-11
5579 1 1.86134 4.67601 -46.3844 1 2.53951e-11
5572 1 7.64825 7.01428 -47.8163 1 3.35461e-11
5575 1 5.16815 7.01428 -46.3844 1 1.04688e-11
5576 1 4.34145 4.67602 -47.8163 1 4.45673e-11
5578 1 6.82155 4.67602 -46.3844 1 8.27448e-12
5574 1 10.1284 7.01428 -46.3844 1 2.15884e-12
5609 1 12.6085 7.01428 -47.8163 1 2.99051e-11
5613 1 9.30166 4.67602 -47.8163 1 2.44333e-11
6070 1 11.7818 4.67602 -46.3844 1 1.49813e-11
6066 1 15.0886 7.01428 -46.3844 1 4.94287e-12
6067 1 14.2619 4.67602 -47.8163 1 2.62888e-11
6069 1 16.742 4.67602 -46.3844 1 2.16364e-12
6063 1 17.5687 7.01428 -47.8163 1 3.0614e-11
6065 1 20.0488 7.01428 -46.3844 1 1.00018e-11
6096 1 19.2221 4.67601 -47.8163 1 2.42569e-11
6092 1 22.5289 7.01428 -47.8163 1 3.22156e-11
6537 1 25.009 7.01428 -46.3844 1 1.4693e-11
6538 1 24.1823 4.67601 -47.8163 1 3.14655e-11
6541 1 21.7022 4.67601 -46.3844 1 1.06315e-12
6534 1 27.4891 7.01428 -47.8163 1 3.47488e-11
6536 1 29.9692 7.01428 -46.3844 1 9.61035e-12
6540 1 26.6624 4.67601 -46.3844 1 4.06087e-12
6555 1 29.1425 4.67601 -47.8163 1 5.77421e-11
6552 1 32.4493 7.01428 -47.8163 1 3.28307e-11
6986 1 34.1027 4.67601 -47.8163 1 6.18631e-11
6988 1 31.6226 4.67601 -46.3844 1 9.78724e-12
5075 1 1.86134 11.6908 -46.3844 1 3.20683e-11
5076 1 1.03464 9.35255 -47.8163 1 3.47721e-11
5078 1 3.51474 9.35255 -46.3844 1 1.00874e-11
5072 1 4.34145 11.6908 -47.8163 1 5.94976e-11
5074 1 6.82155 11.6908 -46.3844 1 2.22759e-11
5113 1 5.99485 9.35255 -47.8163 1 2.56835e-11
5571 1 8.47496 9.35255 -46.3844 1 7.15731e-12
5109 1 9.30166 11.6908 -47.8163 1 3.73681e-11
5567 1 11.7818 11.6908 -46.3844 1 2.90764e-11
5568 1 10.9551 9.35255 -47.8163 1 3.50683e-11
5564 1 14.2619 11.6908 -47.8163 1 3.69665e-11
5566 1 16.742 11.6908 -46.3844 1 1.7083e-11
5570 1 13.4352 9.35255 -46.3844 1 2.17823e-12
5605 1 15.9153 9.35255 -47.8163 1 2.75913e-11
5601 1 19.2221 11.6908 -47.8163 1 3.39017e-11
6059 1 20.8755 9.35255 -47.8163 1 3.63274e-11
6062 1 18.3954 9.35255 -46.3844 1 3.74785e-12
6055 1 24.1823 11.6908 -47.8163 1 4.80016e-11
6058 1 21.7022 11.6908 -46.3844 1 1.44752e-11
6061 1 23.3556 9.35255 -46.3844 1 5.88258e-12
6088 1 25.8357 9.35255 -47.8163 1 3.2598e-11
6057 1 26.6624 11.6908 -46.3844 1 1.46594e-11
6084 1 29.1425 11.6908 -47.8163 1 7.19967e-11
6533 1 28.3158 9.35255 -46.3844 1 2.52609e-11
6527 1 34.1027 11.6908 -47.8163 1 8.0922e-11
6529 1 31.6226 11.6908 -46.3844 1 1.65357e-11
6530 1 30.7959 9.35255 -47.8163 1 5.71242e-11
6532 1 33.276 9.35255 -46.3844 1 1.96303e-11
4576 1 1.03464 16.3674 -47.8163 1 4.38457e-11
4578 1 3.51474 16.3674 -46.3844 1 2.1314e-11
4579 1 0.207933 14.0291 -46.3844 1 4.90025e-11
4613 1 2.68804 14.0291 -47.8163 1 5.1984e-11
4609 1 5.99485 16.3674 -47.8163 1 4.25317e-11
5067 1 8.47496 16.3674 -46.3844 1 5.4784e-12
5068 1 7.64825 14.0291 -47.8163 1 4.72286e-11
5071 1 5.16815 14.0291 -46.3844 1 6.35877e-11
5064 1 10.9551 16.3674 -47.8163 1 4.53841e-11
5070 1 10.1284 14.0291 -46.3844 1 3.01869e-11
5105 1 12.6085 14.0291 -47.8163 1 6.78408e-11
5066 1 13.4352 16.3674 -46.3844 1 1.4678e-11
5101 1 15.9153 16.3674 -47.8163 1 3.22067e-11
5563 1 15.0886 14.0291 -46.3844 1 3.0374e-11
5556 1 20.8755 16.3674 -47.8163 1 4.19028e-11
5559 1 18.3954 16.3674 -46.3844 1 2.04584e-11
5560 1 17.5687 14.0291 -47.8163 1 6.49234e-11
5562 1 20.0488 14.0291 -46.3844 1 3.92607e-11
5558 1 23.3556 16.3674 -46.3844 1 1.62602e-11
5593 1 25.8357 16.3674 -47.8163 1 4.7144e-11
5597 1 22.5289 14.0291 -47.8163 1 6.16073e-11
6054 1 25.009 14.0291 -46.3844 1 6.94778e-11
6050 1 28.3158 16.3674 -46.3844 1 2.31242e-11
6051 1 27.4891 14.0291 -47.8163 1 4.58726e-11
6053 1 29.9692 14.0291 -46.3844 1 4.7968e-11
6047 1 30.7959 16.3674 -47.8163 1 7.66905e-11
6049 1 33.276 16.3674 -46.3844 1 2.25249e-11
6081 1 32.4493 14.0291 -47.8163 1 5.72865e-11
4102 1 0.207933 21.0439 -46.3844 1 2.86738e-11
4124 1 2.68804 21.0439 -47.8163 1 3.75454e-11
4575 1 1.86134 18.7056 -46.3844 1 2.6315e-11
4568 1 7.64825 21.0439 -47.8163 1 3.48785e-11
4571 1 5.16815 21.0439 -46.3844 1 3.90952e-11
4572 1 4.34145 18.7056 -47.8163 1 4.44564e-11
4574 1 6.82155 18.7056 -46.3844 1 8.27927e-12
4570 1 10.1284 21.0439 -46.3844 1 1.34185e-11
4601 1 12.6085 21.0439 -47.8163 1 4.80221e-11
4605 1 9.30166 18.7056 -47.8163 1 2.4575e-11
5063 1 11.7818 18.7056 -46.3844 1 1.4977e-11
5059 1 15.0886 21.0439 -46.3844 1 1.44065e-11
5060 1 14.2619 18.7056 -47.8163 1 2.67124e-11
5062 1 16.742 18.7056 -46.3844 1 2.05542e-12
5056 1 17.5687 21.0439 -47.8163 1 4.62205e-11
5058 1 20.0488 21.0439 -46.3844 1 2.21138e-11
5097 1 19.2221 18.7056 -47.8163 1 2.48097e-11
5093 1 22.5289 21.0439 -47.8163 1 4.4419e-11
5551 1 25.009 21.0439 -46.3844 1 4.4469e-11
5552 1 24.1823 18.7056 -47.8163 1 3.11576e-11
5555 1 21.7022 18.7056 -46.3844 1 1.14322e-12
5548 1 27.4891 21.0439 -47.8163 1 3.43115e-11
5550 1 29.9692 21.0439 -46.3844 1 2.80208e-11
5554 1 26.6624 18.7056 -46.3844 1 4.49296e-12
5589 1 29.1425 18.7056 -47.8163 1 5.77191e-11
5586 1 32.4493 21.0439 -47.8163 1 4.16195e-11
6044 1 34.1027 18.7056 -47.8163 1 6.12388e-11
6046 1 31.6226 18.7056 -46.3844 1 1.06988e-11
4098 1 1.86134 25.7204 -46.3844 1 7.88645e-11
4099 1 1.03464 23.3822 -47.8163 1 5.94668e-11
4101 1 3.51474 23.3822 -46.3844 1 3.79333e-11
4095 1 4.34145 25.7204 -47.8163 1 8.27689e-11
4097 1 6.82155 25.7204 -46.3844 1 4.81964e-11
4120 1 5.99485 23.3822 -47.8163 1 6.1762e-11
4567 1 8.47496 23.3822 -46.3844 1 1.61064e-11
4116 1 9.30166 25.7204 -47.8163 1 6.63446e-11
4563 1 11.7818 25.7204 -46.3844 1 5.47463e-11
4564 1 10.9551 23.3822 -47.8163 1 6.15847e-11
4560 1 14.2619 25.7204 -47.8163 1 7.2379e-11
4562 1 16.742 25.7204 -46.3844 1 4.04058e-11
4566 1 13.4352 23.3822 -46.3844 1 3.1892e-11
4597 1 15.9153 23.3822 -47.8163 1 4.57616e-11
4593 1 19.2221 25.7204 -47.8163 1 7.22633e-11
5052 1 20.8755 23.3822 -47.8163 1 5.59025e-11
5055 1 18.3954 23.3822 -46.3844 1 3.96268e-11
5048 1 24.1823 25.7204 -47.8163 1 6.67239e-11
5051 1 21.7022 25.7204 -46.3844 1 4.20955e-11
5054 1 23.3556 23.3822 -46.3844 1 3.24895e-11
5089 1 25.8357 23.3822 -47.8163 1 6.53066e-11
5050 1 26.6624 25.7204 -46.3844 1 5.02899e-11
5085 1 29.1425 25.7204 -47.8163 1 9.72126e-11
5547 1 28.3158 23.3822 -46.3844 1 3.35434e-11
5541 1 34.1027 25.7204 -47.8163 1 9.24431e-11
5543 1 31.6226 25.7204 -46.3844 1 6.31314e-11
5544 1 30.7959 23.3822 -47.8163 1 9.71837e-11
5546 1 33.276 23.3822 -46.3844 1 3.52791e-11
3649 1 1.03464 30.397 -47.8163 1 3.58863e-11
3651 1 3.51474 30.397 -46.3844 1 1.09506e-11
3652 1 0.207933 28.0587 -46.3844 1 2.87718e-11
3662 1 2.68804 28.0587 -47.8163 1 6.48615e-11
3658 1 5.99485 30.397 -47.8163 1 2.59033e-11
4090 1 8.47496 30.397 -46.3844 1 9.50763e-12
4091 1 7.64825 28.0587 -47.8163 1 7.18656e-11
4094 1 5.16815 28.0587 -46.3844 1 1.99453e-11
4087 1 10.9551 30.397 -47.8163 1 3.60401e-11
4093 1 10.1284 28.0587 -46.3844 1 2.99943e-11
4112 1 12.6085 28.0587 -47.8163 1 5.04943e-11
4089 1 13.4352 30.397 -46.3844 1 2.89477e-12
4108 1 15.9153 30.397 -47.8163 1 2.92194e-11
4559 1 15.0886 28.0587 -46.3844 1 3.4679e-11
4552 1 20.8755 30.397 -47.8163 1 3.78459e-11
4555 1 18.3954 30.397 -46.3844 1 3.98008e-12
4556 1 17.5687 28.0587 -47.8163 1 5.38591e-11
4558 1 20.0488 28.0587 -46.3844 1 3.69428e-11
4554 1 23.3556 30.397 -46.3844 1 6.84315e-12
4585 1 25.8357 30.397 -47.8163 1 3.30825e-11
4589 1 22.5289 28.0587 -47.8163 1 5.90563e-11
5047 1 25.009 28.0587 -46.3844 1 2.29613e-11
5043 1 28.3158 30.397 -46.3844 1 2.76627e-11
5044 1 27.4891 28.0587 -47.8163 1 7.49455e-11
5046 1 29.9692 28.0587 -46.3844 1 2.98877e-11
5040 1 30.7959 30.397 -47.8163 1 5.70319e-11
5042 1 33.276 30.397 -46.3844 1 2.1454e-11
5082 1 32.4493 28.0587 -47.8163 1 6.32773e-11
3648 1 1.86134 32.7352 -46.3844 1 3.29074e-11
5583 1 0.207933 35.0735 -46.3844 1 2.20734e-11
5621 1 2.68804 35.0735 -47.8163 1 5.55619e-11
3645 1 4.34145 32.7352 -47.8163 1 4.73131e-11
3647 1 6.82155 32.7352 -46.3844 1 1.15586e-11
6075 1 7.64825 35.0735 -47.8163 1 6.16437e-11
6078 1 5.16815 35.0735 -46.3844 1 1.50874e-11
3654 1 9.30166 32.7352 -47.8163 1 2.83349e-11
4086 1 11.7818 32.7352 -46.3844 1 1.82149e-11
6077 1 10.1284 35.0735 -46.3844 1 2.17179e-11
6104 1 12.6085 35.0735 -47.8163 1 4.35673e-11
4083 1 14.2619 32.7352 -47.8163 1 3.14925e-11
4085 1 16.742 32.7352 -46.3844 1 4.92051e-12
6549 1 15.0886 35.0735 -46.3844 1 2.60483e-11
4104 1 19.2221 32.7352 -47.8163 1 3.00575e-11
6546 1 17.5687 35.0735 -47.8163 1 4.64375e-11
6548 1 20.0488 35.0735 -46.3844 1 2.8833e-11
4548 1 24.1823 32.7352 -47.8163 1 3.32923e-11
4551 1 21.7022 32.7352 -46.3844 1 4.69034e-12
6563 1 22.5289 35.0735 -47.8163 1 5.09681e-11
6996 1 25.009 35.0735 -46.3844 1 1.83313e-11
4550 1 26.6624 32.7352 -46.3844 1 9.31024e-12
4581 1 29.1425 32.7352 -47.8163 1 6.08831e-11
6993 1 27.4891 35.0735 -47.8163 1 6.43679e-11
6995 1 29.9692 35.0735 -46.3844 1 2.30184e-11
5037 1 34.1027 32.7352 -47.8163 1 6.2234e-11
5039 1 31.6226 32.7352 -46.3844 1 1.72562e-11
6999 1 32.4493 35.0735 -47.8163 1 5.45143e-11
5581 1 1.03464 2.33775 -44.9525 1 2.23682e-11
6000 1 1.03464 2.33775 -42.0887 1 2.15981e-11
6039 1 3.51474 2.33775 -43.5206 1 1.36504e-11
6036 1 5.99485 2.33775 -44.9525 1 1.28363e-11
6037 1 5.99485 2.33775 -42.0887 1 1.20724e-11
6038 1 8.47496 2.33775 -43.5206 1 1.14828e-11
6072 1 10.9551 2.33775 -44.9525 1 2.25883e-11
6491 1 10.9551 2.33775 -42.0887 1 2.18098e-11
6519 1 15.9153 2.33775 -44.9525 1 1.54368e-11
6520 1 15.9153 2.33775 -42.0887 1 1.46469e-11
6522 1 13.4352 2.33775 -43.5206 1 5.66554e-12
6521 1 18.3954 2.33775 -43.5206 1 6.98413e-12
6543 1 20.8755 2.33775 -44.9525 1 2.41267e-11
6962 1 20.8755 2.33775 -42.0887 1 2.33538e-11
6978 1 25.8357 2.33775 -44.9525 1 1.98788e-11
6979 1 25.8357 2.33775 -42.0887 1 1.91092e-11
6981 1 23.3556 2.33775 -43.5206 1 9.49738e-12
6980 1 28.3158 2.33775 -43.5206 1 2.96128e-11
6990 1 30.7959 2.33775 -44.9525 1 4.41272e-11
7409 1 30.7959 2.33775 -42.0887 1 4.33873e-11
7417 1 33.276 2.33775 -43.5206 1 2.36856e-11
5536 1 2.68804 7.01428 -44.9525 1 1.8594e-11
5537 1 2.68804 7.01428 -42.0887 1 1.79067e-11
5539 1 0.207933 7.01428 -43.5206 1 1.24933e-11
5540 1 1.86134 4.67601 -43.5206 1 2.85537e-11
5538 1 5.16815 7.01428 -43.5206 1 1.35608e-11
5573 1 7.64825 7.01428 -44.9525 1 2.06283e-11
5577 1 4.34145 4.67602 -44.9525 1 3.16526e-11
5992 1 7.64825 7.01428 -42.0887 1 1.99372e-11
5996 1 4.34145 4.67602 -42.0887 1 3.0845e-11
6035 1 6.82155 4.67602 -43.5206 1 1.14562e-11
6028 1 12.6085 7.01428 -44.9525 1 1.69861e-11
6029 1 12.6085 7.01428 -42.0887 1 1.63015e-11
6031 1 10.1284 7.01428 -43.5206 1 5.24854e-12
6032 1 9.30166 4.67602 -44.9525 1 1.15267e-11
6033 1 9.30166 4.67602 -42.0887 1 1.0739e-11
6034 1 11.7818 4.67602 -43.5206 1 1.81577e-11
6030 1 15.0886 7.01428 -43.5206 1 8.03291e-12
6068 1 14.2619 4.67602 -44.9525 1 1.3384e-11
6487 1 14.2619 4.67602 -42.0887 1 1.26147e-11
6518 1 16.742 4.67602 -43.5206 1 5.34726e-12
6064 1 17.5687 7.01428 -44.9525 1 1.76945e-11
6483 1 17.5687 7.01428 -42.0887 1 1.70036e-11
6514 1 20.0488 7.01428 -43.5206 1 1.30917e-11
6515 1 19.2221 4.67601 -44.9525 1 1.13525e-11
6516 1 19.2221 4.67601 -42.0887 1 1.05703e-11
6511 1 22.5289 7.01428 -44.9525 1 1.92974e-11
6512 1 22.5289 7.01428 -42.0887 1 1.86111e-11
6513 1 25.009 7.01428 -43.5206 1 1.77839e-11
6517 1 21.7022 4.67601 -43.5206 1 4.24251e-12
6539 1 24.1823 4.67601 -44.9525 1 1.85529e-11
6958 1 24.1823 4.67601 -42.0887 1 1.77632e-11
6535 1 27.4891 7.01428 -44.9525 1 2.18274e-11
6954 1 27.4891 7.01428 -42.0887 1 2.11412e-11
6973 1 29.9692 7.01428 -43.5206 1 1.27003e-11
6974 1 29.1425 4.67601 -44.9525 1 4.48238e-11
6975 1 29.1425 4.67601 -42.0887 1 4.40072e-11
6977 1 26.6624 4.67601 -43.5206 1 7.23556e-12
6971 1 32.4493 7.01428 -44.9525 1 1.99118e-11
6972 1 32.4493 7.01428 -42.0887 1 1.92251e-11
6976 1 31.6226 4.67601 -43.5206 1 1.29563e-11
6987 1 34.1027 4.67601 -44.9525 1 4.89437e-11
7406 1 34.1027 4.67601 -42.0887 1 4.8119e-11
5036 1 1.86134 11.6908 -43.5206 1 3.52502e-11
5077 1 1.03464 9.35255 -44.9525 1 2.18658e-11
5496 1 1.03464 9.35255 -42.0887 1 2.10931e-11
5535 1 3.51474 9.35255 -43.5206 1 1.32711e-11
5073 1 4.34145 11.6908 -44.9525 1 4.65737e-11
5492 1 4.34145 11.6908 -42.0887 1 4.57837e-11
5531 1 6.82155 11.6908 -43.5206 1 2.5478e-11
5532 1 5.99485 9.35255 -44.9525 1 1.27827e-11
5533 1 5.99485 9.35255 -42.0887 1 1.20197e-11
5534 1 8.47496 9.35255 -43.5206 1 1.03552e-11
5528 1 9.30166 11.6908 -44.9525 1 2.44522e-11
5529 1 9.30166 11.6908 -42.0887 1 2.36819e-11
5530 1 11.7818 11.6908 -43.5206 1 3.22746e-11
5569 1 10.9551 9.35255 -44.9525 1 2.21566e-11
5988 1 10.9551 9.35255 -42.0887 1 2.1379e-11
5565 1 14.2619 11.6908 -44.9525 1 2.40525e-11
5984 1 14.2619 11.6908 -42.0887 1 2.32988e-11
6023 1 16.742 11.6908 -43.5206 1 2.02878e-11
6024 1 15.9153 9.35255 -44.9525 1 1.46763e-11
6025 1 15.9153 9.35255 -42.0887 1 1.38835e-11
6027 1 13.4352 9.35255 -43.5206 1 5.35985e-12
6020 1 19.2221 11.6908 -44.9525 1 2.09879e-11
6021 1 19.2221 11.6908 -42.0887 1 2.02228e-11
6026 1 18.3954 9.35255 -43.5206 1 6.92171e-12
6060 1 20.8755 9.35255 -44.9525 1 2.34208e-11
6479 1 20.8755 9.35255 -42.0887 1 2.26456e-11
6022 1 21.7022 11.6908 -43.5206 1 1.7676e-11
6056 1 24.1823 11.6908 -44.9525 1 3.508e-11
6475 1 24.1823 11.6908 -42.0887 1 3.43065e-11
6507 1 25.8357 9.35255 -44.9525 1 1.96918e-11
6508 1 25.8357 9.35255 -42.0887 1 1.89222e-11
6510 1 23.3556 9.35255 -43.5206 1 9.06842e-12
6503 1 29.1425 11.6908 -44.9525 1 5.9069e-11
6504 1 29.1425 11.6908 -42.0887 1 5.82719e-11
6506 1 26.6624 11.6908 -43.5206 1 1.78556e-11
6509 1 28.3158 9.35255 -43.5206 1 2.84617e-11
6505 1 31.6226 11.6908 -43.5206 1 1.97261e-11
6528 1 34.1027 11.6908 -44.9525 1 6.79937e-11
6531 1 30.7959 9.35255 -44.9525 1 4.42303e-11
6947 1 34.1027 11.6908 -42.0887 1 6.71828e-11
6950 1 30.7959 9.35255 -42.0887 1 4.34942e-11
6970 1 33.276 9.35255 -43.5206 1 2.28253e-11
4577 1 1.03464 16.3674 -44.9525 1 3.09481e-11
4996 1 1.03464 16.3674 -42.0887 1 3.01527e-11
5031 1 3.51474 16.3674 -43.5206 1 2.44738e-11
5032 1 2.68804 14.0291 -44.9525 1 3.90677e-11
5033 1 2.68804 14.0291 -42.0887 1 3.83811e-11
5035 1 0.207933 14.0291 -43.5206 1 5.20925e-11
5028 1 5.99485 16.3674 -44.9525 1 2.964e-11
5029 1 5.99485 16.3674 -42.0887 1 2.88587e-11
5030 1 8.47496 16.3674 -43.5206 1 8.653e-12
5034 1 5.16815 14.0291 -43.5206 1 6.66818e-11
5069 1 7.64825 14.0291 -44.9525 1 3.43115e-11
5488 1 7.64825 14.0291 -42.0887 1 3.36207e-11
5065 1 10.9551 16.3674 -44.9525 1 3.24818e-11
5484 1 10.9551 16.3674 -42.0887 1 3.16838e-11
5524 1 12.6085 14.0291 -44.9525 1 5.49231e-11
5525 1 12.6085 14.0291 -42.0887 1 5.42359e-11
5527 1 10.1284 14.0291 -43.5206 1 3.32778e-11
5520 1 15.9153 16.3674 -44.9525 1 1.93008e-11
5521 1 15.9153 16.3674 -42.0887 1 1.84895e-11
5523 1 13.4352 16.3674 -43.5206 1 1.78368e-11
5526 1 15.0886 14.0291 -43.5206 1 3.34658e-11
5522 1 18.3954 16.3674 -43.5206 1 2.36094e-11
5557 1 20.8755 16.3674 -44.9525 1 2.90053e-11
5561 1 17.5687 14.0291 -44.9525 1 5.2005e-11
5976 1 20.8755 16.3674 -42.0887 1 2.82083e-11
5980 1 17.5687 14.0291 -42.0887 1 5.13125e-11
6019 1 20.0488 14.0291 -43.5206 1 4.23518e-11
6012 1 25.8357 16.3674 -44.9525 1 3.4247e-11
6013 1 25.8357 16.3674 -42.0887 1 3.34569e-11
6015 1 23.3556 16.3674 -43.5206 1 1.9423e-11
6016 1 22.5289 14.0291 -44.9525 1 4.869e-11
6017 1 22.5289 14.0291 -42.0887 1 4.8003e-11
6018 1 25.009 14.0291 -43.5206 1 7.257e-11
6014 1 28.3158 16.3674 -43.5206 1 2.63013e-11
6052 1 27.4891 14.0291 -44.9525 1 3.29523e-11
6471 1 27.4891 14.0291 -42.0887 1 3.22661e-11
6502 1 29.9692 14.0291 -43.5206 1 5.10612e-11
6048 1 30.7959 16.3674 -44.9525 1 6.38057e-11
6467 1 30.7959 16.3674 -42.0887 1 6.30472e-11
6499 1 33.276 16.3674 -43.5206 1 2.56962e-11
6500 1 32.4493 14.0291 -44.9525 1 4.43685e-11
6501 1 32.4493 14.0291 -42.0887 1 4.36813e-11
4543 1 2.68804 21.0439 -44.9525 1 2.46285e-11
4544 1 2.68804 21.0439 -42.0887 1 2.39397e-11
4546 1 0.207933 21.0439 -43.5206 1 3.17615e-11
4547 1 1.86134 18.7056 -43.5206 1 2.94713e-11
4545 1 5.16815 21.0439 -43.5206 1 4.2186e-11
4569 1 7.64825 21.0439 -44.9525 1 2.1961e-11
4573 1 4.34145 18.7056 -44.9525 1 3.15414e-11
4988 1 7.64825 21.0439 -42.0887 1 2.12677e-11
4992 1 4.34145 18.7056 -42.0887 1 3.07333e-11
5027 1 6.82155 18.7056 -43.5206 1 1.14584e-11
5020 1 12.6085 21.0439 -44.9525 1 3.51034e-11
5021 1 12.6085 21.0439 -42.0887 1 3.44136e-11
5023 1 10.1284 21.0439 -43.5206 1 1.65072e-11
5024 1 9.30166 18.7056 -44.9525 1 1.1668e-11
5025 1 9.30166 18.7056 -42.0887 1 1.08787e-11
5026 1 11.7818 18.7056 -43.5206 1 1.81499e-11
5022 1 15.0886 21.0439 -43.5206 1 1.74954e-11
5061 1 14.2619 18.7056 -44.9525 1 1.3807e-11
5480 1 14.2619 18.7056 -42.0887 1 1.30359e-11
5519 1 16.742 18.7056 -43.5206 1 5.23609e-12
5057 1 17.5687 21.0439 -44.9525 1 3.33014e-11
5476 1 17.5687 21.0439 -42.0887 1 3.26052e-11
5515 1 20.0488 21.0439 -43.5206 1 2.52017e-11
5516 1 19.2221 18.7056 -44.9525 1 1.19049e-11
5517 1 19.2221 18.7056 -42.0887 1 1.11211e-11
5512 1 22.5289 21.0439 -44.9525 1 3.15012e-11
5513 1 22.5289 21.0439 -42.0887 1 3.08112e-11
5514 1 25.009 21.0439 -43.5206 1 4.75567e-11
5518 1 21.7022 18.7056 -43.5206 1 4.31995e-12
5553 1 24.1823 18.7056 -44.9525 1 1.82447e-11
5972 1 24.1823 18.7056 -42.0887 1 1.74532e-11
5549 1 27.4891 21.0439 -44.9525 1 2.13907e-11
5968 1 27.4891 21.0439 -42.0887 1 2.07029e-11
6007 1 29.9692 21.0439 -43.5206 1 3.11105e-11
6008 1 29.1425 18.7056 -44.9525 1 4.48006e-11
6009 1 29.1425 18.7056 -42.0887 1 4.39845e-11
6011 1 26.6624 18.7056 -43.5206 1 7.66559e-12
6005 1 32.4493 21.0439 -44.9525 1 2.8701e-11
6006 1 32.4493 21.0439 -42.0887 1 2.80112e-11
6010 1 31.6226 18.7056 -43.5206 1 1.38662e-11
6045 1 34.1027 18.7056 -44.9525 1 4.83193e-11
6464 1 34.1027 18.7056 -42.0887 1 4.7492e-11
4082 1 1.86134 25.7204 -43.5206 1 8.19806e-11
4100 1 1.03464 23.3822 -44.9525 1 4.65725e-11
4519 1 1.03464 23.3822 -42.0887 1 4.57603e-11
4542 1 3.51474 23.3822 -43.5206 1 4.10787e-11
4096 1 4.34145 25.7204 -44.9525 1 6.98687e-11
4515 1 4.34145 25.7204 -42.0887 1 6.90216e-11
4538 1 6.82155 25.7204 -43.5206 1 5.134e-11
4539 1 5.99485 23.3822 -44.9525 1 4.88739e-11
4540 1 5.99485 23.3822 -42.0887 1 4.80753e-11
4541 1 8.47496 23.3822 -43.5206 1 1.92685e-11
4535 1 9.30166 25.7204 -44.9525 1 5.34521e-11
4536 1 9.30166 25.7204 -42.0887 1 5.26255e-11
4537 1 11.7818 25.7204 -43.5206 1 5.78808e-11
4565 1 10.9551 23.3822 -44.9525 1 4.86858e-11
4984 1 10.9551 23.3822 -42.0887 1 4.78718e-11
4561 1 14.2619 25.7204 -44.9525 1 5.94881e-11
4980 1 14.2619 25.7204 -42.0887 1 5.8678e-11
5015 1 16.742 25.7204 -43.5206 1 4.35488e-11
5016 1 15.9153 23.3822 -44.9525 1 3.28592e-11
5017 1 15.9153 23.3822 -42.0887 1 3.2032e-11
5019 1 13.4352 23.3822 -43.5206 1 3.50376e-11
5012 1 19.2221 25.7204 -44.9525 1 5.93732e-11
5013 1 19.2221 25.7204 -42.0887 1 5.85506e-11
5018 1 18.3954 23.3822 -43.5206 1 4.27637e-11
5053 1 20.8755 23.3822 -44.9525 1 4.30085e-11
5472 1 20.8755 23.3822 -42.0887 1 4.21956e-11
5014 1 21.7022 25.7204 -43.5206 1 4.52344e-11
5049 1 24.1823 25.7204 -44.9525 1 5.38254e-11
5468 1 24.1823 25.7204 -42.0887 1 5.29963e-11
5508 1 25.8357 23.3822 -44.9525 1 5.24129e-11
5509 1 25.8357 23.3822 -42.0887 1 5.16056e-11
5511 1 23.3556 23.3822 -43.5206 1 3.56384e-11
5504 1 29.1425 25.7204 -44.9525 1 8.4309e-11
5505 1 29.1425 25.7204 -42.0887 1 8.34537e-11
5507 1 26.6624 25.7204 -43.5206 1 5.3425e-11
5510 1 28.3158 23.3822 -43.5206 1 3.6707e-11
5506 1 31.6226 25.7204 -43.5206 1 6.62621e-11
5542 1 34.1027 25.7204 -44.9525 1 7.95382e-11
5545 1 30.7959 23.3822 -44.9525 1 8.43024e-11
5961 1 34.1027 25.7204 -42.0887 1 7.86764e-11
5964 1 30.7959 23.3822 -42.0887 1 8.3526e-11
6004 1 33.276 23.3822 -43.5206 1 3.84366e-11
3650 1 1.03464 30.397 -44.9525 1 2.29763e-11
4066 1 1.03464 30.397 -42.0887 1 2.22019e-11
4077 1 3.51474 30.397 -43.5206 1 1.41363e-11
4078 1 2.68804 28.0587 -44.9525 1 5.19448e-11
4079 1 2.68804 28.0587 -42.0887 1 5.12482e-11
4081 1 0.207933 28.0587 -43.5206 1 3.18595e-11
4074 1 5.99485 30.397 -44.9525 1 1.29988e-11
4075 1 5.99485 30.397 -42.0887 1 1.22362e-11
4076 1 8.47496 30.397 -43.5206 1 1.27063e-11
4080 1 5.16815 28.0587 -43.5206 1 2.30351e-11
4092 1 7.64825 28.0587 -44.9525 1 5.89484e-11
4511 1 7.64825 28.0587 -42.0887 1 5.82492e-11
4088 1 10.9551 30.397 -44.9525 1 2.31249e-11
4507 1 10.9551 30.397 -42.0887 1 2.23477e-11
4531 1 12.6085 28.0587 -44.9525 1 3.75759e-11
4532 1 12.6085 28.0587 -42.0887 1 3.68828e-11
4534 1 10.1284 28.0587 -43.5206 1 3.30823e-11
4527 1 15.9153 30.397 -44.9525 1 1.63008e-11
4528 1 15.9153 30.397 -42.0887 1 1.55064e-11
4530 1 13.4352 30.397 -43.5206 1 6.0783e-12
4533 1 15.0886 28.0587 -43.5206 1 3.77669e-11
4529 1 18.3954 30.397 -43.5206 1 7.15633e-12
4553 1 20.8755 30.397 -44.9525 1 2.49355e-11
4557 1 17.5687 28.0587 -44.9525 1 4.094e-11
4972 1 20.8755 30.397 -42.0887 1 2.41579e-11
4976 1 17.5687 28.0587 -42.0887 1 4.02414e-11
5011 1 20.0488 28.0587 -43.5206 1 4.00307e-11
5004 1 25.8357 30.397 -44.9525 1 2.01726e-11
5005 1 25.8357 30.397 -42.0887 1 1.94023e-11
5007 1 23.3556 30.397 -43.5206 1 1.00309e-11
5008 1 22.5289 28.0587 -44.9525 1 4.61388e-11
5009 1 22.5289 28.0587 -42.0887 1 4.54441e-11
5010 1 25.009 28.0587 -43.5206 1 2.605e-11
5006 1 28.3158 30.397 -43.5206 1 3.08644e-11
5045 1 27.4891 28.0587 -44.9525 1 6.20246e-11
5464 1 27.4891 28.0587 -42.0887 1 6.13301e-11
5503 1 29.9692 28.0587 -43.5206 1 3.29745e-11
5041 1 30.7959 30.397 -44.9525 1 4.4134e-11
5460 1 30.7959 30.397 -42.0887 1 4.33975e-11
5500 1 33.276 30.397 -43.5206 1 2.46503e-11
5501 1 32.4493 28.0587 -44.9525 1 5.03591e-11
5502 1 32.4493 28.0587 -42.0887 1 4.96628e-11
3644 1 1.86134 32.7352 -43.5206 1 3.60541e-11
6040 1 2.68804 35.0735 -44.9525 1 4.26459e-11
6041 1 2.68804 35.0735 -42.0887 1 4.19661e-11
6043 1 0.207933 35.0735 -43.5206 1 2.51678e-11
3646 1 4.34145 32.7352 -44.9525 1 3.44032e-11
4062 1 4.34145 32.7352 -42.0887 1 3.35895e-11
4073 1 6.82155 32.7352 -43.5206 1 1.47297e-11
6042 1 5.16815 35.0735 -43.5206 1 1.81828e-11
6076 1 7.64825 35.0735 -44.9525 1 4.87272e-11
6495 1 7.64825 35.0735 -42.0887 1 4.80465e-11
4070 1 9.30166 32.7352 -44.9525 1 1.54331e-11
4071 1 9.30166 32.7352 -42.0887 1 1.46395e-11
4072 1 11.7818 32.7352 -43.5206 1 2.1378e-11
6523 1 12.6085 35.0735 -44.9525 1 3.06495e-11
6524 1 12.6085 35.0735 -42.0887 1 2.99662e-11
6526 1 10.1284 35.0735 -43.5206 1 2.48133e-11
4084 1 14.2619 32.7352 -44.9525 1 1.85926e-11
4503 1 14.2619 32.7352 -42.0887 1 1.78148e-11
4526 1 16.742 32.7352 -43.5206 1 8.09285e-12
6525 1 15.0886 35.0735 -43.5206 1 2.9143e-11
4523 1 19.2221 32.7352 -44.9525 1 1.7158e-11
4524 1 19.2221 32.7352 -42.0887 1 1.63692e-11
6547 1 17.5687 35.0735 -44.9525 1 3.3519e-11
6966 1 17.5687 35.0735 -42.0887 1 3.28329e-11
6985 1 20.0488 35.0735 -43.5206 1 3.19266e-11
4525 1 21.7022 32.7352 -43.5206 1 7.85893e-12
4549 1 24.1823 32.7352 -44.9525 1 2.03846e-11
4968 1 24.1823 32.7352 -42.0887 1 1.9587e-11
6982 1 22.5289 35.0735 -44.9525 1 3.80512e-11
6983 1 22.5289 35.0735 -42.0887 1 3.73701e-11
6984 1 25.009 35.0735 -43.5206 1 2.14226e-11
5000 1 29.1425 32.7352 -44.9525 1 4.79696e-11
5001 1 29.1425 32.7352 -42.0887 1 4.71491e-11
5003 1 26.6624 32.7352 -43.5206 1 1.24751e-11
6994 1 27.4891 35.0735 -44.9525 1 5.14478e-11
7413 1 27.4891 35.0735 -42.0887 1 5.07726e-11
7420 1 29.9692 35.0735 -43.5206 1 2.61114e-11
5002 1 31.6226 32.7352 -43.5206 1 2.04157e-11
5038 1 34.1027 32.7352 -44.9525 1 4.93196e-11
5457 1 34.1027 32.7352 -42.0887 1 4.84864e-11
7418 1 32.4493 35.0735 -44.9525 1 4.15971e-11
7419 1 32.4493 35.0735 -42.0887 1 4.09137e-11
6001 1 1.03464 2.33775 -39.2249 1 1.43629e-11
6002 1 3.51474 2.33775 -40.6568 1 1.37149e-11
6459 1 3.51474 2.33775 -37.7931 1 1.54657e-11
6456 1 5.99485 2.33775 -39.2249 1 4.58638e-12
6458 1 8.47496 2.33775 -37.7931 1 1.23171e-11
6494 1 8.47496 2.33775 -40.6568 1 1.16558e-11
6492 1 10.9551 2.33775 -39.2249 1 1.4747e-11
6493 1 13.4352 2.33775 -40.6568 1 5.74579e-12
6939 1 15.9153 2.33775 -39.2249 1 7.75928e-12
6942 1 13.4352 2.33775 -37.7931 1 7.42175e-12
6941 1 18.3954 2.33775 -37.7931 1 9.14044e-12
6963 1 20.8755 2.33775 -39.2249 1 1.61532e-11
6965 1 18.3954 2.33775 -40.6568 1 7.02285e-12
6964 1 23.3556 2.33775 -40.6568 1 9.55608e-12
7398 1 25.8357 2.33775 -39.2249 1 1.17328e-11
7401 1 23.3556 2.33775 -37.7931 1 1.12454e-11
7400 1 28.3158 2.33775 -37.7931 1 3.05965e-11
7412 1 28.3158 2.33775 -40.6568 1 2.9756e-11
7410 1 30.7959 2.33775 -39.2249 1 3.54621e-11
7411 1 33.276 2.33775 -40.6568 1 2.37892e-11
7837 1 33.276 2.33775 -37.7931 1 2.49634e-11
5499 1 0.207933 7.01428 -40.6568 1 1.18143e-11
5956 1 2.68804 7.01428 -39.2249 1 1.03559e-11
5959 1 0.207933 7.01428 -37.7931 1 1.56652e-11
5960 1 1.86134 4.67601 -37.7931 1 3.0861e-11
5999 1 1.86134 4.67601 -40.6568 1 2.86455e-11
5958 1 5.16815 7.01428 -37.7931 1 1.67313e-11
5993 1 7.64825 7.01428 -39.2249 1 1.23917e-11
5995 1 5.16815 7.01428 -40.6568 1 1.28859e-11
5997 1 4.34145 4.67602 -39.2249 1 2.40213e-11
5998 1 6.82155 4.67602 -40.6568 1 1.15625e-11
6455 1 6.82155 4.67602 -37.7931 1 1.31662e-11
5994 1 10.1284 7.01428 -40.6568 1 4.57213e-12
6448 1 12.6085 7.01428 -39.2249 1 8.74519e-12
6451 1 10.1284 7.01428 -37.7931 1 8.39836e-12
6452 1 9.30166 4.67602 -39.2249 1 3.54646e-12
6454 1 11.7818 4.67602 -37.7931 1 1.98752e-11
6490 1 11.7818 4.67602 -40.6568 1 1.82942e-11
6450 1 15.0886 7.01428 -37.7931 1 1.12184e-11
6486 1 15.0886 7.01428 -40.6568 1 7.35203e-12
6488 1 14.2619 4.67602 -39.2249 1 5.14639e-12
6489 1 16.742 4.67602 -40.6568 1 5.41252e-12
6938 1 16.742 4.67602 -37.7931 1 7.15865e-12
6484 1 17.5687 7.01428 -39.2249 1 9.46114e-12
6485 1 20.0488 7.01428 -40.6568 1 1.24178e-11
6934 1 20.0488 7.01428 -37.7931 1 1.62331e-11
6935 1 19.2221 4.67601 -39.2249 1 3.20114e-12
6931 1 22.5289 7.01428 -39.2249 1 1.10573e-11
6933 1 25.009 7.01428 -37.7931 1 2.09541e-11
6937 1 21.7022 4.67601 -37.7931 1 6.23302e-12
6957 1 25.009 7.01428 -40.6568 1 1.71069e-11
6959 1 24.1823 4.67601 -39.2249 1 1.07359e-11
6961 1 21.7022 4.67601 -40.6568 1 4.29258e-12
6955 1 27.4891 7.01428 -39.2249 1 1.35905e-11
6956 1 29.9692 7.01428 -40.6568 1 1.20231e-11
6960 1 26.6624 4.67601 -40.6568 1 7.28073e-12
7393 1 29.9692 7.01428 -37.7931 1 1.58558e-11
7394 1 29.1425 4.67601 -39.2249 1 3.72662e-11
7397 1 26.6624 4.67601 -37.7931 1 9.38163e-12
7391 1 32.4493 7.01428 -39.2249 1 1.16782e-11
7396 1 31.6226 4.67601 -37.7931 1 1.53086e-11
7407 1 34.1027 4.67601 -39.2249 1 4.15784e-11
7408 1 31.6226 4.67601 -40.6568 1 1.29849e-11
5456 1 1.86134 11.6908 -37.7931 1 3.59276e-11
5495 1 1.86134 11.6908 -40.6568 1 3.55704e-11
5497 1 1.03464 9.35255 -39.2249 1 1.38416e-11
5498 1 3.51474 9.35255 -40.6568 1 1.33183e-11
5955 1 3.51474 9.35255 -37.7931 1 1.51934e-11
5493 1 4.34145 11.6908 -39.2249 1 3.92438e-11
5494 1 6.82155 11.6908 -40.6568 1 2.58126e-11
5951 1 6.82155 11.6908 -37.7931 1 2.55422e-11
5952 1 5.99485 9.35255 -39.2249 1 4.5152e-12
5954 1 8.47496 9.35255 -37.7931 1 1.1287e-11
5991 1 8.47496 9.35255 -40.6568 1 1.05097e-11
5948 1 9.30166 11.6908 -39.2249 1 1.67767e-11
5950 1 11.7818 11.6908 -37.7931 1 3.23595e-11
5987 1 11.7818 11.6908 -40.6568 1 3.26373e-11
5989 1 10.9551 9.35255 -39.2249 1 1.42932e-11
5985 1 14.2619 11.6908 -39.2249 1 1.6121e-11
5986 1 16.742 11.6908 -40.6568 1 2.05809e-11
5990 1 13.4352 9.35255 -40.6568 1 5.42211e-12
6443 1 16.742 11.6908 -37.7931 1 2.04527e-11
6444 1 15.9153 9.35255 -39.2249 1 6.97827e-12
6447 1 13.4352 9.35255 -37.7931 1 7.22682e-12
6440 1 19.2221 11.6908 -39.2249 1 1.31413e-11
6446 1 18.3954 9.35255 -37.7931 1 9.17952e-12
6480 1 20.8755 9.35255 -39.2249 1 1.54267e-11
6482 1 18.3954 9.35255 -40.6568 1 6.94419e-12
6442 1 21.7022 11.6908 -37.7931 1 1.80261e-11
6476 1 24.1823 11.6908 -39.2249 1 2.75675e-11
6478 1 21.7022 11.6908 -40.6568 1 1.7953e-11
6481 1 23.3556 9.35255 -40.6568 1 9.11056e-12
6927 1 25.8357 9.35255 -39.2249 1 1.1529e-11
6930 1 23.3556 9.35255 -37.7931 1 1.09137e-11
6477 1 26.6624 11.6908 -40.6568 1 1.81281e-11
6923 1 29.1425 11.6908 -39.2249 1 5.18104e-11
6926 1 26.6624 11.6908 -37.7931 1 1.83705e-11
6929 1 28.3158 9.35255 -37.7931 1 2.9559e-11
6953 1 28.3158 9.35255 -40.6568 1 2.85849e-11
6925 1 31.6226 11.6908 -37.7931 1 2.04315e-11
6948 1 34.1027 11.6908 -39.2249 1 6.09337e-11
6949 1 31.6226 11.6908 -40.6568 1 1.99852e-11
6951 1 30.7959 9.35255 -39.2249 1 3.55456e-11
6952 1 33.276 9.35255 -40.6568 1 2.29134e-11
7390 1 33.276 9.35255 -37.7931 1 2.41899e-11
4997 1 1.03464 16.3674 -39.2249 1 2.25676e-11
4998 1 3.51474 16.3674 -40.6568 1 2.42566e-11
4999 1 0.207933 14.0291 -40.6568 1 5.14078e-11
5451 1 3.51474 16.3674 -37.7931 1 2.82794e-11
5452 1 2.68804 14.0291 -39.2249 1 3.08307e-11
5455 1 0.207933 14.0291 -37.7931 1 5.52747e-11
5448 1 5.99485 16.3674 -39.2249 1 2.10173e-11
5450 1 8.47496 16.3674 -37.7931 1 1.14739e-11
5454 1 5.16815 14.0291 -37.7931 1 6.98608e-11
5487 1 8.47496 16.3674 -40.6568 1 8.54177e-12
5489 1 7.64825 14.0291 -39.2249 1 2.60753e-11
5491 1 5.16815 14.0291 -40.6568 1 6.60051e-11
5485 1 10.9551 16.3674 -39.2249 1 2.42706e-11
5490 1 10.1284 14.0291 -40.6568 1 3.26004e-11
5944 1 12.6085 14.0291 -39.2249 1 4.66844e-11
5947 1 10.1284 14.0291 -37.7931 1 3.64461e-11
5486 1 13.4352 16.3674 -40.6568 1 1.76353e-11
5940 1 15.9153 16.3674 -39.2249 1 1.12467e-11
5943 1 13.4352 16.3674 -37.7931 1 2.15791e-11
5946 1 15.0886 14.0291 -37.7931 1 3.66544e-11
5983 1 15.0886 14.0291 -40.6568 1 3.27858e-11
5942 1 18.3954 16.3674 -37.7931 1 2.7753e-11
5977 1 20.8755 16.3674 -39.2249 1 2.06603e-11
5979 1 18.3954 16.3674 -40.6568 1 2.33675e-11
5981 1 17.5687 14.0291 -39.2249 1 4.3773e-11
5982 1 20.0488 14.0291 -40.6568 1 4.16781e-11
6439 1 20.0488 14.0291 -37.7931 1 4.5507e-11
5978 1 23.3556 16.3674 -40.6568 1 1.91995e-11
6432 1 25.8357 16.3674 -39.2249 1 2.57298e-11
6435 1 23.3556 16.3674 -37.7931 1 2.31549e-11
6436 1 22.5289 14.0291 -39.2249 1 4.04499e-11
6438 1 25.009 14.0291 -37.7931 1 7.57564e-11
6474 1 25.009 14.0291 -40.6568 1 7.18914e-11
6434 1 28.3158 16.3674 -37.7931 1 2.92772e-11
6470 1 28.3158 16.3674 -40.6568 1 2.61601e-11
6472 1 27.4891 14.0291 -39.2249 1 2.47148e-11
6473 1 29.9692 14.0291 -40.6568 1 5.03842e-11
6922 1 29.9692 14.0291 -37.7931 1 5.42195e-11
6468 1 30.7959 16.3674 -39.2249 1 5.47699e-11
6469 1 33.276 16.3674 -40.6568 1 2.55202e-11
6919 1 33.276 16.3674 -37.7931 1 2.89555e-11
6920 1 32.4493 14.0291 -39.2249 1 3.61436e-11
4522 1 0.207933 21.0439 -40.6568 1 3.10769e-11
4963 1 2.68804 21.0439 -39.2249 1 1.63886e-11
4966 1 0.207933 21.0439 -37.7931 1 3.49596e-11
4967 1 1.86134 18.7056 -37.7931 1 3.20037e-11
4995 1 1.86134 18.7056 -40.6568 1 2.9535e-11
4965 1 5.16815 21.0439 -37.7931 1 4.53685e-11
4989 1 7.64825 21.0439 -39.2249 1 1.37233e-11
4991 1 5.16815 21.0439 -40.6568 1 4.15084e-11
4993 1 4.34145 18.7056 -39.2249 1 2.38683e-11
4994 1 6.82155 18.7056 -40.6568 1 1.15362e-11
5447 1 6.82155 18.7056 -37.7931 1 1.33773e-11
4990 1 10.1284 21.0439 -40.6568 1 1.58292e-11
5440 1 12.6085 21.0439 -39.2249 1 2.68583e-11
5443 1 10.1284 21.0439 -37.7931 1 1.968e-11
5444 1 9.30166 18.7056 -39.2249 1 3.64758e-12
5446 1 11.7818 18.7056 -37.7931 1 2.00794e-11
5483 1 11.7818 18.7056 -40.6568 1 1.82579e-11
5442 1 15.0886 21.0439 -37.7931 1 2.07024e-11
5479 1 15.0886 21.0439 -40.6568 1 1.68138e-11
5481 1 14.2619 18.7056 -39.2249 1 5.53054e-12
5482 1 16.742 18.7056 -40.6568 1 5.27252e-12
5939 1 16.742 18.7056 -37.7931 1 7.25965e-12
5477 1 17.5687 21.0439 -39.2249 1 2.50659e-11
5478 1 20.0488 21.0439 -40.6568 1 2.45268e-11
5935 1 20.0488 21.0439 -37.7931 1 2.83629e-11
5936 1 19.2221 18.7056 -39.2249 1 3.71527e-12
5932 1 22.5289 21.0439 -39.2249 1 2.32571e-11
5934 1 25.009 21.0439 -37.7931 1 5.07511e-11
5938 1 21.7022 18.7056 -37.7931 1 6.51978e-12
5971 1 25.009 21.0439 -40.6568 1 4.68764e-11
5973 1 24.1823 18.7056 -39.2249 1 1.03866e-11
5975 1 21.7022 18.7056 -40.6568 1 4.34169e-12
5969 1 27.4891 21.0439 -39.2249 1 1.31517e-11
5970 1 29.9692 21.0439 -40.6568 1 3.04322e-11
5974 1 26.6624 18.7056 -40.6568 1 7.68234e-12
6427 1 29.9692 21.0439 -37.7931 1 3.42753e-11
6428 1 29.1425 18.7056 -39.2249 1 3.71994e-11
6431 1 26.6624 18.7056 -37.7931 1 1.00332e-11
6425 1 32.4493 21.0439 -39.2249 1 2.04712e-11
6430 1 31.6226 18.7056 -37.7931 1 1.64222e-11
6465 1 34.1027 18.7056 -39.2249 1 4.09138e-11
6466 1 31.6226 18.7056 -40.6568 1 1.38687e-11
4502 1 1.86134 25.7204 -37.7931 1 8.73178e-11
4518 1 1.86134 25.7204 -40.6568 1 8.16403e-11
4520 1 1.03464 23.3822 -39.2249 1 3.80162e-11
4521 1 3.51474 23.3822 -40.6568 1 4.07343e-11
4962 1 3.51474 23.3822 -37.7931 1 4.5763e-11
4516 1 4.34145 25.7204 -39.2249 1 6.16558e-11
4517 1 6.82155 25.7204 -40.6568 1 5.10134e-11
4958 1 6.82155 25.7204 -37.7931 1 5.6079e-11
4959 1 5.99485 23.3822 -39.2249 1 4.00757e-11
4961 1 8.47496 23.3822 -37.7931 1 2.29702e-11
4987 1 8.47496 23.3822 -40.6568 1 1.90308e-11
4955 1 9.30166 25.7204 -39.2249 1 4.48867e-11
4957 1 11.7818 25.7204 -37.7931 1 6.26236e-11
4983 1 11.7818 25.7204 -40.6568 1 5.75871e-11
4985 1 10.9551 23.3822 -39.2249 1 4.03021e-11
4981 1 14.2619 25.7204 -39.2249 1 5.06684e-11
4982 1 16.742 25.7204 -40.6568 1 4.31818e-11
4986 1 13.4352 23.3822 -40.6568 1 3.47064e-11
5435 1 16.742 25.7204 -37.7931 1 4.83894e-11
5436 1 15.9153 23.3822 -39.2249 1 2.46325e-11
5439 1 13.4352 23.3822 -37.7931 1 3.96702e-11
5432 1 19.2221 25.7204 -39.2249 1 5.06395e-11
5438 1 18.3954 23.3822 -37.7931 1 4.77836e-11
5473 1 20.8755 23.3822 -39.2249 1 3.44917e-11
5475 1 18.3954 23.3822 -40.6568 1 4.23935e-11
5434 1 21.7022 25.7204 -37.7931 1 5.02503e-11
5469 1 24.1823 25.7204 -39.2249 1 4.54246e-11
5471 1 21.7022 25.7204 -40.6568 1 4.48534e-11
5474 1 23.3556 23.3822 -40.6568 1 3.52868e-11
5928 1 25.8357 23.3822 -39.2249 1 4.3721e-11
5931 1 23.3556 23.3822 -37.7931 1 4.02553e-11
5470 1 26.6624 25.7204 -40.6568 1 5.30378e-11
5924 1 29.1425 25.7204 -39.2249 1 7.61681e-11
5927 1 26.6624 25.7204 -37.7931 1 5.86065e-11
5930 1 28.3158 23.3822 -37.7931 1 4.0565e-11
5967 1 28.3158 23.3822 -40.6568 1 3.64402e-11
5926 1 31.6226 25.7204 -37.7931 1 7.1639e-11
5962 1 34.1027 25.7204 -39.2249 1 7.15902e-11
5963 1 31.6226 25.7204 -40.6568 1 6.58579e-11
5965 1 30.7959 23.3822 -39.2249 1 7.50928e-11
5966 1 33.276 23.3822 -40.6568 1 3.81343e-11
6424 1 33.276 23.3822 -37.7931 1 4.25903e-11
4067 1 1.03464 30.397 -39.2249 1 1.49887e-11
4068 1 3.51474 30.397 -40.6568 1 1.42139e-11
4069 1 0.207933 28.0587 -40.6568 1 3.11777e-11
4497 1 3.51474 30.397 -37.7931 1 1.58747e-11
4498 1 2.68804 28.0587 -39.2249 1 4.36971e-11
4501 1 0.207933 28.0587 -37.7931 1 3.50493e-11
4494 1 5.99485 30.397 -39.2249 1 4.76974e-12
4496 1 8.47496 30.397 -37.7931 1 1.3454e-11
4500 1 5.16815 28.0587 -37.7931 1 2.62174e-11
4510 1 8.47496 30.397 -40.6568 1 1.28909e-11
4512 1 7.64825 28.0587 -39.2249 1 5.07024e-11
4514 1 5.16815 28.0587 -40.6568 1 2.23546e-11
4508 1 10.9551 30.397 -39.2249 1 1.52986e-11
4513 1 10.1284 28.0587 -40.6568 1 3.24005e-11
4951 1 12.6085 28.0587 -39.2249 1 2.93274e-11
4954 1 10.1284 28.0587 -37.7931 1 3.62441e-11
4509 1 13.4352 30.397 -40.6568 1 6.17169e-12
4947 1 15.9153 30.397 -39.2249 1 8.63909e-12
4950 1 13.4352 30.397 -37.7931 1 7.76248e-12
4953 1 15.0886 28.0587 -37.7931 1 4.0964e-11
4979 1 15.0886 28.0587 -40.6568 1 3.70805e-11
4949 1 18.3954 30.397 -37.7931 1 9.2294e-12
4973 1 20.8755 30.397 -39.2249 1 1.69768e-11
4975 1 18.3954 30.397 -40.6568 1 7.20983e-12
4977 1 17.5687 28.0587 -39.2249 1 3.26973e-11
4978 1 20.0488 28.0587 -40.6568 1 3.93513e-11
5431 1 20.0488 28.0587 -37.7931 1 4.31821e-11
4974 1 23.3556 30.397 -40.6568 1 1.01036e-11
5424 1 25.8357 30.397 -39.2249 1 1.20474e-11
5427 1 23.3556 30.397 -37.7931 1 1.16936e-11
5428 1 22.5289 28.0587 -39.2249 1 3.78901e-11
5430 1 25.009 28.0587 -37.7931 1 2.92351e-11
5467 1 25.009 28.0587 -40.6568 1 2.53679e-11
5426 1 28.3158 30.397 -37.7931 1 3.17789e-11
5463 1 28.3158 30.397 -40.6568 1 3.1017e-11
5465 1 27.4891 28.0587 -39.2249 1 5.37788e-11
5466 1 29.9692 28.0587 -40.6568 1 3.22915e-11
5923 1 29.9692 28.0587 -37.7931 1 3.61399e-11
5461 1 30.7959 30.397 -39.2249 1 3.5488e-11
5462 1 33.276 30.397 -40.6568 1 2.47681e-11
5920 1 33.276 30.397 -37.7931 1 2.58313e-11
5921 1 32.4493 28.0587 -39.2249 1 4.21115e-11
4061 1 1.86134 32.7352 -37.7931 1 3.93386e-11
4065 1 1.86134 32.7352 -40.6568 1 3.60165e-11
6003 1 0.207933 35.0735 -40.6568 1 2.44937e-11
6460 1 2.68804 35.0735 -39.2249 1 3.44187e-11
6463 1 0.207933 35.0735 -37.7931 1 2.83511e-11
4063 1 4.34145 32.7352 -39.2249 1 2.65948e-11
4064 1 6.82155 32.7352 -40.6568 1 1.47057e-11
4493 1 6.82155 32.7352 -37.7931 1 1.73963e-11
6462 1 5.16815 35.0735 -37.7931 1 2.13462e-11
6496 1 7.64825 35.0735 -39.2249 1 4.05046e-11
6498 1 5.16815 35.0735 -40.6568 1 1.75092e-11
4490 1 9.30166 32.7352 -39.2249 1 7.27762e-12
4492 1 11.7818 32.7352 -37.7931 1 2.40614e-11
4506 1 11.7818 32.7352 -40.6568 1 2.13846e-11
6497 1 10.1284 35.0735 -40.6568 1 2.41412e-11
6943 1 12.6085 35.0735 -39.2249 1 2.24158e-11
6946 1 10.1284 35.0735 -37.7931 1 2.79703e-11
4504 1 14.2619 32.7352 -39.2249 1 1.01842e-11
4505 1 16.742 32.7352 -40.6568 1 8.0279e-12
4946 1 16.742 32.7352 -37.7931 1 1.08587e-11
6945 1 15.0886 35.0735 -37.7931 1 3.23216e-11
6969 1 15.0886 35.0735 -40.6568 1 2.84676e-11
4943 1 19.2221 32.7352 -39.2249 1 8.83463e-12
6967 1 17.5687 35.0735 -39.2249 1 2.52911e-11
6968 1 20.0488 35.0735 -40.6568 1 3.12564e-11
7405 1 20.0488 35.0735 -37.7931 1 3.50722e-11
4945 1 21.7022 32.7352 -37.7931 1 1.08075e-11
4969 1 24.1823 32.7352 -39.2249 1 1.23913e-11
4971 1 21.7022 32.7352 -40.6568 1 7.77925e-12
7402 1 22.5289 35.0735 -39.2249 1 2.982e-11
7404 1 25.009 35.0735 -37.7931 1 2.45957e-11
7416 1 25.009 35.0735 -40.6568 1 2.07464e-11
4970 1 26.6624 32.7352 -40.6568 1 1.23899e-11
5420 1 29.1425 32.7352 -39.2249 1 4.02316e-11
5423 1 26.6624 32.7352 -37.7931 1 1.55945e-11
7414 1 27.4891 35.0735 -39.2249 1 4.32245e-11
7415 1 29.9692 35.0735 -40.6568 1 2.54376e-11
7840 1 29.9692 35.0735 -37.7931 1 2.92546e-11
5422 1 31.6226 32.7352 -37.7931 1 2.37154e-11
5458 1 34.1027 32.7352 -39.2249 1 4.17777e-11
5459 1 31.6226 32.7352 -40.6568 1 2.03179e-11
7838 1 32.4493 35.0735 -39.2249 1 3.33736e-11
6420 1 1.03464 2.33775 -36.3612 1 6.55857e-11
6421 1 1.03464 2.33775 -33.4974 1 9.9374e-10
6422 1 3.51474 2.33775 -34.9293 1 2.62242e-10
6457 1 5.99485 2.33775 -36.3612 1 5.67179e-11
6876 1 5.99485 2.33775 -33.4974 1 9.96125e-10
6914 1 8.47496 2.33775 -34.9293 1 2.61875e-10
6911 1 10.9551 2.33775 -36.3612 1 6.54896e-11
6912 1 10.9551 2.33775 -33.4974 1 1.00437e-09
6913 1 13.4352 2.33775 -34.9293 1 2.55224e-10
6940 1 15.9153 2.33775 -36.3612 1 5.80292e-11
7359 1 15.9153 2.33775 -33.4974 1 9.98316e-10
7382 1 20.8755 2.33775 -36.3612 1 6.72334e-11
7383 1 20.8755 2.33775 -33.4974 1 1.01148e-09
7385 1 18.3954 2.33775 -34.9293 1 2.56344e-10
7384 1 23.3556 2.33775 -34.9293 1 2.5944e-10
7399 1 25.8357 2.33775 -36.3612 1 6.37343e-11
7818 1 25.8357 2.33775 -33.4974 1 1.00092e-09
7832 1 28.3158 2.33775 -34.9293 1 2.79392e-10
7829 1 30.7959 2.33775 -36.3612 1 8.89714e-11
7830 1 30.7959 2.33775 -33.4974 1 1.02748e-09
7831 1 33.276 2.33775 -34.9293 1 2.72583e-10
5919 1 0.207933 7.01428 -34.9293 1 4.58603e-10
5957 1 2.68804 7.01428 -36.3612 1 5.32734e-11
6376 1 2.68804 7.01428 -33.4974 1 1.13788e-09
6419 1 1.86134 4.67601 -34.9293 1 2.7292e-10
6412 1 7.64825 7.01428 -36.3612 1 5.50654e-11
6413 1 7.64825 7.01428 -33.4974 1 1.15112e-09
6415 1 5.16815 7.01428 -34.9293 1 4.61173e-10
6416 1 4.34145 4.67602 -36.3612 1 7.45841e-11
6417 1 4.34145 4.67601 -33.4974 1 1.00206e-09
6418 1 6.82155 4.67602 -34.9293 1 2.59279e-10
6414 1 10.1284 7.01428 -34.9293 1 4.53728e-10
6449 1 12.6085 7.01428 -36.3612 1 5.17801e-11
6453 1 9.30166 4.67602 -36.3612 1 5.50538e-11
6868 1 12.6085 7.01428 -33.4974 1 1.14593e-09
6872 1 9.30166 4.67602 -33.4974 1 9.94423e-10
6910 1 11.7818 4.67602 -34.9293 1 2.66e-10
6906 1 15.0886 7.01428 -34.9293 1 4.58049e-10
6907 1 14.2619 4.67602 -36.3612 1 5.7835e-11
6908 1 14.2619 4.67602 -33.4974 1 9.97558e-10
6909 1 16.742 4.67602 -34.9293 1 2.55447e-10
6903 1 17.5687 7.01428 -36.3612 1 5.23485e-11
6904 1 17.5687 7.01428 -33.4974 1 1.15393e-09
6905 1 20.0488 7.01428 -34.9293 1 4.62337e-10
6936 1 19.2221 4.67601 -36.3612 1 5.54067e-11
7355 1 19.2221 4.67601 -33.4974 1 1.00088e-09
6932 1 22.5289 7.01428 -36.3612 1 5.39371e-11
7351 1 22.5289 7.01428 -33.4974 1 1.15034e-09
7377 1 25.009 7.01428 -34.9293 1 4.65832e-10
7378 1 24.1823 4.67601 -36.3612 1 6.16584e-11
7379 1 24.1823 4.67601 -33.4974 1 9.97213e-10
7381 1 21.7022 4.67601 -34.9293 1 2.52928e-10
7374 1 27.4891 7.01428 -36.3612 1 5.63438e-11
7375 1 27.4891 7.01428 -33.4974 1 1.14642e-09
7376 1 29.9692 7.01428 -34.9293 1 4.58043e-10
7380 1 26.6624 4.67601 -34.9293 1 2.54051e-10
7395 1 29.1425 4.67601 -36.3612 1 8.73134e-11
7814 1 29.1425 4.67601 -33.4974 1 1.01502e-09
7392 1 32.4493 7.01428 -36.3612 1 5.41878e-11
7811 1 32.4493 7.01428 -33.4974 1 1.14199e-09
7826 1 34.1027 4.67601 -36.3612 1 9.08333e-11
7827 1 34.1027 4.67601 -33.4974 1 1.0142e-09
7828 1 31.6226 4.67601 -34.9293 1 2.58078e-10
5915 1 1.86134 11.6908 -34.9293 1 2.80253e-10
5916 1 1.03464 9.35255 -36.3612 1 6.52909e-11
5917 1 1.03464 9.35255 -33.4974 1 9.90274e-10
5918 1 3.51474 9.35255 -34.9293 1 2.61533e-10
5912 1 4.34145 11.6908 -36.3612 1 8.76176e-11
5913 1 4.34145 11.6908 -33.4974 1 1.01304e-09
5914 1 6.82155 11.6908 -34.9293 1 2.74012e-10
5953 1 5.99485 9.35255 -36.3612 1 5.68782e-11
6372 1 5.99485 9.35255 -33.4974 1 9.92776e-10
6411 1 8.47496 9.35255 -34.9293 1 2.60458e-10
5949 1 9.30166 11.6908 -36.3612 1 6.6067e-11
6368 1 9.30166 11.6908 -33.4974 1 1.00341e-09
6407 1 11.7818 11.6908 -34.9293 1 2.80701e-10
6408 1 10.9551 9.35255 -36.3612 1 6.52464e-11
6409 1 10.9551 9.35255 -33.4974 1 1.00057e-09
6404 1 14.2619 11.6908 -36.3612 1 6.66418e-11
6405 1 14.2619 11.6908 -33.4974 1 1.00423e-09
6406 1 16.742 11.6908 -34.9293 1 2.71154e-10
6410 1 13.4352 9.35255 -34.9293 1 2.5455e-10
6445 1 15.9153 9.35255 -36.3612 1 5.74922e-11
6864 1 15.9153 9.35255 -33.4974 1 9.94081e-10
6441 1 19.2221 11.6908 -36.3612 1 6.31534e-11
6860 1 19.2221 11.6908 -33.4974 1 1.00666e-09
6899 1 20.8755 9.35255 -36.3612 1 6.67306e-11
6900 1 20.8755 9.35255 -33.4974 1 1.00757e-09
6902 1 18.3954 9.35255 -34.9293 1 2.56013e-10
6895 1 24.1823 11.6908 -36.3612 1 7.62973e-11
6896 1 24.1823 11.6908 -33.4974 1 1.00954e-09
6898 1 21.7022 11.6908 -34.9293 1 2.67082e-10
6901 1 23.3556 9.35255 -34.9293 1 2.58839e-10
6928 1 25.8357 9.35255 -36.3612 1 6.37762e-11
7347 1 25.8357 9.35255 -33.4974 1 9.97265e-10
6897 1 26.6624 11.6908 -34.9293 1 2.6515e-10
6924 1 29.1425 11.6908 -36.3612 1 9.96297e-11
7343 1 29.1425 11.6908 -33.4974 1 1.02543e-09
7373 1 28.3158 9.35255 -34.9293 1 2.77709e-10
7367 1 34.1027 11.6908 -36.3612 1 1.07979e-10
7368 1 34.1027 11.6908 -33.4974 1 1.02959e-09
7369 1 31.6226 11.6908 -34.9293 1 2.65569e-10
7370 1 30.7959 9.35255 -36.3612 1 8.92514e-11
7371 1 30.7959 9.35255 -33.4974 1 1.02413e-09
7372 1 33.276 9.35255 -34.9293 1 2.71458e-10
5416 1 1.03464 16.3674 -36.3612 1 7.67089e-11
5417 1 1.03464 16.3674 -33.4974 1 1.00629e-09
5418 1 3.51474 16.3674 -34.9293 1 2.72493e-10
5419 1 0.207933 14.0291 -34.9293 1 4.98893e-10
5453 1 2.68804 14.0291 -36.3612 1 7.37222e-11
5872 1 2.68804 14.0291 -33.4974 1 1.15953e-09
5449 1 5.99485 16.3674 -36.3612 1 7.60623e-11
5868 1 5.99485 16.3674 -33.4974 1 1.01663e-09
5907 1 8.47496 16.3674 -34.9293 1 2.58627e-10
5908 1 7.64825 14.0291 -36.3612 1 6.87037e-11
5909 1 7.64825 14.0291 -33.4974 1 1.16617e-09
5911 1 5.16815 14.0291 -34.9293 1 5.14903e-10
5904 1 10.9551 16.3674 -36.3612 1 7.79217e-11
5905 1 10.9551 16.3674 -33.4974 1 1.018e-09
5910 1 10.1284 14.0291 -34.9293 1 4.82414e-10
5945 1 12.6085 14.0291 -36.3612 1 8.97092e-11
6364 1 12.6085 14.0291 -33.4974 1 1.1853e-09
5906 1 13.4352 16.3674 -34.9293 1 2.66895e-10
5941 1 15.9153 16.3674 -36.3612 1 6.44365e-11
6360 1 15.9153 16.3674 -33.4974 1 1.00586e-09
6403 1 15.0886 14.0291 -34.9293 1 4.84215e-10
6396 1 20.8755 16.3674 -36.3612 1 7.46519e-11
6397 1 20.8755 16.3674 -33.4974 1 1.02e-09
6399 1 18.3954 16.3674 -34.9293 1 2.72418e-10
6400 1 17.5687 14.0291 -36.3612 1 8.66335e-11
6401 1 17.5687 14.0291 -33.4974 1 1.18961e-09
6402 1 20.0488 14.0291 -34.9293 1 4.92213e-10
6398 1 23.3556 16.3674 -34.9293 1 2.6896e-10
6433 1 25.8357 16.3674 -36.3612 1 8.06463e-11
6437 1 22.5289 14.0291 -36.3612 1 8.33053e-11
6852 1 25.8357 16.3674 -33.4974 1 1.01915e-09
6856 1 22.5289 14.0291 -33.4974 1 1.18086e-09
6894 1 25.009 14.0291 -34.9293 1 5.2111e-10
6890 1 28.3158 16.3674 -34.9293 1 2.75422e-10
6891 1 27.4891 14.0291 -36.3612 1 6.7431e-11
6892 1 27.4891 14.0291 -33.4974 1 1.1589e-09
6893 1 29.9692 14.0291 -34.9293 1 4.97098e-10
6887 1 30.7959 16.3674 -36.3612 1 1.11188e-10
6888 1 30.7959 16.3674 -33.4974 1 1.05074e-09
6889 1 33.276 16.3674 -34.9293 1 2.74266e-10
6921 1 32.4493 14.0291 -36.3612 1 7.8623e-11
7340 1 32.4493 14.0291 -33.4974 1 1.16808e-09
4942 1 0.207933 21.0439 -34.9293 1 4.79091e-10
4964 1 2.68804 21.0439 -36.3612 1 5.94245e-11
5383 1 2.68804 21.0439 -33.4974 1 1.14911e-09
5415 1 1.86134 18.7056 -34.9293 1 2.74664e-10
5408 1 7.64825 21.0439 -36.3612 1 5.64996e-11
5409 1 7.64825 21.0439 -33.4974 1 1.15819e-09
5411 1 5.16815 21.0439 -34.9293 1 4.91291e-10
5412 1 4.34145 18.7056 -36.3612 1 7.48499e-11
5413 1 4.34145 18.7056 -33.4974 1 1.00469e-09
5414 1 6.82155 18.7056 -34.9293 1 2.6035e-10
5410 1 10.1284 21.0439 -34.9293 1 4.66287e-10
5441 1 12.6085 21.0439 -36.3612 1 7.00018e-11
5445 1 9.30166 18.7056 -36.3612 1 5.55637e-11
5860 1 12.6085 21.0439 -33.4974 1 1.16965e-09
5864 1 9.30166 18.7056 -33.4974 1 9.97493e-10
5903 1 11.7818 18.7056 -34.9293 1 2.66887e-10
5899 1 15.0886 21.0439 -34.9293 1 4.68832e-10
5900 1 14.2619 18.7056 -36.3612 1 5.86228e-11
5901 1 14.2619 18.7056 -33.4974 1 1.00085e-09
5902 1 16.742 18.7056 -34.9293 1 2.56281e-10
5896 1 17.5687 21.0439 -36.3612 1 6.80832e-11
5897 1 17.5687 21.0439 -33.4974 1 1.17488e-09
5898 1 20.0488 21.0439 -34.9293 1 4.75897e-10
5937 1 19.2221 18.7056 -36.3612 1 5.63456e-11
6356 1 19.2221 18.7056 -33.4974 1 1.00426e-09
5933 1 22.5289 21.0439 -36.3612 1 6.62411e-11
6352 1 22.5289 21.0439 -33.4974 1 1.16837e-09
6391 1 25.009 21.0439 -34.9293 1 4.968e-10
6392 1 24.1823 18.7056 -36.3612 1 6.17064e-11
6393 1 24.1823 18.7056 -33.4974 1 9.99959e-10
6395 1 21.7022 18.7056 -34.9293 1 2.5405e-10
6388 1 27.4891 21.0439 -36.3612 1 5.60273e-11
6389 1 27.4891 21.0439 -33.4974 1 1.15141e-09
6390 1 29.9692 21.0439 -34.9293 1 4.7808e-10
6394 1 26.6624 18.7056 -34.9293 1 2.55268e-10
6429 1 29.1425 18.7056 -36.3612 1 8.76563e-11
6848 1 29.1425 18.7056 -33.4974 1 1.0179e-09
6426 1 32.4493 21.0439 -36.3612 1 6.30952e-11
6845 1 32.4493 21.0439 -33.4974 1 1.15674e-09
6884 1 34.1027 18.7056 -36.3612 1 9.05665e-11
6885 1 34.1027 18.7056 -33.4974 1 1.01683e-09
6886 1 31.6226 18.7056 -34.9293 1 2.60147e-10
4938 1 1.86134 25.7204 -34.9293 1 3.28155e-10
4939 1 1.03464 23.3822 -36.3612 1 9.35332e-11
4940 1 1.03464 23.3822 -33.4974 1 1.02825e-09
4941 1 3.51474 23.3822 -34.9293 1 2.89929e-10
4935 1 4.34145 25.7204 -36.3612 1 1.16701e-10
4936 1 4.34145 25.7204 -33.4974 1 1.05365e-09
4937 1 6.82155 25.7204 -34.9293 1 3.01005e-10
4960 1 5.99485 23.3822 -36.3612 1 9.6493e-11
5379 1 5.99485 23.3822 -33.4974 1 1.04289e-09
5407 1 8.47496 23.3822 -34.9293 1 2.69872e-10
4956 1 9.30166 25.7204 -36.3612 1 1.00821e-10
5375 1 9.30166 25.7204 -33.4974 1 1.04979e-09
5403 1 11.7818 25.7204 -34.9293 1 3.07478e-10
5404 1 10.9551 23.3822 -36.3612 1 9.5282e-11
5405 1 10.9551 23.3822 -33.4974 1 1.04086e-09
5400 1 14.2619 25.7204 -36.3612 1 1.07821e-10
5401 1 14.2619 25.7204 -33.4974 1 1.05699e-09
5402 1 16.742 25.7204 -34.9293 1 2.95525e-10
5406 1 13.4352 23.3822 -34.9293 1 2.84721e-10
5437 1 15.9153 23.3822 -36.3612 1 7.92169e-11
5856 1 15.9153 23.3822 -33.4974 1 1.02596e-09
5433 1 19.2221 25.7204 -36.3612 1 1.07299e-10
5852 1 19.2221 25.7204 -33.4974 1 1.06258e-09
5892 1 20.8755 23.3822 -36.3612 1 8.98258e-11
5893 1 20.8755 23.3822 -33.4974 1 1.04127e-09
5895 1 18.3954 23.3822 -34.9293 1 2.92388e-10
5888 1 24.1823 25.7204 -36.3612 1 1.00817e-10
5889 1 24.1823 25.7204 -33.4974 1 1.04581e-09
5891 1 21.7022 25.7204 -34.9293 1 2.95804e-10
5894 1 23.3556 23.3822 -34.9293 1 2.8585e-10
5929 1 25.8357 23.3822 -36.3612 1 1.00034e-10
6348 1 25.8357 23.3822 -33.4974 1 1.04368e-09
5890 1 26.6624 25.7204 -34.9293 1 3.02009e-10
5925 1 29.1425 25.7204 -36.3612 1 1.3067e-10
6344 1 29.1425 25.7204 -33.4974 1 1.06794e-09
6387 1 28.3158 23.3822 -34.9293 1 2.86648e-10
6381 1 34.1027 25.7204 -36.3612 1 1.25307e-10
6382 1 34.1027 25.7204 -33.4974 1 1.05816e-09
6383 1 31.6226 25.7204 -34.9293 1 3.13216e-10
6384 1 30.7959 23.3822 -36.3612 1 1.32862e-10
6385 1 30.7959 23.3822 -33.4974 1 1.07815e-09
6386 1 33.276 23.3822 -34.9293 1 2.87532e-10
4486 1 1.03464 30.397 -36.3612 1 6.65386e-11
4487 1 1.03464 30.397 -33.4974 1 9.99697e-10
4488 1 3.51474 30.397 -34.9293 1 2.64586e-10
4489 1 0.207933 28.0587 -34.9293 1 4.80684e-10
4499 1 2.68804 28.0587 -36.3612 1 8.70414e-11
4918 1 2.68804 28.0587 -33.4974 1 1.18148e-09
4495 1 5.99485 30.397 -36.3612 1 5.72113e-11
4914 1 5.99485 30.397 -33.4974 1 1.00172e-09
4930 1 8.47496 30.397 -34.9293 1 2.64966e-10
4931 1 7.64825 28.0587 -36.3612 1 9.37636e-11
4932 1 7.64825 28.0587 -33.4974 1 1.2e-09
4934 1 5.16815 28.0587 -34.9293 1 4.73479e-10
4927 1 10.9551 30.397 -36.3612 1 6.63536e-11
4928 1 10.9551 30.397 -33.4974 1 1.00992e-09
4933 1 10.1284 28.0587 -34.9293 1 4.84247e-10
4952 1 12.6085 28.0587 -36.3612 1 7.27802e-11
5371 1 12.6085 28.0587 -33.4974 1 1.17678e-09
4929 1 13.4352 30.397 -34.9293 1 2.57449e-10
4948 1 15.9153 30.397 -36.3612 1 5.92553e-11
5367 1 15.9153 30.397 -33.4974 1 1.00423e-09
5399 1 15.0886 28.0587 -34.9293 1 4.90591e-10
5392 1 20.8755 30.397 -36.3612 1 6.83496e-11
5393 1 20.8755 30.397 -33.4974 1 1.01792e-09
5395 1 18.3954 30.397 -34.9293 1 2.5847e-10
5396 1 17.5687 28.0587 -36.3612 1 7.59943e-11
5397 1 17.5687 28.0587 -33.4974 1 1.18776e-09
5398 1 20.0488 28.0587 -34.9293 1 4.92071e-10
5394 1 23.3556 30.397 -34.9293 1 2.61917e-10
5425 1 25.8357 30.397 -36.3612 1 6.43949e-11
5429 1 22.5289 28.0587 -36.3612 1 8.11676e-11
5844 1 25.8357 30.397 -33.4974 1 1.00617e-09
5848 1 22.5289 28.0587 -33.4974 1 1.18768e-09
5887 1 25.009 28.0587 -34.9293 1 4.76744e-10
5883 1 28.3158 30.397 -34.9293 1 2.82296e-10
5884 1 27.4891 28.0587 -36.3612 1 9.69249e-11
5885 1 27.4891 28.0587 -33.4974 1 1.19707e-09
5886 1 29.9692 28.0587 -34.9293 1 4.81153e-10
5880 1 30.7959 30.397 -36.3612 1 8.92789e-11
5881 1 30.7959 30.397 -33.4974 1 1.03268e-09
5882 1 33.276 30.397 -34.9293 1 2.75459e-10
5922 1 32.4493 28.0587 -36.3612 1 8.50386e-11
6341 1 32.4493 28.0587 -33.4974 1 1.18275e-09
4485 1 1.86134 32.7352 -34.9293 1 2.8204e-10
6423 1 0.207933 35.0735 -34.9293 1 4.72253e-10
6461 1 2.68804 35.0735 -36.3612 1 7.74083e-11
6880 1 2.68804 35.0735 -33.4974 1 1.16882e-09
4482 1 4.34145 32.7352 -36.3612 1 7.87207e-11
4483 1 4.34145 32.7352 -33.4974 1 1.01319e-09
4484 1 6.82155 32.7352 -34.9293 1 2.64303e-10
6915 1 7.64825 35.0735 -36.3612 1 8.32337e-11
6916 1 7.64825 35.0735 -33.4974 1 1.18626e-09
6918 1 5.16815 35.0735 -34.9293 1 4.66902e-10
4491 1 9.30166 32.7352 -36.3612 1 6.03215e-11
4910 1 9.30166 32.7352 -33.4974 1 1.00656e-09
4926 1 11.7818 32.7352 -34.9293 1 2.70853e-10
6917 1 10.1284 35.0735 -34.9293 1 4.74331e-10
6944 1 12.6085 35.0735 -36.3612 1 6.55395e-11
7363 1 12.6085 35.0735 -33.4974 1 1.16676e-09
4923 1 14.2619 32.7352 -36.3612 1 6.44577e-11
4924 1 14.2619 32.7352 -33.4974 1 1.01103e-09
4925 1 16.742 32.7352 -34.9293 1 2.60036e-10
7389 1 15.0886 35.0735 -34.9293 1 4.8042e-10
4944 1 19.2221 32.7352 -36.3612 1 6.25788e-11
5363 1 19.2221 32.7352 -33.4974 1 1.01533e-09
7386 1 17.5687 35.0735 -36.3612 1 6.82257e-11
7387 1 17.5687 35.0735 -33.4974 1 1.1772e-09
7388 1 20.0488 35.0735 -34.9293 1 4.82229e-10
5388 1 24.1823 32.7352 -36.3612 1 6.48943e-11
5389 1 24.1823 32.7352 -33.4974 1 1.00702e-09
5391 1 21.7022 32.7352 -34.9293 1 2.58292e-10
7403 1 22.5289 35.0735 -36.3612 1 7.27793e-11
7822 1 22.5289 35.0735 -33.4974 1 1.17585e-09
7836 1 25.009 35.0735 -34.9293 1 4.70292e-10
5390 1 26.6624 32.7352 -34.9293 1 2.60788e-10
5421 1 29.1425 32.7352 -36.3612 1 9.17994e-11
5840 1 29.1425 32.7352 -33.4974 1 1.02676e-09
7833 1 27.4891 35.0735 -36.3612 1 8.60049e-11
7834 1 27.4891 35.0735 -33.4974 1 1.18345e-09
7835 1 29.9692 35.0735 -34.9293 1 4.72731e-10
5877 1 34.1027 32.7352 -36.3612 1 9.25958e-11
5878 1 34.1027 32.7352 -33.4974 1 1.0231e-09
5879 1 31.6226 32.7352 -34.9293 1 2.67345e-10
7486 1 32.4493 35.0735 -33.4974 1 1.17087e-09
7839 1 32.4493 35.0735 -36.3612 1 7.5963e-11
6840 1 1.03464 2.33774 -30.6336 1 1.00123e-09
6842 1 3.51474 2.33775 -29.2016 1 1.36453e-09
6879 1 3.51474 2.33775 -32.0655 1 1.94646e-09
6877 1 5.99485 2.33775 -30.6336 1 9.72775e-10
6878 1 8.47496 2.33775 -32.0655 1 1.97773e-09
7334 1 8.47496 2.33775 -29.2016 1 1.35021e-09
7331 1 10.9551 2.33775 -30.6336 1 1.01487e-09
7333 1 13.4352 2.33775 -29.2016 1 1.38877e-09
7360 1 15.9153 2.33775 -30.6336 1 1.02946e-09
7362 1 13.4352 2.33775 -32.0655 1 1.96784e-09
7361 1 18.3954 2.33775 -32.0655 1 1.97787e-09
7802 1 20.8755 2.33774 -30.6336 1 1.03715e-09
7805 1 18.3954 2.33775 -29.2016 1 1.39494e-09
7804 1 23.3556 2.33775 -29.2016 1 1.39335e-09
7819 1 25.8357 2.33774 -30.6336 1 1.00629e-09
7821 1 23.3556 2.33775 -32.0655 1 1.96995e-09
7492 1 28.3158 2.33775 -29.2016 1 1.39077e-09
7820 1 28.3158 2.33775 -32.0655 1 1.98091e-09
7487 1 33.276 2.33775 -32.0655 1 1.96204e-09
7493 1 33.276 2.33775 -29.2016 1 1.36953e-09
7495 1 30.7959 2.33774 -30.6336 1 9.96468e-10
6339 1 0.207933 7.01428 -29.2016 1 9.00141e-10
6377 1 2.68804 7.01428 -30.6336 1 2.30048e-09
6379 1 0.207933 7.01428 -32.0655 1 1.47219e-09
6380 1 1.86134 4.67601 -32.0655 1 1.96228e-09
6839 1 1.86134 4.67601 -29.2016 1 1.43419e-09
6378 1 5.16815 7.01428 -32.0655 1 1.48432e-09
6832 1 7.64825 7.01428 -30.6336 1 2.3148e-09
6835 1 5.16815 7.01428 -29.2016 1 8.96429e-10
6836 1 4.34145 4.67602 -30.6336 1 1.01111e-09
6838 1 6.82155 4.67601 -29.2016 1 1.37972e-09
6875 1 6.82155 4.67602 -32.0655 1 1.96138e-09
6834 1 10.1284 7.01428 -29.2016 1 8.92479e-10
6869 1 12.6085 7.01428 -30.6336 1 2.33491e-09
6871 1 10.1284 7.01428 -32.0655 1 1.48955e-09
6873 1 9.30166 4.67602 -30.6336 1 9.87121e-10
6874 1 11.7818 4.67602 -32.0655 1 1.9808e-09
7330 1 11.7818 4.67601 -29.2016 1 1.42371e-09
6870 1 15.0886 7.01428 -32.0655 1 1.49178e-09
7326 1 15.0886 7.01428 -29.2016 1 9.04888e-10
7327 1 14.2619 4.67602 -30.6336 1 9.94294e-10
7329 1 16.742 4.67601 -29.2016 1 1.39706e-09
7358 1 16.742 4.67602 -32.0655 1 1.96775e-09
7323 1 17.5687 7.01428 -30.6336 1 2.33766e-09
7325 1 20.0488 7.01428 -29.2016 1 9.06214e-10
7354 1 20.0488 7.01428 -32.0655 1 1.50731e-09
7356 1 19.2221 4.67602 -30.6336 1 9.95258e-10
7352 1 22.5289 7.01428 -30.6336 1 2.34402e-09
7353 1 25.009 7.01428 -32.0655 1 1.49728e-09
7357 1 21.7022 4.67602 -32.0655 1 1.96651e-09
7797 1 25.009 7.01428 -29.2016 1 9.16497e-10
7798 1 24.1823 4.67602 -30.6336 1 1.02189e-09
7801 1 21.7022 4.67601 -29.2016 1 1.40532e-09
7794 1 27.4891 7.01428 -30.6336 1 2.33633e-09
7796 1 29.9692 7.01428 -29.2016 1 9.03184e-10
7800 1 26.6624 4.67601 -29.2016 1 1.40852e-09
7813 1 29.9692 7.01428 -32.0655 1 1.48557e-09
7815 1 29.1425 4.67602 -30.6336 1 1.04422e-09
7817 1 26.6624 4.67601 -32.0655 1 1.95369e-09
7496 1 31.6226 4.67601 -29.2016 1 1.40465e-09
7498 1 34.1027 4.67602 -30.6336 1 1.0494e-09
7812 1 32.4493 7.01428 -30.6336 1 2.31338e-09
7816 1 31.6226 4.67601 -32.0655 1 1.95065e-09
5876 1 1.86134 11.6908 -32.0655 1 1.98017e-09
6335 1 1.86134 11.6908 -29.2016 1 1.44001e-09
6336 1 1.03464 9.35255 -30.6336 1 9.79316e-10
6338 1 3.51474 9.35255 -29.2016 1 1.34446e-09
6375 1 3.51474 9.35255 -32.0655 1 1.93267e-09
6332 1 4.34145 11.6908 -30.6336 1 1.06459e-09
6334 1 6.82155 11.6908 -29.2016 1 1.3895e-09
6371 1 6.82155 11.6908 -32.0655 1 1.98726e-09
6373 1 5.99485 9.35255 -30.6336 1 9.52033e-10
6374 1 8.47496 9.35255 -32.0655 1 1.96342e-09
6831 1 8.47496 9.35255 -29.2016 1 1.32785e-09
6369 1 9.30166 11.6908 -30.6336 1 1.03906e-09
6370 1 11.7818 11.6908 -32.0655 1 2.00624e-09
6827 1 11.7818 11.6908 -29.2016 1 1.43467e-09
6828 1 10.9551 9.35255 -30.6336 1 9.9459e-10
6824 1 14.2619 11.6908 -30.6336 1 1.04279e-09
6826 1 16.742 11.6908 -29.2016 1 1.40781e-09
6830 1 13.4352 9.35255 -29.2016 1 1.3686e-09
6863 1 16.742 11.6908 -32.0655 1 1.99353e-09
6865 1 15.9153 9.35255 -30.6336 1 1.00787e-09
6867 1 13.4352 9.35255 -32.0655 1 1.95394e-09
6861 1 19.2221 11.6908 -30.6336 1 1.04223e-09
6866 1 18.3954 9.35255 -32.0655 1 1.96417e-09
7319 1 20.8755 9.35255 -30.6336 1 1.01482e-09
7322 1 18.3954 9.35255 -29.2016 1 1.37311e-09
6862 1 21.7022 11.6908 -32.0655 1 1.9904e-09
7315 1 24.1823 11.6908 -30.6336 1 1.07676e-09
7318 1 21.7022 11.6908 -29.2016 1 1.41742e-09
7321 1 23.3556 9.35255 -29.2016 1 1.37323e-09
7348 1 25.8357 9.35255 -30.6336 1 9.84901e-10
7350 1 23.3556 9.35255 -32.0655 1 1.95481e-09
7317 1 26.6624 11.6908 -29.2016 1 1.41567e-09
7344 1 29.1425 11.6908 -30.6336 1 1.0976e-09
7346 1 26.6624 11.6908 -32.0655 1 1.9766e-09
7349 1 28.3158 9.35255 -32.0655 1 1.96717e-09
7793 1 28.3158 9.35255 -29.2016 1 1.36829e-09
7345 1 31.6226 11.6908 -32.0655 1 1.96939e-09
7787 1 34.1027 11.6908 -30.6336 1 1.10578e-09
7789 1 31.6226 11.6908 -29.2016 1 1.40646e-09
7790 1 30.7959 9.35255 -30.6336 1 9.77416e-10
7792 1 33.276 9.35255 -29.2016 1 1.34756e-09
7810 1 33.276 9.35255 -32.0655 1 1.94875e-09
5836 1 1.03464 16.3674 -30.6336 1 9.41778e-10
5838 1 3.51474 16.3674 -29.2016 1 1.34629e-09
5839 1 0.207933 14.0291 -29.2016 1 9.40966e-10
5871 1 3.51474 16.3674 -32.0655 1 1.92972e-09
5873 1 2.68804 14.0291 -30.6336 1 2.31792e-09
5875 1 0.207933 14.0291 -32.0655 1 1.51367e-09
5869 1 5.99485 16.3674 -30.6336 1 9.22115e-10
5870 1 8.47496 16.3674 -32.0655 1 1.94578e-09
5874 1 5.16815 14.0291 -32.0655 1 1.54047e-09
6327 1 8.47496 16.3674 -29.2016 1 1.32049e-09
6328 1 7.64825 14.0291 -30.6336 1 2.32496e-09
6331 1 5.16815 14.0291 -29.2016 1 9.49745e-10
6324 1 10.9551 16.3674 -30.6336 1 9.57393e-10
6330 1 10.1284 14.0291 -29.2016 1 9.21087e-10
6365 1 12.6085 14.0291 -30.6336 1 2.36754e-09
6367 1 10.1284 14.0291 -32.0655 1 1.51943e-09
6326 1 13.4352 16.3674 -29.2016 1 1.37192e-09
6361 1 15.9153 16.3674 -30.6336 1 9.65829e-10
6363 1 13.4352 16.3674 -32.0655 1 1.95149e-09
6366 1 15.0886 14.0291 -32.0655 1 1.51967e-09
6823 1 15.0886 14.0291 -29.2016 1 9.29855e-10
6362 1 18.3954 16.3674 -32.0655 1 1.966e-09
6816 1 20.8755 16.3674 -30.6336 1 9.74814e-10
6819 1 18.3954 16.3674 -29.2016 1 1.38245e-09
6820 1 17.5687 14.0291 -30.6336 1 2.36748e-09
6822 1 20.0488 14.0291 -29.2016 1 9.36001e-10
6859 1 20.0488 14.0291 -32.0655 1 1.53872e-09
6818 1 23.3556 16.3674 -29.2016 1 1.37498e-09
6853 1 25.8357 16.3674 -30.6336 1 9.52142e-10
6855 1 23.3556 16.3674 -32.0655 1 1.95075e-09
6857 1 22.5289 14.0291 -30.6336 1 2.37065e-09
6858 1 25.009 14.0291 -32.0655 1 1.55514e-09
7314 1 25.009 14.0291 -29.2016 1 9.71193e-10
6854 1 28.3158 16.3674 -32.0655 1 1.95038e-09
7310 1 28.3158 16.3674 -29.2016 1 1.35805e-09
7311 1 27.4891 14.0291 -30.6336 1 2.34389e-09
7313 1 29.9692 14.0291 -29.2016 1 9.41392e-10
7342 1 29.9692 14.0291 -32.0655 1 1.52665e-09
7307 1 30.7959 16.3674 -30.6336 1 9.49257e-10
7309 1 33.276 16.3674 -29.2016 1 1.34456e-09
7339 1 33.276 16.3674 -32.0655 1 1.93507e-09
7341 1 32.4493 14.0291 -30.6336 1 2.33216e-09
5362 1 0.207933 21.0439 -29.2016 1 9.29564e-10
5384 1 2.68804 21.0439 -30.6336 1 2.32421e-09
5386 1 0.207933 21.0439 -32.0655 1 1.50477e-09
5387 1 1.86134 18.7056 -32.0655 1 1.96406e-09
5835 1 1.86134 18.7056 -29.2016 1 1.44169e-09
5385 1 5.16815 21.0439 -32.0655 1 1.52536e-09
5828 1 7.64825 21.0439 -30.6336 1 2.33039e-09
5831 1 5.16815 21.0439 -29.2016 1 9.35585e-10
5832 1 4.34145 18.7056 -30.6336 1 1.00806e-09
5834 1 6.82155 18.7056 -29.2016 1 1.38694e-09
5867 1 6.82155 18.7056 -32.0655 1 1.96024e-09
5830 1 10.1284 21.0439 -29.2016 1 9.13068e-10
5861 1 12.6085 21.0439 -30.6336 1 2.36891e-09
5863 1 10.1284 21.0439 -32.0655 1 1.51427e-09
5865 1 9.30166 18.7056 -30.6336 1 9.83159e-10
5866 1 11.7818 18.7056 -32.0655 1 1.98122e-09
6323 1 11.7818 18.7056 -29.2016 1 1.42867e-09
5862 1 15.0886 21.0439 -32.0655 1 1.51405e-09
6319 1 15.0886 21.0439 -29.2016 1 9.24515e-10
6320 1 14.2619 18.7056 -30.6336 1 9.91166e-10
6322 1 16.742 18.7056 -29.2016 1 1.40302e-09
6359 1 16.742 18.7056 -32.0655 1 1.9672e-09
6316 1 17.5687 21.0439 -30.6336 1 2.36901e-09
6318 1 20.0488 21.0439 -29.2016 1 9.28181e-10
6355 1 20.0488 21.0439 -32.0655 1 1.53218e-09
6357 1 19.2221 18.7056 -30.6336 1 9.91878e-10
6353 1 22.5289 21.0439 -30.6336 1 2.37184e-09
6354 1 25.009 21.0439 -32.0655 1 1.54136e-09
6358 1 21.7022 18.7056 -32.0655 1 1.96591e-09
6811 1 25.009 21.0439 -29.2016 1 9.55938e-10
6812 1 24.1823 18.7056 -30.6336 1 1.01731e-09
6815 1 21.7022 18.7056 -29.2016 1 1.41197e-09
6808 1 27.4891 21.0439 -30.6336 1 2.35295e-09
6810 1 29.9692 21.0439 -29.2016 1 9.32098e-10
6814 1 26.6624 18.7056 -29.2016 1 1.41455e-09
6847 1 29.9692 21.0439 -32.0655 1 1.51641e-09
6849 1 29.1425 18.7056 -30.6336 1 1.04131e-09
6851 1 26.6624 18.7056 -32.0655 1 1.95541e-09
6846 1 32.4493 21.0439 -30.6336 1 2.33465e-09
6850 1 31.6226 18.7056 -32.0655 1 1.95079e-09
7304 1 34.1027 18.7056 -30.6336 1 1.04329e-09
7306 1 31.6226 18.7056 -29.2016 1 1.41156e-09
4922 1 1.86134 25.7204 -32.0655 1 1.99225e-09
5358 1 1.86134 25.7204 -29.2016 1 1.48925e-09
5359 1 1.03464 23.3822 -30.6336 1 9.45458e-10
5361 1 3.51474 23.3822 -29.2016 1 1.37727e-09
5382 1 3.51474 23.3822 -32.0655 1 1.94547e-09
5355 1 4.34145 25.7204 -30.6336 1 9.70366e-10
5357 1 6.82155 25.7204 -29.2016 1 1.42078e-09
5378 1 6.82155 25.7204 -32.0655 1 1.97797e-09
5380 1 5.99485 23.3822 -30.6336 1 9.26273e-10
5381 1 8.47496 23.3822 -32.0655 1 1.95816e-09
5827 1 8.47496 23.3822 -29.2016 1 1.33923e-09
5376 1 9.30166 25.7204 -30.6336 1 9.51983e-10
5377 1 11.7818 25.7204 -32.0655 1 1.99714e-09
5823 1 11.7818 25.7204 -29.2016 1 1.46505e-09
5824 1 10.9551 23.3822 -30.6336 1 9.61381e-10
5820 1 14.2619 25.7204 -30.6336 1 9.62296e-10
5822 1 16.742 25.7204 -29.2016 1 1.43585e-09
5826 1 13.4352 23.3822 -29.2016 1 1.40399e-09
5855 1 16.742 25.7204 -32.0655 1 1.98235e-09
5857 1 15.9153 23.3822 -30.6336 1 9.65727e-10
5859 1 13.4352 23.3822 -32.0655 1 1.96867e-09
5853 1 19.2221 25.7204 -30.6336 1 9.64821e-10
5858 1 18.3954 23.3822 -32.0655 1 1.98534e-09
6312 1 20.8755 23.3822 -30.6336 1 9.74544e-10
6315 1 18.3954 23.3822 -29.2016 1 1.4128e-09
5854 1 21.7022 25.7204 -32.0655 1 1.98417e-09
6308 1 24.1823 25.7204 -30.6336 1 9.79842e-10
6311 1 21.7022 25.7204 -29.2016 1 1.44885e-09
6314 1 23.3556 23.3822 -29.2016 1 1.40235e-09
6349 1 25.8357 23.3822 -30.6336 1 9.58225e-10
6351 1 23.3556 23.3822 -32.0655 1 1.96805e-09
6310 1 26.6624 25.7204 -29.2016 1 1.45588e-09
6345 1 29.1425 25.7204 -30.6336 1 1.00567e-09
6347 1 26.6624 25.7204 -32.0655 1 1.97701e-09
6350 1 28.3158 23.3822 -32.0655 1 1.96019e-09
6807 1 28.3158 23.3822 -29.2016 1 1.38235e-09
6346 1 31.6226 25.7204 -32.0655 1 1.98063e-09
6801 1 34.1027 25.7204 -30.6336 1 1.00214e-09
6803 1 31.6226 25.7204 -29.2016 1 1.45915e-09
6804 1 30.7959 23.3822 -30.6336 1 9.55338e-10
6806 1 33.276 23.3822 -29.2016 1 1.36738e-09
6844 1 33.276 23.3822 -32.0655 1 1.94917e-09
4906 1 1.03464 30.397 -30.6336 1 1.00537e-09
4908 1 3.51474 30.397 -29.2016 1 1.36337e-09
4909 1 0.207933 28.0587 -29.2016 1 9.36177e-10
4917 1 3.51474 30.397 -32.0655 1 1.95744e-09
4919 1 2.68804 28.0587 -30.6336 1 2.35858e-09
4921 1 0.207933 28.0587 -32.0655 1 1.50951e-09
4915 1 5.99485 30.397 -30.6336 1 9.76657e-10
4916 1 8.47496 30.397 -32.0655 1 1.98989e-09
4920 1 5.16815 28.0587 -32.0655 1 1.51159e-09
5350 1 8.47496 30.397 -29.2016 1 1.34906e-09
5351 1 7.64825 28.0587 -30.6336 1 2.37914e-09
5354 1 5.16815 28.0587 -29.2016 1 9.22334e-10
5347 1 10.9551 30.397 -30.6336 1 1.02038e-09
5353 1 10.1284 28.0587 -29.2016 1 9.36895e-10
5372 1 12.6085 28.0587 -30.6336 1 2.38106e-09
5374 1 10.1284 28.0587 -32.0655 1 1.53548e-09
5349 1 13.4352 30.397 -29.2016 1 1.38885e-09
5368 1 15.9153 30.397 -30.6336 1 1.03443e-09
5370 1 13.4352 30.397 -32.0655 1 1.97862e-09
5373 1 15.0886 28.0587 -32.0655 1 1.53941e-09
5819 1 15.0886 28.0587 -29.2016 1 9.51362e-10
5369 1 18.3954 30.397 -32.0655 1 1.98881e-09
5812 1 20.8755 30.397 -30.6336 1 1.04215e-09
5815 1 18.3954 30.397 -29.2016 1 1.39225e-09
5816 1 17.5687 28.0587 -30.6336 1 2.38621e-09
5818 1 20.0488 28.0587 -29.2016 1 9.50308e-10
5851 1 20.0488 28.0587 -32.0655 1 1.55255e-09
5814 1 23.3556 30.397 -29.2016 1 1.39263e-09
5845 1 25.8357 30.397 -30.6336 1 1.01099e-09
5847 1 23.3556 30.397 -32.0655 1 1.98105e-09
5849 1 22.5289 28.0587 -30.6336 1 2.39841e-09
5850 1 25.009 28.0587 -32.0655 1 1.52447e-09
6307 1 25.009 28.0587 -29.2016 1 9.41689e-10
5846 1 28.3158 30.397 -32.0655 1 1.99332e-09
6303 1 28.3158 30.397 -29.2016 1 1.39108e-09
6304 1 27.4891 28.0587 -30.6336 1 2.40255e-09
6306 1 29.9692 28.0587 -29.2016 1 9.40365e-10
6343 1 29.9692 28.0587 -32.0655 1 1.52355e-09
6300 1 30.7959 30.397 -30.6336 1 1.00188e-09
6302 1 33.276 30.397 -29.2016 1 1.36882e-09
6340 1 33.276 30.397 -32.0655 1 1.97418e-09
6342 1 32.4493 28.0587 -30.6336 1 2.36914e-09
4481 1 1.86134 32.7352 -32.0655 1 1.97117e-09
4905 1 1.86134 32.7352 -29.2016 1 1.45037e-09
6843 1 0.207933 35.0735 -29.2016 1 9.25729e-10
6881 1 2.68804 35.0735 -30.6336 1 2.35248e-09
6883 1 0.207933 35.0735 -32.0655 1 1.4988e-09
4902 1 4.34145 32.7352 -30.6336 1 9.96246e-10
4904 1 6.82155 32.7352 -29.2016 1 1.38938e-09
4913 1 6.82155 32.7352 -32.0655 1 1.96667e-09
6882 1 5.16815 35.0735 -32.0655 1 1.50323e-09
7335 1 7.64825 35.0735 -30.6336 1 2.37166e-09
7338 1 5.16815 35.0735 -29.2016 1 9.13433e-10
4911 1 9.30166 32.7352 -30.6336 1 9.74842e-10
4912 1 11.7818 32.7352 -32.0655 1 1.98586e-09
5346 1 11.7818 32.7352 -29.2016 1 1.43405e-09
7337 1 10.1284 35.0735 -29.2016 1 9.24325e-10
7364 1 12.6085 35.0735 -30.6336 1 2.37465e-09
7366 1 10.1284 35.0735 -32.0655 1 1.52341e-09
5343 1 14.2619 32.7352 -30.6336 1 9.81673e-10
5345 1 16.742 32.7352 -29.2016 1 1.40608e-09
5366 1 16.742 32.7352 -32.0655 1 1.97208e-09
7365 1 15.0886 35.0735 -32.0655 1 1.52745e-09
7809 1 15.0886 35.0735 -29.2016 1 9.38199e-10
5364 1 19.2221 32.7352 -30.6336 1 9.83527e-10
7806 1 17.5687 35.0735 -30.6336 1 2.38104e-09
7808 1 20.0488 35.0735 -29.2016 1 9.38251e-10
7825 1 20.0488 35.0735 -32.0655 1 1.54065e-09
5365 1 21.7022 32.7352 -32.0655 1 1.97175e-09
5808 1 24.1823 32.7352 -30.6336 1 1.00717e-09
5811 1 21.7022 32.7352 -29.2016 1 1.41784e-09
7488 1 25.009 35.0735 -29.2016 1 9.32962e-10
7823 1 22.5289 35.0735 -30.6336 1 2.39232e-09
7824 1 25.009 35.0735 -32.0655 1 1.51616e-09
5810 1 26.6624 32.7352 -29.2016 1 1.42104e-09
5841 1 29.1425 32.7352 -30.6336 1 1.03088e-09
5843 1 26.6624 32.7352 -32.0655 1 1.96176e-09
7484 1 29.9692 35.0735 -32.0655 1 1.5132e-09
7489 1 29.9692 35.0735 -29.2016 1 9.29002e-10
7491 1 27.4891 35.0735 -30.6336 1 2.39477e-09
5842 1 31.6226 32.7352 -32.0655 1 1.96005e-09
6297 1 34.1027 32.7352 -30.6336 1 1.03117e-09
6299 1 31.6226 32.7352 -29.2016 1 1.41691e-09
7485 1 32.4493 35.0735 -30.6336 1 2.36059e-09
6841 1 1.03464 2.33774 -27.7697 1 1.65477e-09
7260 1 1.03463 2.33775 -24.9058 1 5.1693e-09
7299 1 3.51474 2.33774 -26.3378 1 9.71654e-10
7296 1 5.99485 2.33774 -27.7697 1 1.59858e-09
7297 1 5.99484 2.33775 -24.9058 1 5.33614e-09
7298 1 8.47495 2.33775 -26.3378 1 9.81815e-10
7332 1 10.9551 2.33774 -27.7697 1 1.66937e-09
7751 1 10.9551 2.33775 -24.9058 1 5.34707e-09
7779 1 15.9153 2.33774 -27.7697 1 1.70085e-09
7780 1 15.9153 2.33775 -24.9058 1 5.28983e-09
7782 1 13.4352 2.33775 -26.3378 1 9.39514e-10
7522 1 20.8755 2.33775 -24.9058 1 5.26143e-09
7781 1 18.3954 2.33775 -26.3378 1 9.47646e-10
7803 1 20.8755 2.33774 -27.7697 1 1.66967e-09
7503 1 23.3556 2.33774 -26.3378 1 9.97382e-10
7505 1 25.8357 2.33775 -24.9058 1 5.31791e-09
7506 1 25.8357 2.33774 -27.7697 1 1.65601e-09
7504 1 28.3158 2.33774 -26.3378 1 1.06398e-09
7034 1 33.276 2.33774 -26.3378 1 1.03019e-09
7042 1 30.7959 2.33775 -24.9058 1 5.33068e-09
7494 1 30.7959 2.33774 -27.7697 1 1.61682e-09
6796 1 2.68804 7.01428 -27.7697 1 3.78044e-09
6797 1 2.68804 7.01428 -24.9058 1 3.55157e-09
6799 1 0.207935 7.01428 -26.3378 1 2.75076e-09
6800 1 1.86134 4.67602 -26.3378 1 1.49226e-09
6798 1 5.16815 7.01428 -26.3378 1 2.73883e-09
6833 1 7.64825 7.01428 -27.7697 1 3.83817e-09
6837 1 4.34145 4.67602 -27.7697 1 1.58992e-09
7252 1 7.64825 7.01428 -24.9058 1 3.58996e-09
7256 1 4.34145 4.67601 -24.9058 1 6.66125e-09
7295 1 6.82156 4.67602 -26.3378 1 1.68148e-09
7288 1 12.6085 7.01428 -27.7697 1 3.827e-09
7289 1 12.6085 7.01428 -24.9058 1 3.71753e-09
7291 1 10.1284 7.01428 -26.3378 1 2.77594e-09
7292 1 9.30166 4.67602 -27.7697 1 1.55963e-09
7293 1 9.30166 4.67601 -24.9058 1 6.72749e-09
7294 1 11.7818 4.67602 -26.3378 1 1.60077e-09
7290 1 15.0886 7.01428 -26.3378 1 2.84159e-09
7328 1 14.2619 4.67602 -27.7697 1 1.57007e-09
7747 1 14.2619 4.67601 -24.9058 1 6.71188e-09
7778 1 16.742 4.67602 -26.3378 1 1.7748e-09
7324 1 17.5687 7.01428 -27.7697 1 3.83576e-09
7743 1 17.5687 7.01428 -24.9058 1 3.67867e-09
7774 1 20.0488 7.01428 -26.3378 1 2.86912e-09
7775 1 19.2221 4.67602 -27.7697 1 1.55604e-09
7776 1 19.2221 4.67601 -24.9058 1 6.79533e-09
7526 1 24.1823 4.67601 -24.9058 1 6.65994e-09
7771 1 22.5289 7.01428 -27.7697 1 3.82234e-09
7772 1 22.5289 7.01428 -24.9058 1 3.67731e-09
7773 1 25.009 7.01428 -26.3378 1 2.81851e-09
7777 1 21.7022 4.67602 -26.3378 1 1.73734e-09
7799 1 24.1823 4.67602 -27.7697 1 1.6002e-09
7507 1 26.6624 4.67602 -26.3378 1 1.70128e-09
7509 1 29.1425 4.67601 -24.9058 1 6.63475e-09
7510 1 29.1425 4.67602 -27.7697 1 1.60894e-09
7511 1 29.9692 7.01428 -26.3378 1 2.78976e-09
7530 1 27.4891 7.01428 -24.9058 1 3.54871e-09
7795 1 27.4891 7.01428 -27.7697 1 3.78707e-09
7045 1 34.1027 4.67601 -24.9058 1 6.56753e-09
7497 1 34.1028 4.67602 -27.7697 1 1.62499e-09
7508 1 31.6226 4.67602 -26.3378 1 1.59173e-09
7512 1 32.4493 7.01428 -24.9058 1 3.52587e-09
7513 1 32.4493 7.01428 -27.7697 1 3.7943e-09
6296 1 1.86134 11.6908 -26.3378 1 1.57944e-09
6337 1 1.03464 9.35255 -27.7697 1 1.65208e-09
6756 1 1.03463 9.35255 -24.9059 1 5.22596e-09
6795 1 3.51474 9.35255 -26.3378 1 9.71191e-10
6333 1 4.34145 11.6908 -27.7697 1 1.66445e-09
6752 1 4.34145 11.6908 -24.9059 1 6.52174e-09
6791 1 6.82156 11.6908 -26.3378 1 1.77559e-09
6792 1 5.99485 9.35255 -27.7697 1 1.5941e-09
6793 1 5.99484 9.35256 -24.9059 1 5.39181e-09
6794 1 8.47495 9.35255 -26.3378 1 9.81243e-10
6788 1 9.30166 11.6908 -27.7697 1 1.6297e-09
6789 1 9.30166 11.6908 -24.9058 1 6.58907e-09
6790 1 11.7818 11.6908 -26.3378 1 1.69173e-09
6829 1 10.9551 9.35255 -27.7697 1 1.66182e-09
7248 1 10.9551 9.35256 -24.9058 1 5.41231e-09
6825 1 14.2619 11.6908 -27.7697 1 1.64162e-09
7244 1 14.2619 11.6908 -24.9058 1 6.56799e-09
7283 1 16.742 11.6908 -26.3378 1 1.86968e-09
7284 1 15.9153 9.35255 -27.7697 1 1.69456e-09
7285 1 15.9153 9.35256 -24.9058 1 5.34991e-09
7287 1 13.4352 9.35255 -26.3378 1 9.38679e-10
7280 1 19.2221 11.6908 -27.7697 1 1.6287e-09
7281 1 19.2221 11.6908 -24.9058 1 6.62297e-09
7286 1 18.3954 9.35255 -26.3378 1 9.48788e-10
7320 1 20.8755 9.35255 -27.7697 1 1.66743e-09
7739 1 20.8755 9.35255 -24.9058 1 5.30953e-09
7282 1 21.7022 11.6908 -26.3378 1 1.83103e-09
7316 1 24.1823 11.6908 -27.7697 1 1.67597e-09
7735 1 24.1823 11.6908 -24.9058 1 6.53042e-09
7767 1 25.8357 9.35255 -27.7697 1 1.65267e-09
7768 1 25.8357 9.35255 -24.9058 1 5.37809e-09
7770 1 23.3556 9.35255 -26.3378 1 9.96599e-10
7763 1 29.1425 11.6908 -27.7697 1 1.67972e-09
7764 1 29.1425 11.6908 -24.9058 1 6.50362e-09
7766 1 26.6624 11.6908 -26.3378 1 1.79341e-09
7769 1 28.3158 9.35255 -26.3378 1 1.06422e-09
7514 1 33.276 9.35255 -26.3378 1 1.03045e-09
7534 1 30.7959 9.35256 -24.9058 1 5.40657e-09
7537 1 34.1027 11.6908 -24.9059 1 6.429e-09
7765 1 31.6226 11.6908 -26.3378 1 1.67588e-09
7788 1 34.1028 11.6908 -27.7697 1 1.70627e-09
7791 1 30.7959 9.35255 -27.7697 1 1.60701e-09
5837 1 1.03464 16.3674 -27.7697 1 1.56339e-09
6256 1 1.03463 16.3674 -24.9058 1 5.3272e-09
6291 1 3.51474 16.3674 -26.3378 1 9.44711e-10
6292 1 2.68804 14.0291 -27.7697 1 3.83075e-09
6293 1 2.68804 14.0291 -24.9058 1 3.60808e-09
6295 1 0.207935 14.0291 -26.3378 1 2.73908e-09
6288 1 5.99485 16.3674 -27.7697 1 1.51233e-09
6289 1 5.99484 16.3674 -24.9058 1 5.51076e-09
6290 1 8.47495 16.3674 -26.3378 1 9.40033e-10
6294 1 5.16815 14.0291 -26.3378 1 2.74452e-09
6329 1 7.64825 14.0291 -27.7697 1 3.88181e-09
6748 1 7.64825 14.0291 -24.9058 1 3.63696e-09
6325 1 10.9551 16.3674 -27.7697 1 1.57514e-09
6744 1 10.9551 16.3674 -24.9058 1 5.51301e-09
6784 1 12.6085 14.0291 -27.7697 1 3.89239e-09
6785 1 12.6085 14.0291 -24.9058 1 3.78579e-09
6787 1 10.1284 14.0291 -26.3378 1 2.75025e-09
6780 1 15.9153 16.3674 -27.7697 1 1.60181e-09
6781 1 15.9153 16.3674 -24.9058 1 5.44133e-09
6783 1 13.4352 16.3674 -26.3378 1 9.12751e-10
6786 1 15.0886 14.0291 -26.3378 1 2.8159e-09
6782 1 18.3954 16.3674 -26.3378 1 9.23958e-10
6817 1 20.8755 16.3674 -27.7697 1 1.57036e-09
6821 1 17.5687 14.0291 -27.7697 1 3.89824e-09
7236 1 20.8755 16.3674 -24.9058 1 5.42682e-09
7240 1 17.5687 14.0291 -24.9058 1 3.74504e-09
7279 1 20.0488 14.0291 -26.3378 1 2.84211e-09
7272 1 25.8357 16.3674 -27.7697 1 1.56934e-09
7273 1 25.8357 16.3674 -24.9058 1 5.48896e-09
7275 1 23.3556 16.3674 -26.3378 1 9.69132e-10
7276 1 22.5289 14.0291 -27.7697 1 3.88456e-09
7277 1 22.5289 14.0291 -24.9058 1 3.73641e-09
7278 1 25.009 14.0291 -26.3378 1 2.82216e-09
7274 1 28.3158 16.3674 -26.3378 1 1.02476e-09
7312 1 27.4891 14.0291 -27.7697 1 3.82801e-09
7731 1 27.4891 14.0291 -24.9058 1 3.59742e-09
7762 1 29.9692 14.0291 -26.3378 1 2.77624e-09
7308 1 30.7959 16.3674 -27.7697 1 1.53122e-09
7727 1 30.7959 16.3674 -24.9058 1 5.52397e-09
7759 1 33.276 16.3674 -26.3378 1 9.96031e-10
7760 1 32.4493 14.0291 -27.7697 1 3.84409e-09
7761 1 32.4493 14.0291 -24.9058 1 3.58376e-09
5803 1 2.68804 21.0439 -27.7697 1 3.80622e-09
5804 1 2.68804 21.0439 -24.9058 1 3.59612e-09
5806 1 0.207935 21.0439 -26.3378 1 2.74279e-09
5807 1 1.86134 18.7056 -26.3378 1 1.48037e-09
5805 1 5.16815 21.0439 -26.3378 1 2.73444e-09
5829 1 7.64825 21.0439 -27.7697 1 3.8527e-09
5833 1 4.34145 18.7056 -27.7697 1 1.56356e-09
6248 1 7.64825 21.0439 -24.9058 1 3.6421e-09
6252 1 4.34145 18.7056 -24.9058 1 6.6654e-09
6287 1 6.82156 18.7056 -26.3378 1 1.66231e-09
6280 1 12.6085 21.0439 -27.7697 1 3.86244e-09
6281 1 12.6085 21.0439 -24.9058 1 3.77269e-09
6283 1 10.1284 21.0439 -26.3378 1 2.75713e-09
6284 1 9.30166 18.7056 -27.7697 1 1.53712e-09
6285 1 9.30166 18.7056 -24.9058 1 6.71921e-09
6286 1 11.7818 18.7056 -26.3378 1 1.58397e-09
6282 1 15.0886 21.0439 -26.3378 1 2.81439e-09
6321 1 14.2619 18.7056 -27.7697 1 1.54614e-09
6740 1 14.2619 18.7056 -24.9058 1 6.70868e-09
6779 1 16.742 18.7056 -26.3378 1 1.75561e-09
6317 1 17.5687 21.0439 -27.7697 1 3.86688e-09
6736 1 17.5687 21.0439 -24.9058 1 3.74091e-09
6775 1 20.0488 21.0439 -26.3378 1 2.84589e-09
6776 1 19.2221 18.7056 -27.7697 1 1.53383e-09
6777 1 19.2221 18.7056 -24.9058 1 6.77849e-09
6772 1 22.5289 21.0439 -27.7697 1 3.85228e-09
6773 1 22.5289 21.0439 -24.9058 1 3.73395e-09
6774 1 25.009 21.0439 -26.3378 1 2.81563e-09
6778 1 21.7022 18.7056 -26.3378 1 1.71821e-09
6813 1 24.1823 18.7056 -27.7697 1 1.57601e-09
7232 1 24.1823 18.7056 -24.9058 1 6.65758e-09
6809 1 27.4891 21.0439 -27.7697 1 3.80591e-09
7228 1 27.4891 21.0439 -24.9058 1 3.59033e-09
7267 1 29.9692 21.0439 -26.3378 1 2.77221e-09
7268 1 29.1425 18.7056 -27.7697 1 1.58209e-09
7269 1 29.1425 18.7056 -24.9058 1 6.64072e-09
7271 1 26.6624 18.7056 -26.3378 1 1.68558e-09
7265 1 32.4493 21.0439 -27.7697 1 3.81181e-09
7266 1 32.4493 21.0439 -24.9058 1 3.58828e-09
7270 1 31.6226 18.7056 -26.3378 1 1.57374e-09
7305 1 34.1028 18.7056 -27.7697 1 1.60527e-09
7724 1 34.1027 18.7056 -24.9058 1 6.55136e-09
5342 1 1.86134 25.7204 -26.3378 1 1.39449e-09
5360 1 1.03464 23.3822 -27.7697 1 1.5296e-09
5779 1 1.03463 23.3822 -24.9058 1 5.43762e-09
5802 1 3.51474 23.3822 -26.3378 1 9.4591e-10
5356 1 4.34145 25.7204 -27.7697 1 1.49481e-09
5775 1 4.34145 25.7204 -24.9058 1 6.96764e-09
5798 1 6.82156 25.7204 -26.3378 1 1.57438e-09
5799 1 5.99485 23.3822 -27.7697 1 1.49117e-09
5800 1 5.99484 23.3822 -24.9058 1 5.58536e-09
5801 1 8.47495 23.3822 -26.3378 1 9.38213e-10
5795 1 9.30166 25.7204 -27.7697 1 1.45994e-09
5796 1 9.30166 25.7204 -24.9058 1 7.06476e-09
5797 1 11.7818 25.7204 -26.3378 1 1.48733e-09
5825 1 10.9551 23.3822 -27.7697 1 1.54474e-09
6244 1 10.9551 23.3822 -24.9058 1 5.61592e-09
5821 1 14.2619 25.7204 -27.7697 1 1.48084e-09
6240 1 14.2619 25.7204 -24.9058 1 7.0371e-09
6275 1 16.742 25.7204 -26.3378 1 1.66306e-09
6276 1 15.9153 23.3822 -27.7697 1 1.5726e-09
6277 1 15.9153 23.3822 -24.9058 1 5.52139e-09
6279 1 13.4352 23.3822 -26.3378 1 9.15597e-10
6272 1 19.2221 25.7204 -27.7697 1 1.46736e-09
6273 1 19.2221 25.7204 -24.9058 1 7.11033e-09
6278 1 18.3954 23.3822 -26.3378 1 9.33059e-10
6313 1 20.8755 23.3822 -27.7697 1 1.54181e-09
6732 1 20.8755 23.3822 -24.9058 1 5.51068e-09
6274 1 21.7022 25.7204 -26.3378 1 1.62484e-09
6309 1 24.1823 25.7204 -27.7697 1 1.49641e-09
6728 1 24.1823 25.7204 -24.9058 1 6.97529e-09
6768 1 25.8357 23.3822 -27.7697 1 1.54127e-09
6769 1 25.8357 23.3822 -24.9058 1 5.57863e-09
6771 1 23.3556 23.3822 -26.3378 1 9.71731e-10
6764 1 29.1425 25.7204 -27.7697 1 1.51157e-09
6765 1 29.1425 25.7204 -24.9058 1 6.95654e-09
6767 1 26.6624 25.7204 -26.3378 1 1.59497e-09
6770 1 28.3158 23.3822 -26.3378 1 1.0194e-09
6766 1 31.6226 25.7204 -26.3378 1 1.49658e-09
6802 1 34.1028 25.7204 -27.7697 1 1.51666e-09
6805 1 30.7959 23.3822 -27.7697 1 1.51165e-09
7221 1 34.1027 25.7204 -24.9058 1 6.88466e-09
7224 1 30.7959 23.3822 -24.9058 1 5.59587e-09
7264 1 33.276 23.3822 -26.3378 1 9.94437e-10
4907 1 1.03464 30.397 -27.7697 1 1.67901e-09
5326 1 1.03463 30.397 -24.9058 1 5.17132e-09
5337 1 3.51474 30.397 -26.3378 1 9.72789e-10
5338 1 2.68804 28.0587 -27.7697 1 3.80273e-09
5339 1 2.68804 28.0587 -24.9058 1 3.57888e-09
5341 1 0.207935 28.0587 -26.3378 1 2.81545e-09
5334 1 5.99485 30.397 -27.7697 1 1.62031e-09
5335 1 5.99484 30.397 -24.9058 1 5.34787e-09
5336 1 8.47495 30.397 -26.3378 1 9.84219e-10
5340 1 5.16815 28.0587 -26.3378 1 2.7969e-09
5352 1 7.64825 28.0587 -27.7697 1 3.87031e-09
5771 1 7.64825 28.0587 -24.9058 1 3.61242e-09
5348 1 10.9551 30.397 -27.7697 1 1.69045e-09
5767 1 10.9551 30.397 -24.9058 1 5.35769e-09
5791 1 12.6085 28.0587 -27.7697 1 3.83665e-09
5792 1 12.6085 28.0587 -24.9058 1 3.7279e-09
5794 1 10.1284 28.0587 -26.3378 1 2.8487e-09
5787 1 15.9153 30.397 -27.7697 1 1.72374e-09
5788 1 15.9153 30.397 -24.9058 1 5.29644e-09
5790 1 13.4352 30.397 -26.3378 1 9.39271e-10
5793 1 15.0886 28.0587 -26.3378 1 2.92054e-09
5789 1 18.3954 30.397 -26.3378 1 9.48448e-10
5813 1 20.8755 30.397 -27.7697 1 1.6924e-09
5817 1 17.5687 28.0587 -27.7697 1 3.8491e-09
6232 1 20.8755 30.397 -24.9058 1 5.26742e-09
6236 1 17.5687 28.0587 -24.9058 1 3.68857e-09
6271 1 20.0488 28.0587 -26.3378 1 2.94096e-09
6264 1 25.8357 30.397 -27.7697 1 1.67971e-09
6265 1 25.8357 30.397 -24.9058 1 5.32234e-09
6267 1 23.3556 30.397 -26.3378 1 9.97367e-10
6268 1 22.5289 28.0587 -27.7697 1 3.84429e-09
6269 1 22.5289 28.0587 -24.9058 1 3.69126e-09
6270 1 25.009 28.0587 -26.3378 1 2.87207e-09
6266 1 28.3158 30.397 -26.3378 1 1.06593e-09
6305 1 27.4891 28.0587 -27.7697 1 3.81766e-09
6724 1 27.4891 28.0587 -24.9058 1 3.57941e-09
6763 1 29.9692 28.0587 -26.3378 1 2.85734e-09
6301 1 30.7959 30.397 -27.7697 1 1.63434e-09
6720 1 30.7959 30.397 -24.9058 1 5.34908e-09
6760 1 33.276 30.397 -26.3378 1 1.03147e-09
6761 1 32.4493 28.0587 -27.7697 1 3.81452e-09
6762 1 32.4493 28.0587 -24.9058 1 3.54367e-09
4901 1 1.86134 32.7352 -26.3378 1 1.4689e-09
7300 1 2.68804 35.0735 -27.7697 1 3.8158e-09
7301 1 2.68804 35.0735 -24.9058 1 3.57929e-09
7303 1 0.207935 35.0735 -26.3378 1 2.79859e-09
4903 1 4.34145 32.7352 -27.7697 1 1.54856e-09
5322 1 4.34145 32.7352 -24.9058 1 6.75117e-09
5333 1 6.82156 32.7352 -26.3378 1 1.65644e-09
7302 1 5.16815 35.0735 -26.3378 1 2.77953e-09
7336 1 7.64825 35.0735 -27.7697 1 3.87999e-09
7755 1 7.64825 35.0735 -24.9058 1 3.61987e-09
5330 1 9.30166 32.7352 -27.7697 1 1.51635e-09
5331 1 9.30166 32.7352 -24.9058 1 6.82255e-09
5332 1 11.7818 32.7352 -26.3378 1 1.57022e-09
7783 1 12.6085 35.0735 -27.7697 1 3.84853e-09
7784 1 12.6085 35.0735 -24.9058 1 3.73504e-09
7786 1 10.1284 35.0735 -26.3378 1 2.82892e-09
5344 1 14.2619 32.7352 -27.7697 1 1.53459e-09
5763 1 14.2619 32.7352 -24.9058 1 6.80573e-09
5786 1 16.742 32.7352 -26.3378 1 1.75054e-09
7785 1 15.0886 35.0735 -26.3378 1 2.9017e-09
5783 1 19.2221 32.7352 -27.7697 1 1.51901e-09
5784 1 19.2221 32.7352 -24.9058 1 6.8753e-09
7499 1 20.0488 35.0735 -26.3378 1 2.92087e-09
7518 1 17.5687 35.0735 -24.9058 1 3.69828e-09
7807 1 17.5687 35.0735 -27.7697 1 3.8633e-09
5785 1 21.7022 32.7352 -26.3378 1 1.70899e-09
5809 1 24.1823 32.7352 -27.7697 1 1.55828e-09
6228 1 24.1823 32.7352 -24.9058 1 6.74444e-09
7500 1 25.009 35.0735 -26.3378 1 2.85917e-09
7501 1 22.5289 35.0735 -24.9058 1 3.70289e-09
7502 1 22.5289 35.0735 -27.7697 1 3.85409e-09
6260 1 29.1425 32.7352 -27.7697 1 1.56485e-09
6261 1 29.1425 32.7352 -24.9058 1 6.73436e-09
6263 1 26.6624 32.7352 -26.3378 1 1.67859e-09
7031 1 29.9692 35.0735 -26.3378 1 2.83737e-09
7038 1 27.4891 35.0735 -24.9058 1 3.58136e-09
7490 1 27.4891 35.0735 -27.7697 1 3.82923e-09
6262 1 31.6226 32.7352 -26.3378 1 1.56701e-09
6298 1 34.1028 32.7352 -27.7697 1 1.58367e-09
6717 1 34.1027 32.7352 -24.9058 1 6.64574e-09
7032 1 32.4493 35.0735 -24.9058 1 3.55424e-09
7033 1 32.4493 35.0735 -27.7697 1 3.82264e-09
7261 1 1.03463 2.33776 -22.042 1 1.06243e-08
7262 1 3.51473 2.33774 -23.4739 1 7.4266e-09
7719 1 3.51476 2.33777 -20.61 1 2.47214e-08
7716 1 5.99485 2.33776 -22.042 1 1.0938e-08
7718 1 8.47498 2.33777 -20.61 1 2.46385e-08
7754 1 8.47495 2.33774 -23.4739 1 7.34068e-09
7752 1 10.9551 2.33776 -22.042 1 1.1241e-08
7542 1 13.4352 2.33777 -20.61 1 2.43471e-08
7545 1 15.9153 2.33776 -22.042 1 1.11201e-08
7753 1 13.4352 2.33774 -23.4739 1 7.16889e-09
7519 1 18.3954 2.33774 -23.4739 1 7.29133e-09
7521 1 20.8755 2.33776 -22.042 1 1.06671e-08
7543 1 18.3954 2.33777 -20.61 1 2.43959e-08
7050 1 23.3556 2.33777 -20.61 1 2.47114e-08
7053 1 25.8357 2.33776 -22.042 1 1.10467e-08
7520 1 23.3556 2.33774 -23.4739 1 7.55366e-09
7039 1 28.3158 2.33774 -23.4739 1 7.90084e-09
7051 1 28.3158 2.33777 -20.61 1 2.49963e-08
6593 1 33.2761 2.33777 -20.61 1 2.48887e-08
7040 1 33.276 2.33774 -23.4739 1 7.6597e-09
7041 1 30.7959 2.33776 -22.042 1 1.05841e-08
6759 1 0.207932 7.01428 -23.4739 1 5.13036e-09
7216 1 2.68805 7.01429 -22.042 1 1.97063e-08
7219 1 0.207956 7.01431 -20.61 1 5.26689e-08
7220 1 1.86136 4.67604 -20.61 1 3.17213e-08
7259 1 1.86134 4.67602 -23.4739 1 3.37159e-09
7218 1 5.16817 7.01431 -20.61 1 5.2519e-08
7253 1 7.64826 7.01429 -22.042 1 1.96128e-08
7255 1 5.16815 7.01428 -23.4739 1 5.13319e-09
7257 1 4.34147 4.67602 -22.042 1 1.27226e-08
7258 1 6.82156 4.67602 -23.4739 1 3.50262e-09
7715 1 6.82158 4.67604 -20.61 1 3.16337e-08
7254 1 10.1284 7.01428 -23.4739 1 4.99138e-09
7708 1 12.6085 7.01429 -22.042 1 1.97917e-08
7711 1 10.1284 7.01431 -20.61 1 5.24677e-08
7712 1 9.30168 4.67602 -22.042 1 1.25008e-08
7714 1 11.7818 4.67604 -20.61 1 3.15777e-08
7750 1 11.7818 4.67602 -23.4739 1 3.37636e-09
7546 1 16.742 4.67604 -20.61 1 3.12879e-08
7710 1 15.0886 7.01431 -20.61 1 5.22528e-08
7746 1 15.0886 7.01428 -23.4739 1 5.05291e-09
7748 1 14.2619 4.67602 -22.042 1 1.22503e-08
7749 1 16.742 4.67602 -23.4739 1 3.45282e-09
7549 1 19.2221 4.67602 -22.042 1 1.23848e-08
7550 1 20.0488 7.01431 -20.61 1 5.2366e-08
7744 1 17.5687 7.01429 -22.042 1 1.97587e-08
7745 1 20.0488 7.01428 -23.4739 1 5.07477e-09
7523 1 21.7022 4.67602 -23.4739 1 3.46942e-09
7525 1 24.1823 4.67602 -22.042 1 1.26629e-08
7527 1 25.009 7.01428 -23.4739 1 5.20806e-09
7547 1 21.7022 4.67604 -20.61 1 3.13403e-08
7551 1 25.009 7.01431 -20.61 1 5.26211e-08
7553 1 22.5289 7.01429 -22.042 1 1.99523e-08
7054 1 26.6625 4.67604 -20.61 1 3.15373e-08
7057 1 29.1426 4.67602 -22.042 1 1.27586e-08
7058 1 29.9693 7.01431 -20.61 1 5.2715e-08
7524 1 26.6624 4.67602 -23.4739 1 3.50702e-09
7528 1 29.9692 7.01428 -23.4739 1 5.17499e-09
7529 1 27.4891 7.01429 -22.042 1 1.99338e-08
7043 1 31.6226 4.67602 -23.4739 1 3.44448e-09
7044 1 34.1028 4.67602 -22.042 1 1.27045e-08
7055 1 31.6227 4.67604 -20.61 1 3.15832e-08
7060 1 32.4494 7.01429 -22.042 1 1.98142e-08
6716 1 1.86136 11.6908 -20.61 1 3.17001e-08
6755 1 1.86134 11.6908 -23.4739 1 3.37835e-09
6757 1 1.03463 9.35256 -22.042 1 1.06814e-08
6758 1 3.51473 9.35255 -23.4739 1 7.38841e-09
7215 1 3.51476 9.35257 -20.61 1 2.46573e-08
6753 1 4.34147 11.6908 -22.042 1 1.24371e-08
6754 1 6.82156 11.6908 -23.4739 1 3.51997e-09
7211 1 6.82158 11.6908 -20.61 1 3.16174e-08
7212 1 5.99485 9.35257 -22.042 1 1.1004e-08
7214 1 8.47498 9.35257 -20.61 1 2.45754e-08
7251 1 8.47495 9.35255 -23.4739 1 7.30973e-09
7208 1 9.30168 11.6908 -22.042 1 1.22536e-08
7210 1 11.7818 11.6908 -20.61 1 3.15959e-08
7247 1 11.7818 11.6908 -23.4739 1 3.3961e-09
7249 1 10.9551 9.35257 -22.042 1 1.13192e-08
7245 1 14.2619 11.6908 -22.042 1 1.1991e-08
7246 1 16.742 11.6908 -23.4739 1 3.46348e-09
7250 1 13.4352 9.35255 -23.4739 1 7.1414e-09
7703 1 16.742 11.6908 -20.61 1 3.12888e-08
7704 1 15.9153 9.35257 -22.042 1 1.11938e-08
7707 1 13.4352 9.35257 -20.61 1 2.42928e-08
7700 1 19.2221 11.6908 -22.042 1 1.21192e-08
7706 1 18.3954 9.35257 -20.61 1 2.43493e-08
7740 1 20.8755 9.35256 -22.042 1 1.07529e-08
7742 1 18.3954 9.35255 -23.4739 1 7.24019e-09
7554 1 23.3556 9.35257 -20.61 1 2.46408e-08
7558 1 25.8357 9.35256 -22.042 1 1.11334e-08
7702 1 21.7022 11.6908 -20.61 1 3.13398e-08
7736 1 24.1823 11.6908 -22.042 1 1.24082e-08
7738 1 21.7022 11.6908 -23.4739 1 3.48777e-09
7741 1 23.3556 9.35255 -23.4739 1 7.52509e-09
7531 1 28.3158 9.35255 -23.4739 1 7.86621e-09
7555 1 28.3158 9.35257 -20.61 1 2.49526e-08
7561 1 26.6625 11.6908 -20.61 1 3.15389e-08
7573 1 29.1426 11.6908 -22.042 1 1.25087e-08
7737 1 26.6624 11.6908 -23.4739 1 3.51785e-09
7061 1 33.2761 9.35257 -20.61 1 2.4835e-08
7532 1 33.276 9.35255 -23.4739 1 7.61787e-09
7533 1 30.7959 9.35256 -22.042 1 1.06743e-08
7535 1 31.6226 11.6908 -23.4739 1 3.454e-09
7536 1 34.1028 11.6908 -22.042 1 1.2433e-08
7565 1 31.6227 11.6908 -20.61 1 3.15641e-08
6257 1 1.03463 16.3674 -22.042 1 1.0831e-08
6258 1 3.51473 16.3674 -23.4739 1 7.23017e-09
6259 1 0.207932 14.0291 -23.4739 1 5.27772e-09
6711 1 3.51476 16.3674 -20.61 1 2.40369e-08
6712 1 2.68805 14.0291 -22.042 1 1.98309e-08
6715 1 0.207956 14.0291 -20.61 1 5.27922e-08
6708 1 5.99485 16.3674 -22.042 1 1.11618e-08
6710 1 8.47498 16.3674 -20.61 1 2.392e-08
6714 1 5.16817 14.0291 -20.61 1 5.26187e-08
6747 1 8.47495 16.3674 -23.4739 1 7.12757e-09
6749 1 7.64826 14.0291 -22.042 1 1.97171e-08
6751 1 5.16815 14.0291 -23.4739 1 5.30664e-09
6745 1 10.9551 16.3674 -22.042 1 1.1459e-08
6750 1 10.1284 14.0291 -23.4739 1 5.13325e-09
7204 1 12.6085 14.0291 -22.042 1 1.99131e-08
7207 1 10.1284 14.0291 -20.61 1 5.25874e-08
6746 1 13.4352 16.3674 -23.4739 1 6.96883e-09
7200 1 15.9153 16.3674 -22.042 1 1.13415e-08
7203 1 13.4352 16.3674 -20.61 1 2.36844e-08
7206 1 15.0886 14.0291 -20.61 1 5.23627e-08
7243 1 15.0886 14.0291 -23.4739 1 5.1905e-09
7202 1 18.3954 16.3674 -20.61 1 2.37312e-08
7237 1 20.8755 16.3674 -22.042 1 1.0872e-08
7239 1 18.3954 16.3674 -23.4739 1 7.09943e-09
7241 1 17.5687 14.0291 -22.042 1 1.99141e-08
7242 1 20.0488 14.0291 -23.4739 1 5.2285e-09
7699 1 20.0488 14.0291 -20.61 1 5.24681e-08
7238 1 23.3556 16.3674 -23.4739 1 7.34663e-09
7692 1 25.8357 16.3674 -22.042 1 1.12762e-08
7695 1 23.3556 16.3674 -20.61 1 2.40046e-08
7696 1 22.5289 14.0291 -22.042 1 2.00724e-08
7698 1 25.009 14.0291 -20.61 1 5.2735e-08
7734 1 25.009 14.0291 -23.4739 1 5.37837e-09
7577 1 29.9693 14.0291 -20.61 1 5.28049e-08
7694 1 28.3158 16.3674 -20.61 1 2.42865e-08
7730 1 28.3158 16.3674 -23.4739 1 7.69515e-09
7732 1 27.4891 14.0291 -22.042 1 2.00616e-08
7733 1 29.9692 14.0291 -23.4739 1 5.32894e-09
7585 1 32.4494 14.0291 -22.042 1 1.98963e-08
7589 1 33.2761 16.3674 -20.61 1 2.41782e-08
7728 1 30.7959 16.3674 -22.042 1 1.08009e-08
7729 1 33.276 16.3674 -23.4739 1 7.4272e-09
5782 1 0.207932 21.0439 -23.4739 1 5.27255e-09
6223 1 2.68805 21.0439 -22.042 1 1.96142e-08
6226 1 0.207956 21.0439 -20.61 1 5.2703e-08
6227 1 1.86136 18.7057 -20.61 1 3.13912e-08
6255 1 1.86134 18.7056 -23.4739 1 3.32976e-09
6225 1 5.16817 21.0439 -20.61 1 5.25626e-08
6249 1 7.64826 21.0439 -22.042 1 1.95914e-08
6251 1 5.16815 21.0439 -23.4739 1 5.26439e-09
6253 1 4.34147 18.7056 -22.042 1 1.26151e-08
6254 1 6.82156 18.7056 -23.4739 1 3.46858e-09
6707 1 6.82158 18.7057 -20.61 1 3.13296e-08
6250 1 10.1284 21.0439 -23.4739 1 5.12062e-09
6700 1 12.6085 21.0439 -22.042 1 1.97065e-08
6703 1 10.1284 21.0439 -20.61 1 5.25041e-08
6704 1 9.30168 18.7056 -22.042 1 1.23914e-08
6706 1 11.7818 18.7057 -20.61 1 3.12457e-08
6743 1 11.7818 18.7056 -23.4739 1 3.33655e-09
6702 1 15.0886 21.0439 -20.61 1 5.22987e-08
6739 1 15.0886 21.0439 -23.4739 1 5.16249e-09
6741 1 14.2619 18.7056 -22.042 1 1.21655e-08
6742 1 16.742 18.7056 -23.4739 1 3.41223e-09
7199 1 16.742 18.7057 -20.61 1 3.09969e-08
6737 1 17.5687 21.0439 -22.042 1 1.9737e-08
6738 1 20.0488 21.0439 -23.4739 1 5.20143e-09
7195 1 20.0488 21.0439 -20.61 1 5.2411e-08
7196 1 19.2221 18.7056 -22.042 1 1.22558e-08
7192 1 22.5289 21.0439 -22.042 1 1.99201e-08
7194 1 25.009 21.0439 -20.61 1 5.26608e-08
7198 1 21.7022 18.7057 -20.61 1 3.10193e-08
7231 1 25.009 21.0439 -23.4739 1 5.34987e-09
7233 1 24.1823 18.7056 -22.042 1 1.25654e-08
7235 1 21.7022 18.7056 -23.4739 1 3.43341e-09
7229 1 27.4891 21.0439 -22.042 1 1.98824e-08
7230 1 29.9692 21.0439 -23.4739 1 5.29184e-09
7234 1 26.6624 18.7056 -23.4739 1 3.47002e-09
7687 1 29.9693 21.0439 -20.61 1 5.2783e-08
7688 1 29.1426 18.7056 -22.042 1 1.26708e-08
7691 1 26.6625 18.7057 -20.61 1 3.12444e-08
7685 1 32.4494 21.0439 -22.042 1 1.97469e-08
7690 1 31.6227 18.7057 -20.61 1 3.12676e-08
7725 1 34.1028 18.7056 -22.042 1 1.25864e-08
7726 1 31.6226 18.7056 -23.4739 1 3.40257e-09
5762 1 1.86136 25.7205 -20.61 1 3.12099e-08
5778 1 1.86134 25.7204 -23.4739 1 3.35469e-09
5780 1 1.03463 23.3822 -22.042 1 1.08527e-08
5781 1 3.51473 23.3822 -23.4739 1 7.11798e-09
6222 1 3.51476 23.3822 -20.61 1 2.40332e-08
5776 1 4.34147 25.7204 -22.042 1 1.28392e-08
5777 1 6.82156 25.7204 -23.4739 1 3.47723e-09
6218 1 6.82158 25.7205 -20.61 1 3.10477e-08
6219 1 5.99485 23.3822 -22.042 1 1.11317e-08
6221 1 8.47498 23.3822 -20.61 1 2.39381e-08
6247 1 8.47495 23.3822 -23.4739 1 7.04956e-09
6215 1 9.30168 25.7204 -22.042 1 1.26805e-08
6217 1 11.7818 25.7205 -20.61 1 3.10775e-08
6243 1 11.7818 25.7204 -23.4739 1 3.34851e-09
6245 1 10.9551 23.3822 -22.042 1 1.14892e-08
6241 1 14.2619 25.7204 -22.042 1 1.24104e-08
6242 1 16.742 25.7204 -23.4739 1 3.41751e-09
6246 1 13.4352 23.3822 -23.4739 1 6.86762e-09
6695 1 16.742 25.7205 -20.61 1 3.07437e-08
6696 1 15.9153 23.3822 -22.042 1 1.13251e-08
6699 1 13.4352 23.3822 -20.61 1 2.36746e-08
6692 1 19.2221 25.7204 -22.042 1 1.25591e-08
6698 1 18.3954 23.3822 -20.61 1 2.37225e-08
6733 1 20.8755 23.3822 -22.042 1 1.09047e-08
6735 1 18.3954 23.3822 -23.4739 1 7.00177e-09
6694 1 21.7022 25.7205 -20.61 1 3.0847e-08
6729 1 24.1823 25.7204 -22.042 1 1.28115e-08
6731 1 21.7022 25.7204 -23.4739 1 3.44846e-09
6734 1 23.3556 23.3822 -23.4739 1 7.25157e-09
7188 1 25.8357 23.3822 -22.042 1 1.12673e-08
7191 1 23.3556 23.3822 -20.61 1 2.40211e-08
6730 1 26.6624 25.7204 -23.4739 1 3.48815e-09
7184 1 29.1426 25.7204 -22.042 1 1.29147e-08
7187 1 26.6625 25.7205 -20.61 1 3.09763e-08
7190 1 28.3158 23.3822 -20.61 1 2.42892e-08
7227 1 28.3158 23.3822 -23.4739 1 7.58352e-09
7186 1 31.6227 25.7205 -20.61 1 3.10513e-08
7222 1 34.1028 25.7204 -22.042 1 1.28592e-08
7223 1 31.6226 25.7204 -23.4739 1 3.42637e-09
7225 1 30.7959 23.3822 -22.042 1 1.08063e-08
7226 1 33.276 23.3822 -23.4739 1 7.35878e-09
7684 1 33.2761 23.3822 -20.61 1 2.41884e-08
5327 1 1.03463 30.397 -22.042 1 1.0779e-08
5328 1 3.51473 30.397 -23.4739 1 7.37045e-09
5329 1 0.207932 28.0587 -23.4739 1 5.10814e-09
5757 1 3.51476 30.397 -20.61 1 2.45358e-08
5758 1 2.68805 28.0587 -22.042 1 1.94247e-08
5761 1 0.207956 28.0587 -20.61 1 5.25527e-08
5754 1 5.99485 30.397 -22.042 1 1.1135e-08
5756 1 8.47498 30.397 -20.61 1 2.44432e-08
5760 1 5.16817 28.0587 -20.61 1 5.23389e-08
5770 1 8.47495 30.397 -23.4739 1 7.26914e-09
5772 1 7.64826 28.0587 -22.042 1 1.9274e-08
5774 1 5.16815 28.0587 -23.4739 1 5.12093e-09
5768 1 10.9551 30.397 -22.042 1 1.14345e-08
5773 1 10.1284 28.0587 -23.4739 1 4.97426e-09
6211 1 12.6085 28.0587 -22.042 1 1.94866e-08
6214 1 10.1284 28.0587 -20.61 1 5.23704e-08
5769 1 13.4352 30.397 -23.4739 1 7.11214e-09
6207 1 15.9153 30.397 -22.042 1 1.13024e-08
6210 1 13.4352 30.397 -20.61 1 2.41652e-08
6213 1 15.0886 28.0587 -20.61 1 5.2147e-08
6239 1 15.0886 28.0587 -23.4739 1 5.04654e-09
6209 1 18.3954 30.397 -20.61 1 2.42044e-08
6233 1 20.8755 30.397 -22.042 1 1.08565e-08
6235 1 18.3954 30.397 -23.4739 1 7.22111e-09
6237 1 17.5687 28.0587 -22.042 1 1.94393e-08
6238 1 20.0488 28.0587 -23.4739 1 5.0603e-09
6691 1 20.0488 28.0587 -20.61 1 5.22629e-08
6234 1 23.3556 30.397 -23.4739 1 7.49196e-09
6684 1 25.8357 30.397 -22.042 1 1.12343e-08
6687 1 23.3556 30.397 -20.61 1 2.45042e-08
6688 1 22.5289 28.0587 -22.042 1 1.96637e-08
6690 1 25.009 28.0587 -20.61 1 5.24546e-08
6727 1 25.009 28.0587 -23.4739 1 5.18171e-09
6686 1 28.3158 30.397 -20.61 1 2.48055e-08
6723 1 28.3158 30.397 -23.4739 1 7.841e-09
6725 1 27.4891 28.0587 -22.042 1 1.96081e-08
6726 1 29.9692 28.0587 -23.4739 1 5.15939e-09
7183 1 29.9693 28.0587 -20.61 1 5.25699e-08
6721 1 30.7959 30.397 -22.042 1 1.07931e-08
6722 1 33.276 30.397 -23.4739 1 7.58653e-09
7180 1 33.2761 30.397 -20.61 1 2.46815e-08
7181 1 32.4494 28.0587 -22.042 1 1.94783e-08
5321 1 1.86136 32.7353 -20.61 1 3.1404e-08
5325 1 1.86134 32.7352 -23.4739 1 3.36479e-09
7263 1 0.207932 35.0735 -23.4739 1 5.12817e-09
7720 1 2.68805 35.0735 -22.042 1 1.95955e-08
7723 1 0.207956 35.0735 -20.61 1 5.26826e-08
5323 1 4.34147 32.7352 -22.042 1 1.29131e-08
5324 1 6.82156 32.7352 -23.4739 1 3.48886e-09
5753 1 6.82158 32.7353 -20.61 1 3.13818e-08
7722 1 5.16817 35.0735 -20.61 1 5.25132e-08
7756 1 7.64826 35.0735 -22.042 1 1.95203e-08
7758 1 5.16815 35.0735 -23.4739 1 5.11996e-09
5750 1 9.30168 32.7352 -22.042 1 1.27076e-08
5752 1 11.7818 32.7353 -20.61 1 3.13099e-08
5766 1 11.7818 32.7352 -23.4739 1 3.3674e-09
7538 1 10.1284 35.0735 -20.61 1 5.25205e-08
7541 1 12.6085 35.0735 -22.042 1 1.9665e-08
7757 1 10.1284 35.0735 -23.4739 1 4.9924e-09
5764 1 14.2619 32.7352 -22.042 1 1.2443e-08
5765 1 16.742 32.7352 -23.4739 1 3.43223e-09
6206 1 16.742 32.7353 -20.61 1 3.10059e-08
7515 1 15.0886 35.0735 -23.4739 1 5.05047e-09
7539 1 15.0886 35.0735 -20.61 1 5.22868e-08
6203 1 19.2221 32.7352 -22.042 1 1.2573e-08
7046 1 20.0488 35.0735 -20.61 1 5.2401e-08
7516 1 20.0488 35.0735 -23.4739 1 5.07291e-09
7517 1 17.5687 35.0735 -22.042 1 1.9667e-08
6205 1 21.7022 32.7353 -20.61 1 3.10628e-08
6229 1 24.1823 32.7352 -22.042 1 1.2853e-08
6231 1 21.7022 32.7352 -23.4739 1 3.46172e-09
7035 1 25.009 35.0735 -23.4739 1 5.19657e-09
7047 1 25.009 35.0735 -20.61 1 5.2615e-08
7049 1 22.5289 35.0735 -22.042 1 1.98695e-08
6230 1 26.6624 32.7352 -23.4739 1 3.49757e-09
6590 1 29.9693 35.0735 -20.61 1 5.27516e-08
6680 1 29.1426 32.7352 -22.042 1 1.2982e-08
6683 1 26.6625 32.7353 -20.61 1 3.12315e-08
7036 1 29.9692 35.0735 -23.4739 1 5.16249e-09
7037 1 27.4891 35.0735 -22.042 1 1.98164e-08
6592 1 32.4494 35.0735 -22.042 1 1.97144e-08
6682 1 31.6227 32.7353 -20.61 1 3.13203e-08
6718 1 34.1028 32.7352 -22.042 1 1.28755e-08
6719 1 31.6226 32.7352 -23.4739 1 3.43785e-09
7680 1 1.03469 2.33777 -19.1781 1 1.28281e-07
7681 1 1.03471 2.33777 -16.3144 1 2.7792e-06
7682 1 3.51481 2.33778 -17.7462 1 6.3499e-07
7717 1 5.9949 2.33777 -19.1781 1 1.27527e-07
7843 1 8.47502 2.33778 -17.7462 1 6.34392e-07
7881 1 5.99492 2.33777 -16.3144 1 2.77738e-06
7845 1 10.9551 2.33777 -16.3144 1 2.77724e-06
7846 1 10.9551 2.33777 -19.1781 1 1.27712e-07
7437 1 15.9154 2.33777 -16.3144 1 2.77915e-06
7544 1 15.9153 2.33777 -19.1781 1 1.27995e-07
7844 1 13.4352 2.33778 -17.7462 1 6.34129e-07
7066 1 18.3955 2.33778 -17.7462 1 6.34413e-07
7069 1 20.8756 2.33777 -16.3144 1 2.77943e-06
7073 1 20.8756 2.33777 -19.1781 1 1.28445e-07
7005 1 25.8358 2.33777 -16.3144 1 2.77819e-06
7052 1 25.8358 2.33777 -19.1781 1 1.28021e-07
7067 1 23.3557 2.33778 -17.7462 1 6.35559e-07
6598 1 28.3159 2.33778 -17.7462 1 6.35258e-07
6599 1 33.2761 2.33778 -17.7462 1 6.35089e-07
6600 1 30.796 2.33777 -16.3144 1 2.77593e-06
6601 1 30.796 2.33777 -19.1781 1 1.27763e-07
7179 1 0.208003 7.01437 -17.7459 1 1.51336e-06
7217 1 2.68809 7.01434 -19.178 1 2.81396e-07
7636 1 2.68814 7.01442 -16.3138 1 6.95723e-06
7679 1 1.86141 4.67616 -17.7462 1 6.33444e-07
7672 1 7.6483 7.01434 -19.178 1 2.81288e-07
7673 1 7.64836 7.01442 -16.3138 1 6.95419e-06
7675 1 5.16822 7.01437 -17.7459 1 1.51248e-06
7676 1 4.34149 4.6761 -19.1781 1 1.32684e-07
7677 1 4.34158 4.67627 -16.3144 1 2.81263e-06
7678 1 6.82162 4.67616 -17.7462 1 6.33603e-07
7674 1 10.1284 7.01437 -17.7459 1 1.51196e-06
7709 1 12.6085 7.01434 -19.178 1 2.81272e-07
7713 1 9.3017 4.6761 -19.1781 1 1.32918e-07
7847 1 11.7818 4.67616 -17.7462 1 6.33332e-07
7885 1 9.30179 4.67627 -16.3144 1 2.81278e-06
7889 1 12.6086 7.01442 -16.3138 1 6.95528e-06
7848 1 16.7421 4.67616 -17.7462 1 6.33397e-07
7849 1 14.262 4.67627 -16.3144 1 2.81132e-06
7850 1 14.2619 4.6761 -19.1781 1 1.33016e-07
7851 1 15.0887 7.01437 -17.7459 1 1.51203e-06
7441 1 19.2222 4.67627 -16.3144 1 2.81135e-06
7548 1 19.2221 4.6761 -19.1781 1 1.32949e-07
7852 1 20.0489 7.01437 -17.7459 1 1.51293e-06
7853 1 17.5688 7.01442 -16.3138 1 6.95726e-06
7854 1 17.5687 7.01434 -19.178 1 2.81167e-07
7077 1 21.7023 4.67616 -17.7462 1 6.33224e-07
7085 1 24.1825 4.67627 -16.3144 1 2.81334e-06
7089 1 24.1824 4.6761 -19.1781 1 1.33069e-07
7093 1 25.0091 7.01437 -17.7459 1 1.51346e-06
7445 1 22.529 7.01442 -16.3138 1 6.9595e-06
7552 1 22.529 7.01434 -19.178 1 2.81431e-07
7009 1 29.1427 4.67627 -16.3144 1 2.81539e-06
7056 1 29.1426 4.6761 -19.1781 1 1.32859e-07
7081 1 26.6625 4.67616 -17.7462 1 6.33763e-07
7097 1 29.9693 7.01437 -17.7459 1 1.51259e-06
7421 1 27.4892 7.01442 -16.3138 1 6.95695e-06
7422 1 27.4892 7.01434 -19.178 1 2.81185e-07
6602 1 31.6227 4.67616 -17.7462 1 6.33116e-07
6604 1 34.1029 4.67627 -16.3144 1 2.81461e-06
6608 1 34.1028 4.6761 -19.1781 1 1.32765e-07
7012 1 32.4494 7.01442 -16.3138 1 6.95529e-06
7059 1 32.4494 7.01434 -19.178 1 2.81354e-07
7175 1 1.86141 11.691 -17.7462 1 6.3451e-07
7176 1 1.03469 9.35257 -19.1781 1 1.27791e-07
7177 1 1.03471 9.35258 -16.3144 1 2.77801e-06
7178 1 3.51481 9.35259 -17.7462 1 6.34349e-07
7172 1 4.34149 11.6909 -19.1781 1 1.33547e-07
7173 1 4.34158 11.6911 -16.3144 1 2.81205e-06
7174 1 6.82162 11.691 -17.7462 1 6.34738e-07
7213 1 5.9949 9.35258 -19.1781 1 1.27122e-07
7632 1 5.99492 9.35258 -16.3144 1 2.77686e-06
7671 1 8.47502 9.35259 -17.7462 1 6.33818e-07
7209 1 9.3017 11.6909 -19.1781 1 1.33818e-07
7628 1 9.30179 11.6911 -16.3144 1 2.81201e-06
7667 1 11.7818 11.691 -17.7462 1 6.34798e-07
7668 1 10.9551 9.35258 -19.1781 1 1.27304e-07
7669 1 10.9551 9.35258 -16.3144 1 2.77639e-06
7664 1 14.2619 11.6909 -19.1781 1 1.33943e-07
7665 1 14.262 11.6911 -16.3144 1 2.81084e-06
7666 1 16.7421 11.691 -17.7462 1 6.34738e-07
7670 1 13.4352 9.35259 -17.7462 1 6.33345e-07
7705 1 15.9153 9.35258 -19.1781 1 1.27558e-07
7893 1 15.9154 9.35258 -16.3144 1 2.77742e-06
7701 1 19.2221 11.6909 -19.1781 1 1.33864e-07
7855 1 18.3955 9.35259 -17.7462 1 6.33556e-07
7857 1 20.8756 9.35258 -16.3144 1 2.77809e-06
7858 1 20.8756 9.35258 -19.1781 1 1.27962e-07
7897 1 19.2222 11.6911 -16.3144 1 2.81034e-06
7449 1 25.8358 9.35258 -16.3144 1 2.77671e-06
7556 1 25.8358 9.35258 -19.1781 1 1.27603e-07
7856 1 23.3557 9.35259 -17.7462 1 6.34728e-07
7859 1 21.7023 11.691 -17.7462 1 6.34496e-07
7861 1 24.1825 11.6911 -16.3144 1 2.81308e-06
7862 1 24.1824 11.6909 -19.1781 1 1.33952e-07
7423 1 28.3159 9.35259 -17.7462 1 6.34491e-07
7453 1 29.1427 11.6911 -16.3144 1 2.8144e-06
7569 1 29.1426 11.6909 -19.1781 1 1.33709e-07
7860 1 26.6625 11.691 -17.7462 1 6.34948e-07
7424 1 33.2761 9.35259 -17.7462 1 6.34183e-07
7425 1 30.796 9.35258 -16.3144 1 2.77452e-06
7426 1 30.796 9.35258 -19.1781 1 1.27341e-07
7427 1 31.6227 11.691 -17.7462 1 6.34574e-07
7428 1 34.1029 11.6911 -16.3144 1 2.81387e-06
7429 1 34.1028 11.6909 -19.1781 1 1.3374e-07
6676 1 1.03469 16.3674 -19.1781 1 1.25958e-07
6677 1 1.03471 16.3674 -16.3144 1 2.77433e-06
6678 1 3.51481 16.3674 -17.7462 1 6.30975e-07
6679 1 0.208003 14.0292 -17.7459 1 1.51467e-06
6713 1 2.68809 14.0291 -19.178 1 2.81624e-07
7132 1 2.68814 14.0292 -16.3138 1 6.95751e-06
6709 1 5.9949 16.3674 -19.1781 1 1.25237e-07
7128 1 5.99492 16.3674 -16.3144 1 2.77325e-06
7167 1 8.47502 16.3674 -17.7462 1 6.30515e-07
7168 1 7.6483 14.0291 -19.178 1 2.81493e-07
7169 1 7.64836 14.0292 -16.3138 1 6.95524e-06
7171 1 5.16822 14.0292 -17.7459 1 1.51344e-06
7164 1 10.9551 16.3674 -19.1781 1 1.25478e-07
7165 1 10.9551 16.3674 -16.3144 1 2.77259e-06
7170 1 10.1284 14.0292 -17.7459 1 1.51324e-06
7205 1 12.6085 14.0291 -19.178 1 2.81698e-07
7624 1 12.6086 14.0292 -16.3138 1 6.95664e-06
7166 1 13.4352 16.3674 -17.7462 1 6.30043e-07
7201 1 15.9153 16.3674 -19.1781 1 1.25732e-07
7620 1 15.9154 16.3674 -16.3144 1 2.77402e-06
7663 1 15.0887 14.0292 -17.7459 1 1.51333e-06
7656 1 20.8756 16.3674 -19.1781 1 1.26153e-07
7657 1 20.8756 16.3674 -16.3144 1 2.77484e-06
7659 1 18.3955 16.3674 -17.7462 1 6.30444e-07
7660 1 17.5687 14.0291 -19.178 1 2.81479e-07
7661 1 17.5688 14.0292 -16.3138 1 6.95871e-06
7662 1 20.0489 14.0292 -17.7459 1 1.51429e-06
7658 1 23.3557 16.3674 -17.7462 1 6.31424e-07
7693 1 25.8358 16.3674 -19.1781 1 1.25762e-07
7697 1 22.529 14.0291 -19.178 1 2.81702e-07
7863 1 25.0091 14.0292 -17.7459 1 1.51454e-06
7901 1 22.529 14.0292 -16.3138 1 6.96116e-06
7905 1 25.8358 16.3674 -16.3144 1 2.77348e-06
7864 1 29.9693 14.0292 -17.7459 1 1.51394e-06
7865 1 27.4892 14.0292 -16.3138 1 6.95802e-06
7866 1 27.4892 14.0291 -19.178 1 2.81382e-07
7867 1 28.3159 16.3674 -17.7462 1 6.31254e-07
7456 1 32.4494 14.0292 -16.3138 1 6.95781e-06
7581 1 32.4494 14.0291 -19.178 1 2.81757e-07
7868 1 33.2761 16.3674 -17.7462 1 6.31063e-07
7869 1 30.796 16.3674 -16.3144 1 2.77163e-06
7870 1 30.796 16.3674 -19.1781 1 1.25499e-07
6202 1 0.208003 21.044 -17.7459 1 1.51646e-06
6224 1 2.68809 21.0439 -19.178 1 2.82148e-07
6643 1 2.68814 21.044 -16.3138 1 6.96246e-06
6675 1 1.86141 18.7058 -17.7462 1 6.32223e-07
6668 1 7.6483 21.0439 -19.178 1 2.82076e-07
6669 1 7.64836 21.044 -16.3138 1 6.96004e-06
6671 1 5.16822 21.044 -17.7459 1 1.51544e-06
6672 1 4.34149 18.7057 -19.1781 1 1.32094e-07
6673 1 4.34158 18.7059 -16.3144 1 2.80729e-06
6674 1 6.82162 18.7058 -17.7462 1 6.3267e-07
6670 1 10.1284 21.044 -17.7459 1 1.51531e-06
6701 1 12.6085 21.0439 -19.178 1 2.822e-07
6705 1 9.3017 18.7057 -19.1781 1 1.32367e-07
7120 1 12.6086 21.044 -16.3138 1 6.9621e-06
7124 1 9.30179 18.7059 -16.3144 1 2.80807e-06
7163 1 11.7818 18.7058 -17.7462 1 6.32756e-07
7159 1 15.0887 21.044 -17.7459 1 1.51525e-06
7160 1 14.2619 18.7057 -19.1781 1 1.32423e-07
7161 1 14.262 18.7059 -16.3144 1 2.80717e-06
7162 1 16.7421 18.7058 -17.7462 1 6.32865e-07
7156 1 17.5687 21.0439 -19.178 1 2.82081e-07
7157 1 17.5688 21.044 -16.3138 1 6.96472e-06
7158 1 20.0489 21.044 -17.7459 1 1.51658e-06
7197 1 19.2221 18.7057 -19.1781 1 1.32491e-07
7616 1 19.2222 18.7059 -16.3144 1 2.80687e-06
7193 1 22.529 21.0439 -19.178 1 2.8231e-07
7612 1 22.529 21.044 -16.3138 1 6.96669e-06
7651 1 25.0091 21.044 -17.7459 1 1.51664e-06
7652 1 24.1824 18.7057 -19.1781 1 1.32434e-07
7653 1 24.1825 18.7059 -16.3144 1 2.80906e-06
7655 1 21.7023 18.7058 -17.7462 1 6.32559e-07
7648 1 27.4892 21.0439 -19.178 1 2.82045e-07
7649 1 27.4892 21.044 -16.3138 1 6.96363e-06
7650 1 29.9693 21.044 -17.7459 1 1.5162e-06
7654 1 26.6625 18.7058 -17.7462 1 6.3289e-07
7689 1 29.1426 18.7057 -19.1781 1 1.32362e-07
7909 1 29.1427 18.7059 -16.3144 1 2.81019e-06
7686 1 32.4494 21.0439 -19.178 1 2.82332e-07
7871 1 31.6227 18.7058 -17.7462 1 6.32583e-07
7872 1 34.1029 18.7059 -16.3144 1 2.80955e-06
7873 1 34.1028 18.7057 -19.1781 1 1.32155e-07
7912 1 32.4494 21.044 -16.3138 1 6.96222e-06
6198 1 1.86141 25.7206 -17.7462 1 6.29151e-07
6199 1 1.03469 23.3822 -19.1781 1 1.26216e-07
6200 1 1.03471 23.3822 -16.3144 1 2.77359e-06
6201 1 3.51481 23.3822 -17.7462 1 6.31116e-07
6195 1 4.34149 25.7205 -19.1781 1 1.30867e-07
6196 1 4.34158 25.7207 -16.3144 1 2.80147e-06
6197 1 6.82162 25.7206 -17.7462 1 6.29529e-07
6220 1 5.9949 23.3822 -19.1781 1 1.2554e-07
6639 1 5.99492 23.3822 -16.3144 1 2.77174e-06
6667 1 8.47502 23.3822 -17.7462 1 6.30642e-07
6216 1 9.3017 25.7205 -19.1781 1 1.31182e-07
6635 1 9.30179 25.7207 -16.3144 1 2.80148e-06
6663 1 11.7818 25.7206 -17.7462 1 6.29318e-07
6664 1 10.9551 23.3822 -19.1781 1 1.25722e-07
6665 1 10.9551 23.3822 -16.3144 1 2.7717e-06
6660 1 14.2619 25.7205 -19.1781 1 1.31262e-07
6661 1 14.262 25.7207 -16.3144 1 2.80039e-06
6662 1 16.7421 25.7206 -17.7462 1 6.29418e-07
6666 1 13.4352 23.3822 -17.7462 1 6.30334e-07
6697 1 15.9153 23.3822 -19.1781 1 1.25924e-07
7116 1 15.9154 23.3822 -16.3144 1 2.77302e-06
6693 1 19.2221 25.7205 -19.1781 1 1.31184e-07
7112 1 19.2222 25.7207 -16.3144 1 2.8e-06
7152 1 20.8756 23.3822 -19.1781 1 1.26431e-07
7153 1 20.8756 23.3822 -16.3144 1 2.77356e-06
7155 1 18.3955 23.3822 -17.7462 1 6.30469e-07
7148 1 24.1824 25.7205 -19.1781 1 1.31282e-07
7149 1 24.1825 25.7207 -16.3144 1 2.80227e-06
7151 1 21.7023 25.7206 -17.7462 1 6.29117e-07
7154 1 23.3557 23.3822 -17.7462 1 6.31764e-07
7189 1 25.8358 23.3822 -19.1781 1 1.26019e-07
7608 1 25.8358 23.3822 -16.3144 1 2.77258e-06
7150 1 26.6625 25.7206 -17.7462 1 6.29543e-07
7185 1 29.1426 25.7205 -19.1781 1 1.31026e-07
7604 1 29.1427 25.7207 -16.3144 1 2.80418e-06
7647 1 28.3159 23.3822 -17.7462 1 6.31295e-07
7641 1 34.1028 25.7205 -19.1781 1 1.31025e-07
7642 1 34.1029 25.7207 -16.3144 1 2.80328e-06
7643 1 31.6227 25.7206 -17.7462 1 6.29161e-07
7644 1 30.796 23.3822 -19.1781 1 1.25792e-07
7645 1 30.796 23.3822 -16.3144 1 2.76959e-06
7646 1 33.2761 23.3822 -17.7462 1 6.31124e-07
5746 1 1.03469 30.397 -19.1781 1 1.27587e-07
5747 1 1.03471 30.397 -16.3144 1 2.77981e-06
5748 1 3.51481 30.397 -17.7462 1 6.33655e-07
5749 1 0.208003 28.0588 -17.7459 1 1.51617e-06
5759 1 2.68809 28.0588 -19.178 1 2.82027e-07
6178 1 2.68814 28.0588 -16.3138 1 6.96114e-06
5755 1 5.9949 30.397 -19.1781 1 1.26882e-07
6174 1 5.99492 30.397 -16.3144 1 2.77883e-06
6190 1 8.47502 30.397 -17.7462 1 6.33066e-07
6191 1 7.6483 28.0588 -19.178 1 2.81962e-07
6192 1 7.64836 28.0588 -16.3138 1 6.95889e-06
6194 1 5.16822 28.0588 -17.7459 1 1.51506e-06
6187 1 10.9551 30.397 -19.1781 1 1.27062e-07
6188 1 10.9551 30.397 -16.3144 1 2.77817e-06
6193 1 10.1284 28.0588 -17.7459 1 1.51486e-06
6212 1 12.6085 28.0588 -19.178 1 2.8205e-07
6631 1 12.6086 28.0588 -16.3138 1 6.96018e-06
6189 1 13.4352 30.397 -17.7462 1 6.32752e-07
6208 1 15.9153 30.397 -19.1781 1 1.27316e-07
6627 1 15.9154 30.397 -16.3144 1 2.77987e-06
6659 1 15.0887 28.0588 -17.7459 1 1.51501e-06
6652 1 20.8756 30.397 -19.1781 1 1.27733e-07
6653 1 20.8756 30.397 -16.3144 1 2.78006e-06
6655 1 18.3955 30.397 -17.7462 1 6.32955e-07
6656 1 17.5687 28.0588 -19.178 1 2.8189e-07
6657 1 17.5688 28.0588 -16.3138 1 6.96252e-06
6658 1 20.0489 28.0588 -17.7459 1 1.51576e-06
6654 1 23.3557 30.397 -17.7462 1 6.34188e-07
6685 1 25.8358 30.397 -19.1781 1 1.27378e-07
6689 1 22.529 28.0588 -19.178 1 2.82192e-07
7104 1 25.8358 30.397 -16.3144 1 2.77888e-06
7108 1 22.529 28.0588 -16.3138 1 6.96376e-06
7147 1 25.0091 28.0588 -17.7459 1 1.51617e-06
7143 1 28.3159 30.397 -17.7462 1 6.33806e-07
7144 1 27.4892 28.0588 -19.178 1 2.81815e-07
7145 1 27.4892 28.0588 -16.3138 1 6.96124e-06
7146 1 29.9693 28.0588 -17.7459 1 1.51532e-06
7140 1 30.796 30.397 -19.1781 1 1.27073e-07
7141 1 30.796 30.397 -16.3144 1 2.77655e-06
7142 1 33.2761 30.397 -17.7462 1 6.33533e-07
7182 1 32.4494 28.0588 -19.178 1 2.82122e-07
7601 1 32.4494 28.0588 -16.3138 1 6.96e-06
5745 1 1.86141 32.7354 -17.7462 1 6.30894e-07
7683 1 0.208003 35.0736 -17.7459 1 1.51513e-06
7721 1 2.68809 35.0736 -19.178 1 2.81761e-07
7877 1 2.68814 35.0736 -16.3138 1 6.96057e-06
5742 1 4.34149 32.7353 -19.1781 1 1.31638e-07
5743 1 4.34158 32.7355 -16.3144 1 2.80764e-06
5744 1 6.82162 32.7354 -17.7462 1 6.31182e-07
7593 1 5.16822 35.0736 -17.7459 1 1.51379e-06
7841 1 7.64836 35.0736 -16.3138 1 6.95756e-06
7842 1 7.6483 35.0736 -19.178 1 2.81739e-07
5751 1 9.3017 32.7353 -19.1781 1 1.31942e-07
6170 1 9.30179 32.7355 -16.3144 1 2.808e-06
6186 1 11.7818 32.7354 -17.7462 1 6.31161e-07
7433 1 12.6086 35.0736 -16.3138 1 6.95961e-06
7540 1 12.6085 35.0736 -19.178 1 2.81784e-07
7597 1 10.1284 35.0736 -17.7459 1 1.51357e-06
6183 1 14.2619 32.7353 -19.1781 1 1.32044e-07
6184 1 14.262 32.7355 -16.3144 1 2.80723e-06
6185 1 16.7421 32.7354 -17.7462 1 6.31355e-07
7062 1 15.0887 35.0736 -17.7459 1 1.51407e-06
6204 1 19.2221 32.7353 -19.1781 1 1.31995e-07
6623 1 19.2222 32.7355 -16.3144 1 2.80635e-06
7063 1 20.0489 35.0736 -17.7459 1 1.5148e-06
7064 1 17.5688 35.0736 -16.3138 1 6.96309e-06
7065 1 17.5687 35.0736 -19.178 1 2.8164e-07
6594 1 25.0091 35.0736 -17.7459 1 1.51521e-06
6648 1 24.1824 32.7353 -19.1781 1 1.32065e-07
6649 1 24.1825 32.7355 -16.3144 1 2.80867e-06
6651 1 21.7023 32.7354 -17.7462 1 6.30804e-07
7001 1 22.529 35.0736 -16.3138 1 6.96392e-06
7048 1 22.529 35.0736 -19.178 1 2.81916e-07
6595 1 29.9693 35.0736 -17.7459 1 1.51424e-06
6596 1 27.4892 35.0736 -16.3138 1 6.96157e-06
6597 1 27.4892 35.0736 -19.178 1 2.81607e-07
6650 1 26.6625 32.7354 -17.7462 1 6.31419e-07
6681 1 29.1426 32.7353 -19.1781 1 1.31802e-07
7100 1 29.1427 32.7355 -16.3144 1 2.81006e-06
6167 1 32.4494 35.0736 -16.3138 1 6.95972e-06
6591 1 32.4494 35.0736 -19.178 1 2.81897e-07
7137 1 34.1028 32.7353 -19.1781 1 1.31799e-07
7138 1 34.1029 32.7355 -16.3144 1 2.80976e-06
7139 1 31.6227 32.7354 -17.7462 1 6.30833e-07
7878 1 3.51479 2.33774 -14.8827 1 1.20688e-05
7915 1 3.51462 2.33716 -12.0204 1 0.000208244
7916 1 1.03461 2.33754 -13.4512 1 5.20607e-05
7461 1 8.47484 2.33717 -12.0204 1 0.000208215
7879 1 8.475 2.33774 -14.8827 1 1.20656e-05
7880 1 5.99482 2.33754 -13.4512 1 5.20644e-05
7463 1 10.955 2.33754 -13.4512 1 5.20639e-05
7434 1 13.4352 2.33774 -14.8827 1 1.20618e-05
7436 1 15.9153 2.33754 -13.4512 1 5.20786e-05
7462 1 13.4351 2.33716 -12.0204 1 0.000208215
7017 1 18.3953 2.33716 -12.0204 1 0.000208223
7019 1 20.8755 2.33754 -13.4512 1 5.20596e-05
7435 1 18.3954 2.33774 -14.8827 1 1.2064e-05
7002 1 23.3557 2.33773 -14.8827 1 1.2064e-05
7004 1 25.8357 2.33754 -13.4512 1 5.20493e-05
7018 1 23.3555 2.33716 -12.0204 1 0.00020822
6585 1 28.3157 2.33716 -12.0204 1 0.000208221
7003 1 28.3159 2.33773 -14.8827 1 1.20663e-05
6581 1 33.2761 2.33773 -14.8827 1 1.20626e-05
6586 1 33.2759 2.33716 -12.0204 1 0.000208205
6587 1 30.7959 2.33754 -13.4512 1 5.20553e-05
7599 1 0.208115 7.01453 -12.0143 1 0.000577122
7637 1 2.6882 7.0145 -13.4484 1 0.000133098
7639 1 0.208061 7.01446 -14.8813 1 3.19941e-05
7640 1 1.86155 4.67638 -14.8827 1 1.20181e-05
7917 1 1.86182 4.67709 -12.0204 1 0.000208312
7638 1 5.16827 7.01446 -14.8813 1 3.19963e-05
7882 1 6.82176 4.67638 -14.8827 1 1.20201e-05
7918 1 6.82203 4.67709 -12.0204 1 0.000208277
7919 1 4.34179 4.67666 -13.4513 1 5.22748e-05
7920 1 5.16833 7.01453 -12.0143 1 0.000577093
7922 1 7.64841 7.0145 -13.4484 1 0.000133085
7464 1 11.7822 4.67709 -12.0204 1 0.000208294
7883 1 11.782 4.67638 -14.8827 1 1.20233e-05
7884 1 9.30201 4.67666 -13.4512 1 5.228e-05
7886 1 10.1285 7.01446 -14.8813 1 3.20012e-05
7888 1 12.6086 7.0145 -13.4484 1 0.000133101
7921 1 10.1285 7.01453 -12.0143 1 0.000577133
7438 1 16.7422 4.67638 -14.8827 1 1.20234e-05
7465 1 16.7425 4.67709 -12.0204 1 0.000208318
7466 1 14.2622 4.67666 -13.4512 1 5.22778e-05
7467 1 15.0888 7.01453 -12.0143 1 0.000577207
7887 1 15.0887 7.01446 -14.8813 1 3.19944e-05
7440 1 19.2224 4.67666 -13.4512 1 5.2277e-05
7442 1 20.0489 7.01446 -14.8813 1 3.2e-05
7468 1 20.049 7.01453 -12.0143 1 0.000577158
7469 1 17.5688 7.0145 -13.4484 1 0.000133113
7020 1 21.7027 4.67709 -12.0204 1 0.000208271
7022 1 24.1827 4.67666 -13.4512 1 5.22822e-05
7023 1 25.0092 7.01453 -12.0143 1 0.000577138
7439 1 21.7024 4.67638 -14.8827 1 1.20207e-05
7443 1 25.0091 7.01446 -14.8813 1 3.19911e-05
7444 1 22.5291 7.0145 -13.4484 1 0.000133093
7006 1 26.6626 4.67638 -14.8827 1 1.20203e-05
7008 1 29.1429 4.67666 -13.4512 1 5.22906e-05
7010 1 29.9694 7.01446 -14.8813 1 3.19971e-05
7021 1 26.6629 4.67709 -12.0204 1 0.000208312
7024 1 29.9694 7.01453 -12.0143 1 0.000577161
7025 1 27.4893 7.0145 -13.4484 1 0.00013308
6588 1 31.6231 4.67709 -12.0204 1 0.000208329
6589 1 34.1031 4.67666 -13.4512 1 5.22943e-05
7007 1 31.6229 4.67638 -14.8827 1 1.20223e-05
7011 1 32.4495 7.0145 -13.4484 1 0.000133088
7136 1 1.86155 11.6912 -14.8827 1 1.20182e-05
7595 1 1.86182 11.6919 -12.0204 1 0.000208277
7596 1 1.03461 9.35234 -13.4512 1 5.20498e-05
7598 1 3.51462 9.35197 -12.0204 1 0.000208204
7635 1 3.51479 9.35254 -14.8827 1 1.20618e-05
7592 1 4.3418 11.6915 -13.4513 1 5.22659e-05
7594 1 6.82203 11.6919 -12.0204 1 0.000208249
7631 1 6.82176 11.6912 -14.8827 1 1.20191e-05
7633 1 5.99482 9.35234 -13.4512 1 5.20483e-05
7634 1 8.475 9.35254 -14.8827 1 1.20591e-05
7923 1 8.47484 9.35197 -12.0204 1 0.000208198
7629 1 9.30201 11.6915 -13.4512 1 5.22711e-05
7630 1 11.782 11.6912 -14.8827 1 1.20233e-05
7925 1 10.955 9.35234 -13.4512 1 5.20535e-05
7926 1 11.7822 11.6919 -12.0204 1 0.000208263
7890 1 13.4352 9.35254 -14.8827 1 1.20547e-05
7892 1 15.9153 9.35234 -13.4512 1 5.20626e-05
7894 1 16.7422 11.6912 -14.8827 1 1.20225e-05
7924 1 13.4351 9.35197 -12.0204 1 0.00020819
7927 1 16.7425 11.6919 -12.0204 1 0.000208281
7928 1 14.2622 11.6915 -13.4512 1 5.22693e-05
7470 1 18.3953 9.35197 -12.0204 1 0.000208194
7472 1 20.8755 9.35234 -13.4512 1 5.20432e-05
7891 1 18.3954 9.35254 -14.8827 1 1.20548e-05
7896 1 19.2224 11.6915 -13.4512 1 5.22684e-05
7446 1 23.3557 9.35254 -14.8827 1 1.20573e-05
7448 1 25.8357 9.35234 -13.4512 1 5.20348e-05
7471 1 23.3555 9.35197 -12.0204 1 0.000208195
7473 1 21.7027 11.6919 -12.0204 1 0.000208246
7475 1 24.1827 11.6915 -13.4512 1 5.22753e-05
7895 1 21.7024 11.6912 -14.8827 1 1.20209e-05
7026 1 28.3157 9.35197 -12.0204 1 0.000208196
7447 1 28.3159 9.35254 -14.8827 1 1.20585e-05
7450 1 26.6626 11.6912 -14.8827 1 1.20202e-05
7452 1 29.1429 11.6915 -13.4512 1 5.22854e-05
7474 1 26.6629 11.6919 -12.0204 1 0.000208291
7013 1 33.2761 9.35254 -14.8827 1 1.20547e-05
7027 1 33.2759 9.35197 -12.0204 1 0.000208185
7028 1 30.7959 9.35234 -13.4512 1 5.20387e-05
7029 1 31.6231 11.6919 -12.0204 1 0.000208291
7030 1 34.1031 11.6915 -13.4512 1 5.22801e-05
7451 1 31.6229 11.6912 -14.8827 1 1.20202e-05
7096 1 1.03461 16.3671 -13.4512 1 5.20441e-05
7098 1 3.51462 16.3668 -12.0204 1 0.000208209
7099 1 0.208115 14.0293 -12.0143 1 0.000577112
7131 1 3.51479 16.3673 -14.8827 1 1.20562e-05
7133 1 2.6882 14.0293 -13.4484 1 0.000133102
7135 1 0.208061 14.0293 -14.8813 1 3.19967e-05
7129 1 5.99482 16.3671 -13.4512 1 5.20445e-05
7130 1 8.475 16.3673 -14.8827 1 1.20528e-05
7134 1 5.16828 14.0293 -14.8813 1 3.20006e-05
7587 1 8.47484 16.3668 -12.0204 1 0.000208188
7588 1 7.64841 14.0293 -13.4484 1 0.000133082
7591 1 5.16833 14.0293 -12.0143 1 0.000577098
7584 1 10.955 16.3671 -13.4512 1 5.20445e-05
7590 1 10.1285 14.0293 -12.0143 1 0.000577142
7625 1 12.6086 14.0293 -13.4484 1 0.000133102
7627 1 10.1285 14.0293 -14.8813 1 3.20031e-05
7586 1 13.4351 16.3668 -12.0204 1 0.000208176
7621 1 15.9153 16.3671 -13.4512 1 5.20562e-05
7623 1 13.4352 16.3673 -14.8827 1 1.2049e-05
7626 1 15.0887 14.0293 -14.8813 1 3.19985e-05
7929 1 15.0888 14.0293 -12.0143 1 0.000577181
7622 1 18.3954 16.3673 -14.8827 1 1.20498e-05
7898 1 20.0489 14.0293 -14.8813 1 3.20019e-05
7930 1 20.049 14.0293 -12.0143 1 0.000577135
7931 1 17.5688 14.0293 -13.4484 1 0.000133104
7932 1 18.3953 16.3668 -12.0204 1 0.000208183
7934 1 20.8755 16.3671 -13.4512 1 5.20366e-05
7476 1 25.0092 14.0293 -12.0143 1 0.000577115
7899 1 25.0091 14.0293 -14.8813 1 3.19958e-05
7900 1 22.5291 14.0293 -13.4484 1 0.00013309
7902 1 23.3557 16.3673 -14.8827 1 1.2051e-05
7904 1 25.8357 16.3671 -13.4512 1 5.20329e-05
7933 1 23.3555 16.3668 -12.0204 1 0.000208185
7454 1 29.9694 14.0293 -14.8813 1 3.20012e-05
7477 1 29.9694 14.0293 -12.0143 1 0.000577167
7478 1 27.4893 14.0293 -13.4484 1 0.000133089
7479 1 28.3157 16.3668 -12.0204 1 0.000208203
7903 1 28.3159 16.3673 -14.8827 1 1.20544e-05
7455 1 32.4495 14.0293 -13.4484 1 0.000133081
7457 1 33.2761 16.3673 -14.8827 1 1.205e-05
7480 1 33.2759 16.3668 -12.0204 1 0.000208183
7481 1 30.7959 16.3671 -13.4512 1 5.20364e-05
6622 1 0.208115 21.0441 -12.0143 1 0.000577164
6644 1 2.6882 21.0441 -13.4484 1 0.000133117
6646 1 0.208061 21.0441 -14.8813 1 3.20079e-05
6647 1 1.86155 18.706 -14.8827 1 1.2014e-05
7095 1 1.86182 18.7067 -12.0204 1 0.000208262
6645 1 5.16827 21.0441 -14.8813 1 3.20113e-05
7088 1 7.64842 21.0441 -13.4484 1 0.000133088
7091 1 5.16833 21.0441 -12.0143 1 0.000577131
7092 1 4.3418 18.7063 -13.4512 1 5.22544e-05
7094 1 6.82203 18.7067 -12.0204 1 0.000208236
7127 1 6.82176 18.706 -14.8827 1 1.20161e-05
7090 1 10.1285 21.0441 -12.0143 1 0.000577174
7121 1 12.6086 21.0441 -13.4484 1 0.000133112
7123 1 10.1285 21.0441 -14.8813 1 3.20117e-05
7125 1 9.30201 18.7063 -13.4512 1 5.22575e-05
7126 1 11.782 18.706 -14.8827 1 1.20194e-05
7583 1 11.7822 18.7067 -12.0204 1 0.000208249
7122 1 15.0887 21.0441 -14.8813 1 3.20119e-05
7579 1 15.0888 21.0441 -12.0143 1 0.000577208
7580 1 14.2622 18.7063 -13.4512 1 5.2259e-05
7582 1 16.7425 18.7067 -12.0204 1 0.000208261
7619 1 16.7422 18.706 -14.8827 1 1.20205e-05
7576 1 17.5688 21.0441 -13.4484 1 0.000133122
7578 1 20.049 21.0441 -12.0143 1 0.000577181
7615 1 20.0489 21.0441 -14.8813 1 3.2015e-05
7617 1 19.2224 18.7063 -13.4512 1 5.22577e-05
7613 1 22.5291 21.0441 -13.4484 1 0.000133102
7614 1 25.0091 21.0441 -14.8813 1 3.20073e-05
7618 1 21.7024 18.706 -14.8827 1 1.2017e-05
7935 1 21.7027 18.7067 -12.0204 1 0.000208226
7937 1 24.1827 18.7063 -13.4512 1 5.22571e-05
7938 1 25.0092 21.0441 -12.0143 1 0.000577142
7906 1 26.6626 18.706 -14.8827 1 1.20168e-05
7908 1 29.1429 18.7063 -13.4512 1 5.22723e-05
7910 1 29.9694 21.0441 -14.8813 1 3.20113e-05
7936 1 26.6629 18.7067 -12.0204 1 0.000208261
7939 1 29.9694 21.0441 -12.0143 1 0.000577205
7940 1 27.4893 21.0441 -13.4484 1 0.000133094
7482 1 31.6231 18.7067 -12.0204 1 0.000208291
7483 1 34.1031 18.7063 -13.4512 1 5.22697e-05
7907 1 31.6229 18.706 -14.8827 1 1.20168e-05
7911 1 32.4495 21.0441 -13.4484 1 0.000133097
6182 1 1.86155 25.7208 -14.8827 1 1.19999e-05
6618 1 1.86182 25.7215 -12.0204 1 0.000208242
6619 1 1.03461 23.3819 -13.4512 1 5.20243e-05
6621 1 3.51462 23.3816 -12.0204 1 0.000208162
6642 1 3.51479 23.3822 -14.8827 1 1.20523e-05
6615 1 4.3418 25.7211 -13.4512 1 5.22289e-05
6617 1 6.82203 25.7215 -12.0204 1 0.00020819
6638 1 6.82176 25.7208 -14.8827 1 1.2001e-05
6640 1 5.99482 23.382 -13.4512 1 5.20255e-05
6641 1 8.475 23.3822 -14.8827 1 1.20472e-05
7087 1 8.47484 23.3816 -12.0204 1 0.000208141
6636 1 9.30201 25.7211 -13.4512 1 5.22293e-05
6637 1 11.782 25.7208 -14.8827 1 1.20028e-05
7083 1 11.7822 25.7215 -12.0204 1 0.00020822
7084 1 10.955 23.382 -13.4512 1 5.20245e-05
7080 1 14.2622 25.7211 -13.4512 1 5.22297e-05
7082 1 16.7425 25.7215 -12.0204 1 0.000208228
7086 1 13.4351 23.3816 -12.0204 1 0.000208125
7115 1 16.7422 25.7208 -14.8827 1 1.20046e-05
7117 1 15.9153 23.382 -13.4512 1 5.20383e-05
7119 1 13.4352 23.3822 -14.8827 1 1.20439e-05
7113 1 19.2224 25.7211 -13.4512 1 5.2229e-05
7118 1 18.3954 23.3822 -14.8827 1 1.20443e-05
7572 1 20.8755 23.382 -13.4512 1 5.20176e-05
7575 1 18.3953 23.3816 -12.0204 1 0.000208131
7114 1 21.7024 25.7208 -14.8827 1 1.20006e-05
7568 1 24.1827 25.7211 -13.4512 1 5.22331e-05
7571 1 21.7027 25.7215 -12.0204 1 0.00020819
7574 1 23.3555 23.3816 -12.0204 1 0.000208137
7609 1 25.8357 23.382 -13.4512 1 5.20086e-05
7611 1 23.3557 23.3821 -14.8827 1 1.20465e-05
7570 1 26.6629 25.7215 -12.0204 1 0.000208232
7605 1 29.1429 25.7211 -13.4512 1 5.22453e-05
7607 1 26.6626 25.7208 -14.8827 1 1.20013e-05
7610 1 28.3159 23.3821 -14.8827 1 1.20484e-05
7941 1 28.3157 23.3816 -12.0204 1 0.00020813
7606 1 31.6229 25.7208 -14.8827 1 1.20016e-05
7913 1 33.2761 23.3821 -14.8827 1 1.20429e-05
7942 1 33.2759 23.3816 -12.0204 1 0.000208135
7943 1 30.7959 23.382 -13.4512 1 5.20148e-05
7944 1 31.6231 25.7215 -12.0204 1 0.000208254
7945 1 34.1031 25.7211 -13.4512 1 5.22432e-05
6166 1 1.03461 30.3968 -13.4512 1 5.20693e-05
6168 1 3.51462 30.3964 -12.0204 1 0.000208277
6169 1 0.208115 28.0589 -12.0143 1 0.000577225
6177 1 3.51479 30.397 -14.8827 1 1.20693e-05
6179 1 2.6882 28.0589 -13.4484 1 0.000133129
6181 1 0.208061 28.0589 -14.8813 1 3.20085e-05
6175 1 5.99482 30.3968 -13.4512 1 5.20718e-05
6176 1 8.475 30.397 -14.8827 1 1.20676e-05
6180 1 5.16827 28.0589 -14.8813 1 3.20132e-05
6610 1 8.47484 30.3964 -12.0204 1 0.000208254
6611 1 7.64842 28.0589 -13.4484 1 0.000133108
6614 1 5.16833 28.0589 -12.0143 1 0.000577198
6607 1 10.955 30.3968 -13.4512 1 5.2072e-05
6613 1 10.1285 28.0589 -12.0143 1 0.000577242
6632 1 12.6086 28.0589 -13.4484 1 0.000133125
6634 1 10.1285 28.0589 -14.8813 1 3.20153e-05
6609 1 13.4351 30.3964 -12.0204 1 0.000208252
6628 1 15.9153 30.3968 -13.4512 1 5.20828e-05
6630 1 13.4352 30.397 -14.8827 1 1.2062e-05
6633 1 15.0887 28.0589 -14.8813 1 3.20128e-05
7079 1 15.0888 28.0589 -12.0143 1 0.00057729
6629 1 18.3954 30.397 -14.8827 1 1.20644e-05
7072 1 20.8755 30.3968 -13.4512 1 5.20683e-05
7075 1 18.3953 30.3964 -12.0204 1 0.000208253
7076 1 17.5688 28.0589 -13.4484 1 0.000133139
7078 1 20.049 28.0589 -12.0143 1 0.000577242
7111 1 20.0489 28.0589 -14.8813 1 3.20158e-05
7074 1 23.3555 30.3964 -12.0204 1 0.000208259
7105 1 25.8357 30.3968 -13.4512 1 5.20548e-05
7107 1 23.3557 30.397 -14.8827 1 1.20638e-05
7109 1 22.5291 28.0589 -13.4484 1 0.000133116
7110 1 25.0091 28.0589 -14.8813 1 3.20056e-05
7567 1 25.0092 28.0589 -12.0143 1 0.000577215
7106 1 28.3159 30.397 -14.8827 1 1.20672e-05
7563 1 28.3157 30.3964 -12.0204 1 0.000208258
7564 1 27.4893 28.0589 -13.4484 1 0.00013311
7566 1 29.9694 28.0589 -12.0143 1 0.000577256
7603 1 29.9694 28.0589 -14.8813 1 3.20136e-05
7560 1 30.7959 30.3968 -13.4512 1 5.20641e-05
7562 1 33.2759 30.3964 -12.0204 1 0.000208244
7600 1 33.2761 30.397 -14.8827 1 1.20637e-05
7602 1 32.4495 28.0589 -13.4484 1 0.000133111
5741 1 1.86155 32.7356 -14.8827 1 1.20079e-05
6165 1 1.86182 32.7363 -12.0204 1 0.000208287
7874 1 0.208061 35.0737 -14.8813 1 3.20043e-05
7876 1 2.6882 35.0737 -13.4484 1 0.000133123
7914 1 0.208115 35.0738 -12.0143 1 0.000577174
6162 1 4.34179 32.7359 -13.4512 1 5.22547e-05
6164 1 6.82203 32.7363 -12.0204 1 0.000208257
6173 1 6.82176 32.7356 -14.8827 1 1.20091e-05
7458 1 5.16833 35.0738 -12.0143 1 0.000577168
7460 1 7.64842 35.0737 -13.4484 1 0.000133106
7875 1 5.16827 35.0737 -14.8813 1 3.20061e-05
6171 1 9.30201 32.7359 -13.4512 1 5.22582e-05
6172 1 11.782 32.7356 -14.8827 1 1.2013e-05
6606 1 11.7822 32.7363 -12.0204 1 0.00020827
7430 1 10.1285 35.0737 -14.8813 1 3.20111e-05
7432 1 12.6086 35.0737 -13.4484 1 0.000133123
7459 1 10.1285 35.0738 -12.0143 1 0.000577193
6603 1 14.2622 32.7359 -13.4512 1 5.2259e-05
6605 1 16.7425 32.7363 -12.0204 1 0.000208296
6626 1 16.7422 32.7356 -14.8827 1 1.20139e-05
7014 1 15.0888 35.0738 -12.0143 1 0.000577263
7431 1 15.0887 35.0737 -14.8813 1 3.20097e-05
6612 1 20.0489 35.0737 -14.8813 1 3.20136e-05
6624 1 19.2224 32.7359 -13.4512 1 5.22585e-05
7015 1 20.049 35.0738 -12.0143 1 0.000577217
7016 1 17.5688 35.0737 -13.4484 1 0.000133141
6582 1 25.0092 35.0738 -12.0143 1 0.000577193
6616 1 25.0091 35.0737 -14.8813 1 3.20014e-05
6620 1 22.5291 35.0737 -13.4484 1 0.000133117
6625 1 21.7024 32.7356 -14.8827 1 1.20099e-05
7068 1 24.1827 32.7359 -13.4512 1 5.22573e-05
7071 1 21.7027 32.7363 -12.0204 1 0.000208244
6161 1 29.9694 35.0737 -14.8813 1 3.20092e-05
6583 1 29.9694 35.0738 -12.0143 1 0.000577206
6584 1 27.4893 35.0737 -13.4484 1 0.000133102
7070 1 26.6629 32.7363 -12.0204 1 0.000208288
7101 1 29.1429 32.7359 -13.4512 1 5.22706e-05
7103 1 26.6626 32.7356 -14.8827 1 1.2009e-05
6163 1 32.4495 35.0737 -13.4484 1 0.000133109
7102 1 31.6229 32.7356 -14.8827 1 1.20095e-05
7557 1 34.1031 32.7359 -13.4512 1 5.22681e-05
7559 1 31.6231 32.7363 -12.0204 1 0.000208294
211 1 1.03445 2.33639 -10.5905 1 0.000837718
212 1 3.51503 2.33503 -9.16262 1 0.0031555
527 1 1.03771 2.33281 -7.73826 1 0.0119701
214 1 5.99466 2.33639 -10.5905 1 0.000837712
216 1 8.47524 2.33503 -9.16261 1 0.00315558
532 1 5.99793 2.33281 -7.73826 1 0.0119702
217 1 10.9549 2.33639 -10.5905 1 0.000837724
539 1 10.9581 2.33281 -7.73825 1 0.0119696
218 1 15.9151 2.33639 -10.5905 1 0.000837707
219 1 13.4355 2.33503 -9.16261 1 0.00315535
543 1 15.9184 2.33281 -7.73825 1 0.01197
221 1 20.8753 2.33639 -10.5905 1 0.000837722
223 1 18.3957 2.33503 -9.16261 1 0.00315558
550 1 20.8786 2.33281 -7.73825 1 0.0119702
224 1 25.8355 2.33639 -10.5905 1 0.000837733
225 1 23.3559 2.33504 -9.16261 1 0.00315541
553 1 25.8388 2.33281 -7.73825 1 0.0119697
228 1 28.3161 2.33504 -9.16261 1 0.00315556
229 1 30.7957 2.33639 -10.5905 1 0.000837719
230 1 33.2763 2.33504 -9.16261 1 0.00315553
564 1 30.799 2.33281 -7.73826 1 0.0119704
232 1 2.68825 7.01456 -10.5786 1 0.00221506
233 1 0.208162 7.01459 -9.13828 1 0.00870509
236 1 1.8615 4.67933 -9.16262 1 0.00315818
568 1 2.6883 7.01463 -7.69242 1 0.0295581
571 1 4.33887 4.68162 -7.73827 1 0.0119822
237 1 4.34205 4.67793 -10.5905 1 0.000839374
238 1 7.64846 7.01456 -10.5786 1 0.00221491
240 1 5.16838 7.01459 -9.13828 1 0.00870504
241 1 6.82172 4.67932 -9.16262 1 0.00315812
575 1 7.64852 7.01462 -7.69242 1 0.0295586
243 1 12.6087 7.01456 -10.5786 1 0.00221506
244 1 10.1286 7.01459 -9.13827 1 0.0087053
246 1 9.30226 4.67793 -10.5905 1 0.000839334
248 1 11.7819 4.67932 -9.16262 1 0.00315822
578 1 12.6087 7.01462 -7.69242 1 0.0295583
581 1 9.29909 4.68162 -7.73827 1 0.0119827
250 1 15.0888 7.01459 -9.13827 1 0.00870537
251 1 14.2625 4.67792 -10.5905 1 0.000839392
252 1 16.7421 4.67932 -9.16262 1 0.00315824
586 1 14.2593 4.68162 -7.73827 1 0.0119829
254 1 17.5689 7.01456 -10.5786 1 0.00221508
255 1 20.049 7.01459 -9.13827 1 0.00870587
257 1 19.2227 4.67793 -10.5905 1 0.000839423
589 1 17.569 7.01462 -7.69241 1 0.0295601
591 1 19.2195 4.68162 -7.73827 1 0.0119831
259 1 21.7024 4.67933 -9.16262 1 0.00315828
260 1 22.5291 7.01456 -10.5786 1 0.00221505
262 1 25.0092 7.01459 -9.13827 1 0.00870534
263 1 24.1829 4.67793 -10.5905 1 0.000839425
594 1 22.5292 7.01463 -7.69241 1 0.0295595
598 1 24.1797 4.68162 -7.73827 1 0.0119824
264 1 27.4893 7.01456 -10.5786 1 0.00221505
265 1 29.9695 7.01459 -9.13827 1 0.00870546
267 1 29.1431 4.67793 -10.5905 1 0.000839486
268 1 26.6626 4.67933 -9.16262 1 0.00315809
600 1 27.4894 7.01463 -7.69242 1 0.0295583
602 1 29.14 4.68162 -7.73827 1 0.0119817
270 1 32.4496 7.01456 -10.5786 1 0.002215
271 1 34.1034 4.67793 -10.5905 1 0.000839385
273 1 31.6228 4.67932 -9.16262 1 0.00315815
605 1 32.4496 7.01462 -7.69242 1 0.0295592
608 1 34.1002 4.68162 -7.73827 1 0.0119824
275 1 1.8615 11.6941 -9.16262 1 0.00315822
276 1 1.03445 9.3512 -10.5905 1 0.000837589
277 1 3.51503 9.34984 -9.16262 1 0.00315528
611 1 4.33887 11.6964 -7.73827 1 0.0119822
614 1 1.03771 9.34762 -7.73826 1 0.011969
279 1 4.34205 11.6927 -10.5905 1 0.00083938
280 1 6.82172 11.6941 -9.16262 1 0.00315827
282 1 5.99466 9.3512 -10.5905 1 0.000837603
284 1 8.47524 9.34984 -9.16261 1 0.00315536
617 1 5.99792 9.34762 -7.73826 1 0.0119693
285 1 9.30226 11.6927 -10.5905 1 0.000839365
287 1 11.7819 11.6941 -9.16262 1 0.00315833
288 1 10.9549 9.35119 -10.5905 1 0.000837629
620 1 9.29909 11.6964 -7.73827 1 0.0119827
624 1 10.9581 9.34762 -7.73825 1 0.0119691
289 1 14.2625 11.6927 -10.5905 1 0.000839396
290 1 16.7421 11.6941 -9.16262 1 0.00315835
292 1 15.9151 9.35119 -10.5905 1 0.000837627
293 1 13.4355 9.34984 -9.16261 1 0.00315526
626 1 14.2593 11.6964 -7.73827 1 0.0119829
628 1 15.9184 9.34762 -7.73825 1 0.0119694
295 1 19.2227 11.6927 -10.5905 1 0.000839396
296 1 20.8753 9.3512 -10.5905 1 0.000837649
298 1 18.3957 9.34984 -9.16261 1 0.00315539
631 1 19.2195 11.6964 -7.73827 1 0.0119828
635 1 20.8786 9.34762 -7.73825 1 0.0119693
300 1 21.7024 11.6941 -9.16262 1 0.00315826
301 1 24.1829 11.6927 -10.5905 1 0.000839444
302 1 25.8355 9.35119 -10.5905 1 0.000837634
303 1 23.3559 9.34984 -9.16261 1 0.00315535
638 1 24.1797 11.6964 -7.73827 1 0.011982
639 1 25.8388 9.34762 -7.73825 1 0.0119693
305 1 29.1431 11.6927 -10.5905 1 0.000839467
306 1 26.6626 11.6941 -9.16262 1 0.00315823
309 1 28.3161 9.34984 -9.16261 1 0.00315537
642 1 29.14 11.6964 -7.73827 1 0.0119819
310 1 34.1034 11.6927 -10.5905 1 0.000839374
312 1 31.6228 11.6941 -9.16262 1 0.00315828
313 1 30.7957 9.3512 -10.5905 1 0.000837656
314 1 33.2763 9.34984 -9.16261 1 0.00315534
647 1 34.1002 11.6964 -7.73827 1 0.0119819
650 1 30.799 9.34762 -7.73825 1 0.0119693
316 1 1.03445 16.366 -10.5905 1 0.000837564
317 1 3.51503 16.3646 -9.16261 1 0.00315521
319 1 2.68825 14.0294 -10.5786 1 0.00221499
320 1 0.208162 14.0294 -9.13828 1 0.00870514
653 1 1.03771 16.3624 -7.73826 1 0.0119694
655 1 2.6883 14.0294 -7.69242 1 0.0295586
322 1 5.99466 16.366 -10.5905 1 0.000837591
324 1 8.47524 16.3646 -9.16261 1 0.00315523
325 1 7.64846 14.0294 -10.5786 1 0.00221494
327 1 5.16838 14.0294 -9.13828 1 0.00870521
658 1 5.99792 16.3624 -7.73826 1 0.0119692
662 1 7.64852 14.0294 -7.69242 1 0.0295581
328 1 10.9549 16.366 -10.5905 1 0.000837571
329 1 12.6087 14.0294 -10.5786 1 0.00221503
330 1 10.1286 14.0294 -9.13827 1 0.00870523
665 1 10.9581 16.3624 -7.73825 1 0.0119689
666 1 12.6087 14.0294 -7.69241 1 0.0295587
332 1 15.9151 16.366 -10.5905 1 0.000837571
333 1 13.4355 16.3646 -9.16261 1 0.00315517
336 1 15.0888 14.0294 -9.13827 1 0.00870544
669 1 15.9184 16.3624 -7.73825 1 0.0119692
337 1 20.8753 16.366 -10.5905 1 0.000837595
339 1 18.3957 16.3646 -9.16261 1 0.00315528
340 1 17.5689 14.0294 -10.5786 1 0.00221498
341 1 20.049 14.0294 -9.13827 1 0.00870558
674 1 20.8786 16.3624 -7.73825 1 0.011969
677 1 17.569 14.0294 -7.69241 1 0.0295595
343 1 25.8355 16.366 -10.5905 1 0.000837581
344 1 23.3559 16.3646 -9.16261 1 0.00315529
346 1 22.5291 14.0294 -10.5786 1 0.00221501
348 1 25.0092 14.0294 -9.13827 1 0.00870551
679 1 25.8388 16.3624 -7.73825 1 0.0119696
682 1 22.5292 14.0294 -7.69241 1 0.0295584
350 1 28.3161 16.3646 -9.16261 1 0.00315525
351 1 27.4893 14.0294 -10.5786 1 0.00221499
352 1 29.9695 14.0294 -9.13827 1 0.00870558
687 1 27.4894 14.0294 -7.69241 1 0.0295589
354 1 30.7957 16.366 -10.5905 1 0.000837627
355 1 33.2763 16.3646 -9.16261 1 0.00315525
357 1 32.4496 14.0294 -10.5786 1 0.00221505
690 1 30.799 16.3624 -7.73825 1 0.0119693
692 1 32.4496 14.0294 -7.69242 1 0.0295585
358 1 2.68825 21.0442 -10.5786 1 0.00221507
359 1 0.208162 21.0442 -9.13827 1 0.00870528
362 1 1.8615 18.7089 -9.16262 1 0.00315797
694 1 2.6883 21.0442 -7.69242 1 0.0295591
697 1 4.33887 18.7112 -7.73827 1 0.0119824
363 1 4.34205 18.7075 -10.5905 1 0.000839336
364 1 7.64847 21.0442 -10.5786 1 0.00221501
366 1 5.16838 21.0442 -9.13827 1 0.00870568
367 1 6.82172 18.7089 -9.16262 1 0.00315808
701 1 7.64852 21.0442 -7.69242 1 0.0295587
369 1 12.6087 21.0442 -10.5786 1 0.00221508
370 1 10.1286 21.0442 -9.13827 1 0.00870528
372 1 9.30226 18.7075 -10.5905 1 0.000839358
374 1 11.7819 18.7089 -9.16262 1 0.00315802
704 1 12.6087 21.0442 -7.69241 1 0.0295585
707 1 9.29909 18.7112 -7.73827 1 0.0119823
376 1 15.0888 21.0442 -9.13827 1 0.00870539
377 1 14.2625 18.7075 -10.5905 1 0.000839353
378 1 16.7421 18.7089 -9.16262 1 0.00315808
712 1 14.2593 18.7112 -7.73827 1 0.0119824
380 1 17.5689 21.0442 -10.5786 1 0.00221501
381 1 20.049 21.0442 -9.13827 1 0.00870576
383 1 19.2227 18.7075 -10.5905 1 0.000839363
715 1 17.569 21.0442 -7.69241 1 0.0295599
717 1 19.2195 18.7112 -7.73826 1 0.0119827
385 1 21.7024 18.7089 -9.16261 1 0.00315793
386 1 22.5291 21.0442 -10.5786 1 0.00221504
388 1 25.0092 21.0442 -9.13827 1 0.00870546
389 1 24.1829 18.7075 -10.5905 1 0.000839393
720 1 22.5292 21.0442 -7.69241 1 0.0295594
724 1 24.1797 18.7112 -7.73826 1 0.0119821
390 1 27.4893 21.0442 -10.5786 1 0.00221502
391 1 29.9695 21.0442 -9.13827 1 0.00870577
393 1 29.1431 18.7075 -10.5905 1 0.000839446
394 1 26.6626 18.7089 -9.16262 1 0.00315789
726 1 27.4894 21.0442 -7.69241 1 0.0295588
728 1 29.14 18.7112 -7.73827 1 0.0119818
396 1 32.4496 21.0442 -10.5786 1 0.00221516
397 1 34.1034 18.7075 -10.5905 1 0.000839395
399 1 31.6228 18.7089 -9.16262 1 0.003158
731 1 32.4496 21.0442 -7.69242 1 0.029559
734 1 34.1002 18.7112 -7.73827 1 0.0119819
401 1 1.8615 25.7237 -9.16262 1 0.00315796
402 1 1.03445 23.3808 -10.5905 1 0.000837537
403 1 3.51503 23.3795 -9.16261 1 0.0031553
737 1 4.33887 25.726 -7.73827 1 0.0119825
740 1 1.03771 23.3772 -7.73825 1 0.0119693
405 1 4.34205 25.7223 -10.5905 1 0.000839285
406 1 6.82172 25.7237 -9.16262 1 0.00315807
408 1 5.99466 23.3808 -10.5905 1 0.000837537
410 1 8.47524 23.3795 -9.16261 1 0.00315521
743 1 5.99793 23.3772 -7.73825 1 0.0119695
411 1 9.30226 25.7223 -10.5905 1 0.000839259
413 1 11.7819 25.7237 -9.16262 1 0.003158
414 1 10.9549 23.3808 -10.5905 1 0.000837557
746 1 9.29909 25.726 -7.73827 1 0.0119826
750 1 10.9581 23.3772 -7.73825 1 0.0119688
415 1 14.2625 25.7223 -10.5905 1 0.00083927
416 1 16.7421 25.7237 -9.16261 1 0.003158
418 1 15.9151 23.3808 -10.5905 1 0.000837501
419 1 13.4355 23.3795 -9.16261 1 0.00315514
752 1 14.2593 25.726 -7.73826 1 0.0119826
754 1 15.9184 23.3772 -7.73825 1 0.0119693
421 1 19.2227 25.7223 -10.5905 1 0.000839284
422 1 20.8753 23.3808 -10.5905 1 0.000837554
424 1 18.3957 23.3795 -9.1626 1 0.00315528
757 1 19.2195 25.726 -7.73826 1 0.0119829
761 1 20.8786 23.3772 -7.73825 1 0.0119691
426 1 21.7024 25.7237 -9.16261 1 0.00315804
427 1 24.1829 25.7223 -10.5905 1 0.000839336
428 1 25.8355 23.3808 -10.5905 1 0.000837537
429 1 23.3559 23.3795 -9.1626 1 0.00315519
764 1 24.1797 25.726 -7.73826 1 0.0119818
765 1 25.8388 23.3772 -7.73825 1 0.0119692
431 1 29.1431 25.7223 -10.5905 1 0.000839376
432 1 26.6626 25.7237 -9.16262 1 0.00315792
435 1 28.3161 23.3795 -9.16261 1 0.00315528
768 1 29.14 25.726 -7.73827 1 0.0119817
436 1 34.1034 25.7223 -10.5905 1 0.000839293
438 1 31.6228 25.7237 -9.16262 1 0.00315802
439 1 30.7957 23.3808 -10.5905 1 0.000837566
440 1 33.2763 23.3795 -9.16261 1 0.00315524
773 1 34.1002 25.726 -7.73827 1 0.0119819
776 1 30.799 23.3772 -7.73825 1 0.0119693
442 1 1.03445 30.3956 -10.5905 1 0.000837786
443 1 3.51503 30.3943 -9.16261 1 0.0031557
445 1 2.68825 28.059 -10.5786 1 0.00221527
446 1 0.208162 28.059 -9.13827 1 0.00870565
779 1 1.03771 30.392 -7.73826 1 0.01197
781 1 2.6883 28.059 -7.69242 1 0.0295602
448 1 5.99466 30.3956 -10.5905 1 0.000837785
450 1 8.47524 30.3943 -9.16261 1 0.00315568
451 1 7.64846 28.059 -10.5786 1 0.00221516
453 1 5.16838 28.059 -9.13827 1 0.00870594
784 1 5.99793 30.392 -7.73826 1 0.01197
788 1 7.64852 28.059 -7.69242 1 0.0295598
454 1 10.9549 30.3956 -10.5905 1 0.000837791
455 1 12.6087 28.059 -10.5786 1 0.00221528
456 1 10.1286 28.059 -9.13827 1 0.0087058
791 1 10.9581 30.392 -7.73825 1 0.0119695
792 1 12.6087 28.059 -7.69241 1 0.0295595
458 1 15.9151 30.3956 -10.5905 1 0.000837794
459 1 13.4355 30.3943 -9.16261 1 0.0031556
462 1 15.0888 28.059 -9.13827 1 0.00870585
795 1 15.9184 30.392 -7.73825 1 0.0119699
463 1 20.8753 30.3956 -10.5905 1 0.000837803
465 1 18.3957 30.3943 -9.16261 1 0.00315579
466 1 17.5689 28.059 -10.5786 1 0.00221523
467 1 20.049 28.059 -9.13827 1 0.00870632
800 1 20.8786 30.392 -7.73825 1 0.0119699
803 1 17.5689 28.059 -7.69241 1 0.0295613
469 1 25.8355 30.3956 -10.5905 1 0.000837804
470 1 23.3559 30.3943 -9.16261 1 0.00315566
472 1 22.5291 28.059 -10.5786 1 0.00221526
474 1 25.0092 28.059 -9.13827 1 0.00870577
805 1 25.8388 30.392 -7.73825 1 0.0119698
808 1 22.5292 28.059 -7.69241 1 0.0295604
476 1 28.3161 30.3943 -9.16261 1 0.00315576
477 1 27.4893 28.059 -10.5786 1 0.00221524
478 1 29.9695 28.059 -9.13827 1 0.00870609
813 1 27.4894 28.059 -7.69241 1 0.02956
480 1 30.7957 30.3956 -10.5905 1 0.000837797
481 1 33.2763 30.3943 -9.16261 1 0.00315571
483 1 32.4496 28.059 -10.5786 1 0.00221525
816 1 30.799 30.392 -7.73825 1 0.0119701
818 1 32.4496 28.059 -7.69241 1 0.0295601
529 1 2.6883 35.0738 -7.69242 1 0.0295597
484 1 2.68825 35.0738 -10.5786 1 0.00221525
485 1 0.208163 35.0738 -9.13828 1 0.00870542
488 1 1.8615 32.7385 -9.16262 1 0.00315823
821 1 4.33887 32.7408 -7.73827 1 0.0119827
536 1 7.64852 35.0738 -7.69242 1 0.0295596
489 1 7.64846 35.0738 -10.5786 1 0.00221511
491 1 5.16838 35.0738 -9.13828 1 0.00870546
492 1 4.34205 32.7371 -10.5905 1 0.000839319
493 1 6.82172 32.7385 -9.16262 1 0.0031583
540 1 12.6087 35.0738 -7.69241 1 0.0295593
495 1 12.6087 35.0738 -10.5786 1 0.00221522
496 1 10.1286 35.0738 -9.13827 1 0.00870563
498 1 9.30226 32.7371 -10.5905 1 0.000839303
500 1 11.7819 32.7385 -9.16262 1 0.00315832
824 1 9.29909 32.7408 -7.73827 1 0.0119829
502 1 15.0888 35.0738 -9.13827 1 0.00870554
503 1 14.2625 32.7371 -10.5905 1 0.000839317
504 1 16.7421 32.7385 -9.16262 1 0.00315833
828 1 14.2593 32.7408 -7.73827 1 0.0119829
548 1 17.569 35.0738 -7.69241 1 0.0295607
506 1 17.5689 35.0738 -10.5786 1 0.00221524
507 1 20.049 35.0738 -9.13827 1 0.0087062
509 1 19.2227 32.7371 -10.5905 1 0.000839353
830 1 19.2195 32.7408 -7.73826 1 0.011983
556 1 22.5292 35.0738 -7.69241 1 0.0295605
510 1 22.5291 35.0738 -10.5786 1 0.00221515
512 1 25.0092 35.0738 -9.13827 1 0.00870537
514 1 21.7024 32.7386 -9.16262 1 0.00315835
515 1 24.1829 32.7371 -10.5905 1 0.000839348
834 1 24.1797 32.7408 -7.73826 1 0.0119822
561 1 27.4894 35.0738 -7.69241 1 0.0295592
516 1 27.4893 35.0738 -10.5786 1 0.00221523
517 1 29.9695 35.0738 -9.13827 1 0.00870581
519 1 29.1431 32.7371 -10.5905 1 0.000839403
520 1 26.6626 32.7386 -9.16262 1 0.00315813
835 1 29.14 32.7408 -7.73827 1 0.011982
566 1 32.4496 35.0738 -7.69242 1 0.0295603
522 1 32.4496 35.0738 -10.5786 1 0.0022151
523 1 34.1034 32.7371 -10.5905 1 0.000839307
525 1 31.6228 32.7385 -9.16262 1 0.00315821
839 1 34.1002 32.7408 -7.73827 1 0.0119823
526 1 1.07759 2.33021 -4.90741 1 0.186897
528 1 3.5285 2.33153 -6.31952 1 0.0435976
842 1 3.62504 2.31515 -3.50041 1 0.754245
533 1 6.0378 2.33021 -4.90741 1 0.186893
534 1 8.48871 2.33153 -6.31952 1 0.0435962
847 1 8.58526 2.31515 -3.50041 1 0.754259
538 1 10.998 2.33021 -4.9074 1 0.186891
544 1 15.9582 2.33021 -4.9074 1 0.186889
545 1 13.4489 2.33153 -6.31951 1 0.0435978
855 1 13.5455 2.31515 -3.5004 1 0.754262
549 1 20.9185 2.33021 -4.9074 1 0.186892
551 1 18.4091 2.33153 -6.31951 1 0.0435963
861 1 18.5057 2.31515 -3.50041 1 0.754279
554 1 25.8787 2.33021 -4.90741 1 0.186899
555 1 23.3694 2.33153 -6.31951 1 0.0435988
864 1 23.4659 2.31515 -3.50039 1 0.754231
559 1 28.3296 2.33153 -6.31951 1 0.0435974
869 1 28.4261 2.31515 -3.50041 1 0.754301
563 1 30.8389 2.33021 -4.9074 1 0.186886
565 1 33.2898 2.33153 -6.31952 1 0.0435972
873 1 33.3863 2.31515 -3.5004 1 0.754246
569 1 2.68836 7.0147 -4.76719 1 0.315623
570 1 4.29909 4.68438 -4.90744 1 0.187003
572 1 0.208219 7.01466 -6.23429 1 0.103596
573 1 1.84812 4.68297 -6.31954 1 0.0436401
880 1 1.75166 4.69952 -3.50044 1 0.75459
574 1 7.64858 7.0147 -4.76719 1 0.31562
576 1 5.16843 7.01466 -6.23429 1 0.103597
577 1 6.80834 4.68297 -6.31954 1 0.0436413
885 1 6.71188 4.69952 -3.50044 1 0.754577
579 1 12.6088 7.0147 -4.76718 1 0.315627
580 1 10.1287 7.01466 -6.23429 1 0.103597
582 1 9.25931 4.68438 -4.90743 1 0.187001
583 1 11.7686 4.68297 -6.31954 1 0.0436411
892 1 11.6721 4.69952 -3.50044 1 0.754596
584 1 15.0889 7.01466 -6.23428 1 0.103603
585 1 14.2195 4.68438 -4.90744 1 0.187016
587 1 16.7288 4.68297 -6.31954 1 0.0436428
897 1 16.6323 4.69952 -3.50043 1 0.754539
588 1 17.569 7.0147 -4.76718 1 0.315617
590 1 20.0491 7.01466 -6.23428 1 0.103599
592 1 19.1797 4.68438 -4.90743 1 0.187011
593 1 21.689 4.68297 -6.31953 1 0.0436401
905 1 21.5925 4.69952 -3.50044 1 0.754597
595 1 22.5292 7.0147 -4.76718 1 0.315626
596 1 25.0093 7.01466 -6.23429 1 0.103599
597 1 24.14 4.68438 -4.90743 1 0.187006
599 1 27.4894 7.0147 -4.76719 1 0.315631
601 1 29.9695 7.01466 -6.23429 1 0.103597
603 1 29.1002 4.68438 -4.90744 1 0.187013
604 1 26.6492 4.68297 -6.31954 1 0.0436413
916 1 26.5527 4.69952 -3.50044 1 0.754578
606 1 32.4497 7.0147 -4.76719 1 0.315617
607 1 34.0604 4.68438 -4.90743 1 0.187002
609 1 31.6094 4.68297 -6.31954 1 0.0436401
923 1 31.513 4.69951 -3.50043 1 0.754568
610 1 4.2991 11.6992 -4.90743 1 0.186994
612 1 1.84812 11.6978 -6.31954 1 0.0436407
613 1 1.07758 9.34501 -4.90741 1 0.186885
615 1 3.5285 9.34633 -6.31952 1 0.0435976
927 1 1.75166 11.7143 -3.50044 1 0.754579
929 1 3.62505 9.32996 -3.50041 1 0.754272
616 1 6.80834 11.6978 -6.31954 1 0.0436408
618 1 6.0378 9.34501 -4.90741 1 0.186886
619 1 8.48871 9.34633 -6.31952 1 0.0435965
933 1 6.71187 11.7143 -3.50044 1 0.754593
936 1 8.58526 9.32996 -3.50041 1 0.754261
621 1 9.25931 11.6992 -4.90743 1 0.186997
622 1 11.7686 11.6978 -6.31954 1 0.0436422
623 1 10.998 9.34501 -4.9074 1 0.186886
941 1 11.6721 11.7143 -3.50044 1 0.754588
625 1 14.2195 11.6992 -4.90743 1 0.187005
627 1 16.7288 11.6978 -6.31954 1 0.043643
629 1 15.9582 9.34501 -4.9074 1 0.186886
630 1 13.4489 9.34633 -6.31951 1 0.0435966
946 1 16.6323 11.7143 -3.50043 1 0.754568
949 1 13.5455 9.32996 -3.50041 1 0.75426
632 1 19.1797 11.6992 -4.90743 1 0.186998
633 1 21.689 11.6978 -6.31953 1 0.0436419
634 1 20.9185 9.34502 -4.9074 1 0.18689
636 1 18.4091 9.34633 -6.31951 1 0.0435955
955 1 21.5925 11.7143 -3.50044 1 0.754622
958 1 18.5057 9.32996 -3.5004 1 0.754255
637 1 24.14 11.6992 -4.90743 1 0.186997
640 1 25.8787 9.34501 -4.9074 1 0.186888
641 1 23.3694 9.34633 -6.31951 1 0.0435977
962 1 23.4659 9.32996 -3.5004 1 0.754248
643 1 29.1002 11.6992 -4.90743 1 0.186999
644 1 26.6492 11.6978 -6.31954 1 0.0436424
645 1 28.3296 9.34633 -6.31952 1 0.0435986
967 1 26.5527 11.7143 -3.50044 1 0.754598
970 1 28.4261 9.32996 -3.50041 1 0.754296
646 1 34.0604 11.6992 -4.90744 1 0.186997
648 1 31.6094 11.6978 -6.31954 1 0.0436411
649 1 30.8389 9.34501 -4.9074 1 0.186881
651 1 33.2898 9.34633 -6.31952 1 0.0435981
975 1 31.513 11.7143 -3.50044 1 0.754603
977 1 33.3863 9.32996 -3.50041 1 0.754277
652 1 1.07759 16.3598 -4.9074 1 0.186886
654 1 3.52849 16.3611 -6.31952 1 0.0435954
656 1 2.68836 14.0295 -4.76719 1 0.315609
657 1 0.208219 14.0295 -6.23429 1 0.103595
982 1 3.62503 16.3448 -3.5004 1 0.754211
659 1 6.0378 16.3598 -4.9074 1 0.186891
660 1 8.48871 16.3611 -6.31952 1 0.0435954
661 1 7.64858 14.0295 -4.76719 1 0.315617
663 1 5.16843 14.0295 -6.23429 1 0.103596
989 1 8.58525 16.3448 -3.5004 1 0.754224
664 1 10.998 16.3598 -4.9074 1 0.186885
667 1 12.6088 14.0295 -4.76718 1 0.315625
668 1 10.1287 14.0295 -6.23429 1 0.103598
670 1 15.9582 16.3598 -4.9074 1 0.186882
671 1 13.4489 16.3611 -6.31951 1 0.0435958
672 1 15.0889 14.0295 -6.23428 1 0.103601
1001 1 13.5455 16.3448 -3.5004 1 0.754252
673 1 20.9185 16.3598 -4.9074 1 0.18689
675 1 18.4091 16.3611 -6.31951 1 0.043596
676 1 17.569 14.0295 -4.76718 1 0.315616
678 1 20.0491 14.0295 -6.23428 1 0.103599
1008 1 18.5057 16.3448 -3.5004 1 0.754239
680 1 25.8787 16.3598 -4.9074 1 0.186886
681 1 23.3694 16.3611 -6.31951 1 0.043596
683 1 22.5292 14.0295 -4.76718 1 0.31563
684 1 25.0093 14.0295 -6.23429 1 0.103598
1013 1 23.4659 16.3448 -3.5004 1 0.754246
685 1 28.3296 16.3611 -6.31952 1 0.0435972
686 1 27.4894 14.0295 -4.76719 1 0.315619
688 1 29.9695 14.0295 -6.23429 1 0.103599
1020 1 28.4261 16.3448 -3.5004 1 0.754232
689 1 30.8389 16.3598 -4.9074 1 0.186889
691 1 33.2898 16.3611 -6.31952 1 0.043596
693 1 32.4497 14.0295 -4.76719 1 0.315625
1026 1 33.3863 16.3448 -3.50041 1 0.75425
695 1 2.68836 21.0443 -4.76719 1 0.315615
696 1 4.29909 18.714 -4.90743 1 0.186991
698 1 0.208219 21.0443 -6.23429 1 0.103598
699 1 1.84812 18.7126 -6.31954 1 0.0436393
1034 1 1.75167 18.7291 -3.50044 1 0.754554
700 1 7.64858 21.0443 -4.76719 1 0.315623
702 1 5.16843 21.0443 -6.23429 1 0.103598
703 1 6.80834 18.7126 -6.31954 1 0.04364
1039 1 6.71187 18.7291 -3.50045 1 0.754608
705 1 12.6088 21.0443 -4.76718 1 0.315631
706 1 10.1287 21.0443 -6.23429 1 0.103602
708 1 9.25931 18.714 -4.90743 1 0.186997
709 1 11.7686 18.7126 -6.31954 1 0.0436424
1046 1 11.6721 18.7291 -3.50044 1 0.754582
710 1 15.0889 21.0443 -6.23428 1 0.1036
711 1 14.2195 18.714 -4.90743 1 0.187002
713 1 16.7288 18.7126 -6.31953 1 0.0436414
1051 1 16.6323 18.7291 -3.50043 1 0.754564
714 1 17.569 21.0443 -4.76718 1 0.315619
716 1 20.0491 21.0443 -6.23428 1 0.103601
718 1 19.1797 18.714 -4.90743 1 0.187001
719 1 21.689 18.7126 -6.31953 1 0.0436408
1059 1 21.5925 18.7291 -3.50044 1 0.754579
721 1 22.5292 21.0443 -4.76718 1 0.315626
722 1 25.0093 21.0443 -6.23428 1 0.103599
723 1 24.14 18.714 -4.90743 1 0.187001
725 1 27.4894 21.0443 -4.76718 1 0.315625
727 1 29.9695 21.0443 -6.23429 1 0.103598
729 1 29.1002 18.714 -4.90743 1 0.187002
730 1 26.6492 18.7126 -6.31954 1 0.04364
1070 1 26.5528 18.7291 -3.50044 1 0.754571
732 1 32.4497 21.0443 -4.76719 1 0.315623
733 1 34.0604 18.714 -4.90743 1 0.187002
735 1 31.6094 18.7126 -6.31954 1 0.043639
1077 1 31.513 18.7291 -3.50044 1 0.754568
736 1 4.29909 25.7288 -4.90743 1 0.186999
738 1 1.84812 25.7274 -6.31954 1 0.0436403
739 1 1.07759 23.3746 -4.9074 1 0.186889
741 1 3.5285 23.3759 -6.31952 1 0.0435978
1081 1 1.75166 25.7439 -3.50044 1 0.75456
1083 1 3.62504 23.3596 -3.50041 1 0.754267
742 1 6.80834 25.7274 -6.31954 1 0.0436397
744 1 6.0378 23.3746 -4.9074 1 0.18689
745 1 8.48871 23.3759 -6.31952 1 0.0435987
1087 1 6.71187 25.7439 -3.50044 1 0.754599
1090 1 8.58526 23.3596 -3.5004 1 0.754248
747 1 9.25931 25.7288 -4.90743 1 0.187001
748 1 11.7686 25.7274 -6.31953 1 0.0436413
749 1 10.998 23.3746 -4.9074 1 0.18689
1095 1 11.6721 25.7439 -3.50044 1 0.754579
751 1 14.2195 25.7288 -4.90743 1 0.187013
753 1 16.7288 25.7274 -6.31953 1 0.0436415
755 1 15.9582 23.3746 -4.9074 1 0.186881
756 1 13.4489 23.3759 -6.31951 1 0.0435978
1100 1 16.6323 25.7439 -3.50043 1 0.754546
1103 1 13.5455 23.3596 -3.50041 1 0.75429
758 1 19.1797 25.7288 -4.90742 1 0.187003
759 1 21.689 25.7274 -6.31953 1 0.0436403
760 1 20.9185 23.3746 -4.9074 1 0.186892
762 1 18.4091 23.3759 -6.31951 1 0.0435973
1109 1 21.5925 25.7439 -3.50044 1 0.754609
1112 1 18.5057 23.3596 -3.5004 1 0.75426
763 1 24.14 25.7288 -4.90743 1 0.187002
766 1 25.8787 23.3746 -4.9074 1 0.18689
767 1 23.3694 23.3759 -6.31951 1 0.0435987
1116 1 23.4659 23.3596 -3.5004 1 0.754254
769 1 29.1002 25.7288 -4.90743 1 0.187004
770 1 26.6492 25.7274 -6.31954 1 0.0436419
771 1 28.3296 23.3759 -6.31951 1 0.0435985
1121 1 26.5527 25.7439 -3.50044 1 0.754589
1124 1 28.4261 23.3596 -3.50041 1 0.754286
772 1 34.0604 25.7288 -4.90743 1 0.187003
774 1 31.6094 25.7274 -6.31954 1 0.0436398
775 1 30.8389 23.3746 -4.9074 1 0.186886
777 1 33.2898 23.3759 -6.31952 1 0.0435991
1129 1 31.513 25.7439 -3.50044 1 0.754597
1131 1 33.3863 23.3596 -3.50041 1 0.754267
778 1 1.07759 30.3894 -4.9074 1 0.186891
780 1 3.5285 30.3908 -6.31952 1 0.0435987
782 1 2.68836 28.0591 -4.76719 1 0.315621
783 1 0.208219 28.0591 -6.23429 1 0.1036
1136 1 3.62504 30.3744 -3.50041 1 0.754274
785 1 6.0378 30.3894 -4.9074 1 0.186889
786 1 8.48871 30.3908 -6.31952 1 0.043598
787 1 7.64858 28.0591 -4.76719 1 0.315627
789 1 5.16844 28.0591 -6.23429 1 0.1036
1143 1 8.58526 30.3744 -3.50041 1 0.754269
790 1 10.998 30.3894 -4.9074 1 0.186887
793 1 12.6088 28.0591 -4.76718 1 0.315633
794 1 10.1287 28.0591 -6.23429 1 0.103601
796 1 15.9582 30.3894 -4.9074 1 0.186884
797 1 13.4489 30.3908 -6.31951 1 0.0435989
798 1 15.0889 28.0591 -6.23428 1 0.103604
1155 1 13.5455 30.3744 -3.50041 1 0.75429
799 1 20.9185 30.3894 -4.9074 1 0.18689
801 1 18.4091 30.3908 -6.31951 1 0.0435981
802 1 17.569 28.0591 -4.76718 1 0.315625
804 1 20.0491 28.0591 -6.23428 1 0.103601
1162 1 18.5057 30.3744 -3.5004 1 0.754291
806 1 25.8787 30.3894 -4.9074 1 0.186891
807 1 23.3694 30.3908 -6.31951 1 0.0436001
809 1 22.5292 28.0591 -4.76718 1 0.315635
810 1 25.0093 28.0591 -6.23428 1 0.103601
1167 1 23.4659 30.3744 -3.5004 1 0.754272
811 1 28.3296 30.3908 -6.31951 1 0.0435991
812 1 27.4894 28.0591 -4.76718 1 0.315637
814 1 29.9695 28.0591 -6.23429 1 0.103599
1174 1 28.4261 30.3744 -3.50041 1 0.754309
815 1 30.8389 30.3894 -4.9074 1 0.186883
817 1 33.2898 30.3907 -6.31952 1 0.0435994
819 1 32.4497 28.0591 -4.76719 1 0.315626
1180 1 33.3863 30.3744 -3.50041 1 0.754276
530 1 2.68836 35.0739 -4.76719 1 0.315623
531 1 0.20822 35.0739 -6.23429 1 0.103599
820 1 4.29909 32.7436 -4.90743 1 0.187002
822 1 1.84812 32.7422 -6.31954 1 0.0436406
1188 1 1.75166 32.7587 -3.50044 1 0.754584
535 1 7.64858 35.0739 -4.76719 1 0.315624
537 1 5.16844 35.0739 -6.23429 1 0.1036
823 1 6.80834 32.7422 -6.31954 1 0.0436415
1192 1 6.71188 32.7587 -3.50044 1 0.75459
541 1 12.6088 35.0739 -4.76718 1 0.315632
542 1 10.1287 35.0739 -6.23429 1 0.1036
825 1 9.25931 32.7436 -4.90743 1 0.187001
826 1 11.7686 32.7422 -6.31954 1 0.0436422
1198 1 11.6721 32.7587 -3.50044 1 0.754603
546 1 15.0889 35.0739 -6.23428 1 0.103605
827 1 14.2195 32.7436 -4.90743 1 0.187012
829 1 16.7288 32.7422 -6.31954 1 0.043644
1202 1 16.6323 32.7587 -3.50043 1 0.754578
547 1 17.569 35.0739 -4.76718 1 0.315628
552 1 20.0491 35.0739 -6.23428 1 0.103601
831 1 19.1797 32.7436 -4.90743 1 0.187006
832 1 21.689 32.7422 -6.31953 1 0.0436418
1209 1 21.5925 32.7587 -3.50044 1 0.754632
557 1 22.5292 35.0739 -4.76718 1 0.315628
558 1 25.0093 35.0739 -6.23428 1 0.103602
833 1 24.14 32.7436 -4.90743 1 0.187003
560 1 27.4894 35.0739 -4.76718 1 0.31564
562 1 29.9695 35.0739 -6.23429 1 0.103599
836 1 29.1002 32.7436 -4.90743 1 0.187009
837 1 26.6492 32.7422 -6.31954 1 0.0436433
1218 1 26.5527 32.7587 -3.50044 1 0.754608
567 1 32.4497 35.0739 -4.76719 1 0.315619
838 1 34.0604 32.7436 -4.90743 1 0.187003
840 1 31.6094 32.7422 -6.31954 1 0.0436408
1224 1 31.513 32.7587 -3.50044 1 0.754592
841 1 1.2711 2.31835 -2.10708 5 2.78655
843 1 3.92876 2.28994 -0.719015 5 6.89621
845 2 1.62618 2.31839 0.668984 5 2.7759
1184 1 2.68841 3.77936e-06 -1.62502 5 3.15517
1185 3 0.208324 2.06238e-05 0.188098 5 3.14265
846 1 6.23131 2.31835 -2.10707 5 2.78647
849 2 6.58639 2.31838 0.668986 5 2.77595
1190 1 7.64863 2.38933e-06 -1.62502 5 3.15516
1191 3 5.16854 2.43381e-05 0.188095 5 3.14265
850 1 8.88897 2.28994 -0.719016 5 6.89617
851 1 11.1915 2.31835 -2.10707 5 2.78643
853 2 11.5466 2.31838 0.668984 5 2.77592
1194 1 12.6088 4.9951e-06 -1.62501 5 3.15514
1195 3 10.1288 2.48103e-05 0.188094 5 3.14266
854 1 16.1517 2.31836 -2.10707 5 2.78646
856 1 13.8492 2.28994 -0.719013 5 6.89621
858 2 16.5068 2.31838 0.668978 5 2.77582
1200 3 15.089 2.37653e-05 0.188092 5 3.14265
859 1 21.112 2.31835 -2.10708 5 2.78658
860 1 18.8094 2.28994 -0.719003 5 6.89628
863 2 21.467 2.31839 0.668996 5 2.7761
1205 1 17.5691 5.95023e-06 -1.62501 5 3.1552
1206 3 20.0492 2.63499e-05 0.188095 5 3.14271
865 1 23.7696 2.28994 -0.719028 5 6.89611
1211 1 22.5293 7.46882e-06 -1.62501 5 3.15521
1212 3 25.0094 2.34384e-05 0.188095 5 3.14256
867 1 26.0722 2.31836 -2.10705 5 2.78627
868 1 28.7298 2.28994 -0.719001 5 6.89633
871 2 26.4273 2.31839 0.668971 5 2.77577
1215 1 27.4895 3.9948e-06 -1.62501 5 3.15515
1216 3 29.9696 2.00296e-05 0.188094 5 3.14266
872 1 31.0324 2.31836 -2.10708 5 2.78661
874 1 33.6901 2.28994 -0.71901 5 6.89623
875 2 31.3875 2.31838 0.668983 5 2.77586
1221 1 32.4497 7.1222e-06 -1.62501 5 3.15524
876 1 2.68841 7.01481 -1.62502 5 3.15514
877 1 4.10566 4.69641 -2.1071 5 2.787
878 1 0.20828 7.01475 -3.23834 1 1.12799
879 1 1.44803 4.72489 -0.719045 5 6.8961
881 2 3.75065 4.69648 0.66896 5 2.77564
882 3 0.208324 7.01483 0.188098 5 3.14262
883 1 7.64863 7.01481 -1.62502 5 3.15515
884 1 5.1685 7.01475 -3.23835 1 1.12796
886 1 6.40823 4.72489 -0.719057 5 6.89599
887 3 5.16854 7.01483 0.188094 5 3.14263
888 1 12.6088 7.01481 -1.62502 5 3.15511
889 1 10.1287 7.01475 -3.23834 1 1.12797
890 1 9.06587 4.69641 -2.1071 5 2.787
891 1 11.3684 4.72489 -0.719051 5 6.89602
893 2 8.71088 4.69648 0.668971 5 2.77581
894 3 10.1288 7.01483 0.188095 5 3.14266
895 1 15.0889 7.01475 -3.23834 1 1.12798
896 1 14.0261 4.69641 -2.10709 5 2.78694
898 1 16.3287 4.72489 -0.71906 5 6.89599
899 2 13.6711 4.69648 0.668967 5 2.77579
900 3 15.089 7.01483 0.188093 5 3.14266
901 1 17.5691 7.01481 -1.62501 5 3.1552
902 1 20.0492 7.01475 -3.23834 1 1.12803
903 1 18.9863 4.69641 -2.10711 5 2.78729
904 1 21.2889 4.7249 -0.719032 5 6.89621
906 2 18.6313 4.69648 0.668975 5 2.77583
907 3 20.0492 7.01484 0.188095 5 3.14273
908 1 22.5293 7.01481 -1.62501 5 3.15517
909 1 25.0094 7.01475 -3.23834 1 1.12797
910 1 23.9465 4.69641 -2.1071 5 2.7871
911 2 23.5915 4.69649 0.668953 5 2.77548
912 3 25.0094 7.01484 0.188096 5 3.1426
913 1 27.4895 7.01481 -1.62502 5 3.15513
914 1 29.9696 7.01475 -3.23834 1 1.12796
915 1 28.9067 4.69641 -2.10709 5 2.78696
917 1 26.2491 4.72489 -0.719048 5 6.8961
918 2 28.5517 4.69648 0.668961 5 2.77568
919 3 29.9696 7.01484 0.188092 5 3.14264
920 1 32.4497 7.0148 -1.62501 5 3.15521
921 1 33.8669 4.69641 -2.10711 5 2.78716
922 1 31.2093 4.7249 -0.719058 5 6.896
924 2 33.512 4.69648 0.668971 5 2.7758
925 1 4.10567 11.7112 -2.1071 5 2.78692
926 1 1.448 11.7397 -0.719061 5 6.89588
928 1 1.27108 9.33316 -2.10706 5 2.78633
930 1 3.92877 9.30474 -0.71902 5 6.89611
931 2 3.75068 11.7113 0.668976 5 2.77593
932 2 1.62617 9.33319 0.668987 5 2.77599
934 1 6.40822 11.7397 -0.719055 5 6.89595
935 1 6.2313 9.33316 -2.10707 5 2.78636
937 2 6.58638 9.33319 0.668986 5 2.77598
938 1 8.88898 9.30474 -0.719018 5 6.89615
939 1 9.06589 11.7112 -2.10709 5 2.78683
940 1 11.3684 11.7397 -0.719059 5 6.89594
942 1 11.1915 9.33316 -2.10706 5 2.78639
943 2 8.71089 11.7113 0.668972 5 2.77587
944 2 11.5466 9.33319 0.668983 5 2.7759
945 1 14.0261 11.7112 -2.10709 5 2.78687
947 1 16.3287 11.7397 -0.719059 5 6.89595
948 1 16.1517 9.33316 -2.10707 5 2.78646
950 1 13.8492 9.30474 -0.71901 5 6.89622
951 2 13.6711 11.7113 0.668974 5 2.77592
952 2 16.5068 9.33319 0.668985 5 2.77595
953 1 18.9863 11.7112 -2.1071 5 2.78702
954 1 21.2889 11.7397 -0.719045 5 6.89601
956 1 21.112 9.33316 -2.10707 5 2.78641
957 1 18.8094 9.30474 -0.719013 5 6.89617
959 2 18.6313 11.7113 0.668976 5 2.77591
960 2 21.467 9.33319 0.668995 5 2.77616
961 1 23.9465 11.7112 -2.10708 5 2.78679
963 1 23.7697 9.30475 -0.719029 5 6.89601
964 2 23.5915 11.7113 0.668964 5 2.77574
965 1 26.0722 9.33317 -2.10705 5 2.78622
966 1 28.9068 11.7112 -2.10709 5 2.78681
968 1 26.2491 11.7397 -0.719066 5 6.89581
969 1 28.7299 9.30474 -0.719024 5 6.89604
971 2 28.5518 11.7113 0.668978 5 2.77601
972 2 26.4272 9.33319 0.668988 5 2.77608
973 1 33.867 11.7112 -2.10709 5 2.78686
974 1 31.2093 11.7397 -0.719063 5 6.89586
976 1 31.0324 9.33316 -2.10706 5 2.78629
978 1 33.6901 9.30474 -0.719023 5 6.89604
979 2 33.512 11.7113 0.668975 5 2.77595
980 2 31.3875 9.33319 0.668989 5 2.77606
981 1 1.27111 16.348 -2.10708 5 2.78659
983 1 3.92875 16.3195 -0.719013 5 6.89627
984 1 2.68841 14.0296 -1.62502 5 3.15515
985 1 0.208283 14.0296 -3.23835 1 1.12798
986 2 1.62617 16.348 0.668986 5 2.77596
987 3 0.208322 14.0296 0.188095 5 3.14268
988 1 6.23131 16.348 -2.10707 5 2.78644
990 1 7.64863 14.0296 -1.62502 5 3.15512
991 1 5.1685 14.0296 -3.23834 1 1.12797
992 2 6.58638 16.348 0.668989 5 2.77605
993 3 5.16854 14.0296 0.188097 5 3.14267
994 1 8.88897 16.3195 -0.719019 5 6.8962
995 1 11.1915 16.348 -2.10706 5 2.78634
996 1 12.6088 14.0296 -1.62502 5 3.15511
997 1 10.1287 14.0296 -3.23834 1 1.12795
998 2 11.5466 16.348 0.668984 5 2.77596
999 3 10.1288 14.0296 0.188095 5 3.14265
1000 1 16.1517 16.348 -2.10707 5 2.78643
1002 1 13.8492 16.3195 -0.719011 5 6.89622
1003 1 15.0889 14.0296 -3.23834 1 1.12797
1004 2 16.5068 16.348 0.668987 5 2.776
1005 3 15.089 14.0296 0.188092 5 3.14269
1006 1 21.112 16.348 -2.10706 5 2.78638
1007 1 18.8094 16.3195 -0.719015 5 6.89621
1009 1 17.5691 14.0296 -1.62502 5 3.15515
1010 1 20.0492 14.0296 -3.23834 1 1.12799
1011 3 20.0492 14.0296 0.188093 5 3.14269
1012 2 21.467 16.348 0.668979 5 2.77592
1014 1 23.7696 16.3195 -0.719007 5 6.8963
1015 1 22.5293 14.0296 -1.62501 5 3.1551
1016 1 25.0094 14.0296 -3.23834 1 1.12797
1017 3 25.0094 14.0296 0.188095 5 3.14264
1018 1 26.0722 16.348 -2.10707 5 2.78648
1019 1 28.7298 16.3195 -0.71902 5 6.8962
1021 1 27.4895 14.0296 -1.62502 5 3.15516
1022 1 29.9696 14.0296 -3.23834 1 1.12796
1023 2 26.4273 16.348 0.668989 5 2.77604
1024 3 29.9696 14.0296 0.188092 5 3.14265
1025 1 31.0324 16.348 -2.10706 5 2.78637
1027 1 33.69 16.3195 -0.719 5 6.89637
1028 1 32.4497 14.0296 -1.62501 5 3.15513
1029 2 31.3875 16.348 0.668973 5 2.7758
1030 1 2.68842 21.0444 -1.62502 5 3.15514
1031 1 4.10565 18.726 -2.10711 5 2.78709
1032 1 0.208281 21.0444 -3.23834 1 1.12798
1033 1 1.44802 18.7545 -0.719051 5 6.89606
1035 2 3.75066 18.7261 0.668968 5 2.77576
1036 3 0.208326 21.0444 0.188094 5 3.14267
1037 1 7.64863 21.0444 -1.62502 5 3.1551
1038 1 5.1685 21.0444 -3.23834 1 1.128
1040 1 6.40824 18.7545 -0.719044 5 6.8961
1041 3 5.16854 21.0444 0.188095 5 3.1427
1042 1 12.6088 21.0444 -1.62502 5 3.15512
1043 1 10.1287 21.0444 -3.23834 1 1.12794
1044 1 9.06589 18.726 -2.10709 5 2.78678
1045 1 11.3684 18.7545 -0.719067 5 6.89589
1047 2 8.71088 18.7261 0.668962 5 2.77572
1048 3 10.1288 21.0444 0.188091 5 3.14262
1049 1 15.0889 21.0444 -3.23834 1 1.12798
1050 1 14.0261 18.726 -2.10709 5 2.78687
1052 1 16.3287 18.7545 -0.719059 5 6.89595
1053 2 13.6711 18.7261 0.668978 5 2.77597
1054 3 15.089 21.0444 0.18809 5 3.14272
1055 1 17.5691 21.0444 -1.62501 5 3.15517
1056 1 20.0492 21.0444 -3.23833 1 1.128
1057 1 18.9863 18.726 -2.1071 5 2.78706
1058 1 21.2889 18.7545 -0.719047 5 6.8961
1060 2 18.6313 18.7261 0.668976 5 2.77591
1061 3 20.0492 21.0445 0.188093 5 3.14271
1062 1 22.5293 21.0444 -1.62501 5 3.15515
1063 1 25.0094 21.0444 -3.23834 1 1.12797
1064 1 23.9465 18.726 -2.1071 5 2.78699
1065 2 23.5915 18.7261 0.668964 5 2.77574
1066 3 25.0094 21.0444 0.188094 5 3.14265
1067 1 27.4895 21.0444 -1.62502 5 3.15513
1068 1 29.9696 21.0444 -3.23834 1 1.12799
1069 1 28.9067 18.726 -2.1071 5 2.78701
1071 1 26.2491 18.7545 -0.719053 5 6.89603
1072 2 28.5518 18.7261 0.668969 5 2.77581
1073 3 29.9696 21.0444 0.188091 5 3.14269
1074 1 32.4497 21.0444 -1.62501 5 3.15517
1075 1 33.867 18.726 -2.1071 5 2.78704
1076 1 31.2093 18.7545 -0.71905 5 6.89608
1078 2 33.512 18.7261 0.668967 5 2.77578
1079 1 4.10565 25.7408 -2.10711 5 2.78708
1080 1 1.44801 25.7693 -0.719062 5 6.89594
1082 1 1.27109 23.3628 -2.10707 5 2.78643
1084 1 3.92876 23.3343 -0.719014 5 6.8962
1085 2 3.75067 25.7409 0.668971 5 2.77583
1086 2 1.62617 23.3628 0.668985 5 2.77598
1088 1 6.40824 25.7693 -0.719049 5 6.89603
1089 1 6.23131 23.3628 -2.10707 5 2.78643
1091 2 6.58637 23.3628 0.668994 5 2.77616
1092 1 8.88899 23.3344 -0.719028 5 6.89609
1093 1 9.06588 25.7408 -2.10709 5 2.78693
1094 1 11.3684 25.7693 -0.719059 5 6.89597
1096 1 11.1915 23.3628 -2.10706 5 2.78624
1097 2 8.71088 25.7409 0.668964 5 2.77573
1098 2 11.5466 23.3628 0.66898 5 2.77595
1099 1 14.0261 25.7408 -2.10709 5 2.78694
1101 1 16.3287 25.7693 -0.71906 5 6.89597
1102 1 16.1517 23.3628 -2.10707 5 2.78644
1104 1 13.8492 23.3344 -0.719009 5 6.89625
1105 2 13.6711 25.7409 0.668969 5 2.77583
1106 2 16.5068 23.3628 0.668988 5 2.77602
1107 1 18.9863 25.7408 -2.10711 5 2.7872
1108 1 21.2889 25.7693 -0.71904 5 6.89613
1110 1 21.112 23.3628 -2.10707 5 2.78638
1111 1 18.8094 23.3344 -0.719015 5 6.89619
1113 2 18.6313 25.7409 0.668976 5 2.77585
1114 2 21.467 23.3628 0.66899 5 2.77612
1115 1 23.9465 25.7408 -2.10709 5 2.78693
1117 1 23.7696 23.3344 -0.719022 5 6.89613
1118 2 23.5915 25.7409 0.668956 5 2.77559
1119 1 26.0722 23.3628 -2.10706 5 2.78629
1120 1 28.9068 25.7408 -2.10709 5 2.78689
1122 1 26.2491 25.7693 -0.719062 5 6.89592
1123 1 28.7298 23.3344 -0.719016 5 6.89614
1125 2 28.5518 25.7409 0.66897 5 2.77585
1126 2 26.4272 23.3628 0.668986 5 2.77604
1127 1 33.867 25.7408 -2.1071 5 2.78697
1128 1 31.2093 25.7693 -0.719063 5 6.89591
1130 1 31.0324 23.3628 -2.10707 5 2.78637
1132 1 33.6901 23.3344 -0.719014 5 6.89617
1133 2 33.512 25.7409 0.668973 5 2.77589
1134 2 31.3875 23.3628 0.668984 5 2.77598
1135 1 1.27109 30.3776 -2.10707 5 2.78639
1137 1 3.92877 30.3492 -0.71902 5 6.89613
1138 1 2.68842 28.0592 -1.62502 5 3.15519
1139 1 0.208283 28.0592 -3.23834 1 1.12798
1140 2 1.62617 30.3776 0.668988 5 2.77604
1141 3 0.208326 28.0592 0.188091 5 3.14267
1142 1 6.2313 30.3776 -2.10707 5 2.78637
1144 1 7.64863 28.0592 -1.62502 5 3.15512
1145 1 5.1685 28.0592 -3.23834 1 1.128
1146 2 6.58637 30.3776 0.668993 5 2.77614
1147 3 5.16854 28.0593 0.188093 5 3.14269
1148 1 8.88899 30.3492 -0.719025 5 6.89607
1149 1 11.1915 30.3776 -2.10706 5 2.78626
1150 1 12.6088 28.0592 -1.62502 5 3.15514
1151 1 10.1287 28.0592 -3.23834 1 1.12796
1152 2 11.5466 30.3776 0.668989 5 2.77608
1153 3 10.1288 28.0593 0.188088 5 3.14268
1154 1 16.1517 30.3776 -2.10706 5 2.78633
1156 1 13.8492 30.3492 -0.719019 5 6.89611
1157 1 15.0889 28.0592 -3.23834 1 1.12798
1158 2 16.5068 30.3776 0.66899 5 2.77608
1159 3 15.089 28.0593 0.188086 5 3.14271
1160 1 21.112 30.3776 -2.10706 5 2.78635
1161 1 18.8094 30.3492 -0.719019 5 6.89608
1163 1 17.5691 28.0592 -1.62501 5 3.1552
1164 1 20.0492 28.0592 -3.23833 1 1.12802
1165 3 20.0492 28.0593 0.18809 5 3.14274
1166 2 21.467 30.3776 0.668997 5 2.7762
1168 1 23.7697 30.3492 -0.719029 5 6.896
1169 1 22.5293 28.0592 -1.62501 5 3.15517
1170 1 25.0094 28.0592 -3.23834 1 1.12795
1171 3 25.0094 28.0593 0.18809 5 3.14263
1172 1 26.0722 30.3776 -2.10705 5 2.78622
1173 1 28.7299 30.3492 -0.719017 5 6.89611
1175 1 27.4895 28.0592 -1.62501 5 3.15516
1176 1 29.9696 28.0592 -3.23834 1 1.12798
1177 2 26.4272 30.3776 0.668985 5 2.77602
1178 3 29.9696 28.0593 0.188087 5 3.14269
1179 1 31.0324 30.3776 -2.10707 5 2.78641
1181 1 33.6901 30.3492 -0.719018 5 6.8961
1182 1 32.4497 28.0592 -1.62501 5 3.15521
1183 2 31.3875 30.3776 0.668988 5 2.77601
844 1 0.208283 35.074 -3.23834 1 1.12801
1186 1 4.10566 32.7556 -2.1071 5 2.78701
1187 1 1.44801 32.7841 -0.719052 5 6.89598
1189 2 3.75067 32.7557 0.668966 5 2.77576
848 1 5.1685 35.074 -3.23834 1 1.12799
1193 1 6.40823 32.7841 -0.719055 5 6.89596
852 1 10.1287 35.074 -3.23834 1 1.12798
1196 1 9.06588 32.7556 -2.1071 5 2.78696
1197 1 11.3684 32.7841 -0.719055 5 6.89595
1199 2 8.71088 32.7557 0.668971 5 2.77581
857 1 15.0889 35.074 -3.23833 1 1.12799
1201 1 14.0261 32.7556 -2.10709 5 2.78688
1203 1 16.3287 32.7841 -0.719064 5 6.89587
1204 2 13.6711 32.7557 0.66897 5 2.77586
862 1 20.0492 35.074 -3.23833 1 1.12804
1207 1 18.9863 32.7556 -2.1071 5 2.7871
1208 1 21.2889 32.7841 -0.719047 5 6.89598
1210 2 18.6313 32.7557 0.668978 5 2.77592
866 1 25.0094 35.074 -3.23834 1 1.12796
1213 1 23.9465 32.7556 -2.10709 5 2.78688
1214 2 23.5915 32.7557 0.668963 5 2.77571
870 1 29.9696 35.074 -3.23834 1 1.128
1217 1 28.9068 32.7556 -2.10709 5 2.78685
1219 1 26.2491 32.7841 -0.719065 5 6.89585
1220 2 28.5518 32.7557 0.668974 5 2.77593
1222 1 33.867 32.7556 -2.1071 5 2.78706
1223 1 31.2093 32.7841 -0.719066 5 6.89584
1225 2 33.512 32.7557 0.668979 5 2.77596
1226 2 1.81923 2.33035 3.46937 1 0.186027
1227 2 0.208331 2.32911e-05 3.32939 1 0.314298
1228 2 2.68845 2.97855e-05 4.79641 1 0.103193
1229 2 2.68843 3.13392e-05 1.80085 1 1.1237
1230 2 4.23216 2.31532 2.06237 1 0.750793
1232 2 6.77944 2.33035 3.46937 1 0.186029
1233 2 7.64865 3.00223e-05 1.80085 1 1.12372
1234 2 7.64866 2.99647e-05 4.79642 1 0.103191
1235 2 5.16854 2.38797e-05 3.32939 1 0.314299
1237 2 9.19238 2.31532 2.06237 1 0.750809
1238 2 11.7397 2.33035 3.46937 1 0.186028
1239 2 10.1288 2.34521e-05 3.32939 1 0.314305
1240 2 12.6089 2.89089e-05 4.79641 1 0.103194
1241 2 12.6089 3.1463e-05 1.80084 1 1.12373
1242 2 16.6999 2.33035 3.46937 1 0.186034
1243 2 14.1526 2.31532 2.06237 1 0.750827
1245 2 15.089 2.31975e-05 3.32939 1 0.314312
1247 2 19.1128 2.31532 2.06236 1 0.750783
1248 2 20.0492 2.38467e-05 3.32939 1 0.314295
1249 2 17.5691 2.99374e-05 1.80084 1 1.12373
1250 2 17.5691 2.95416e-05 4.79641 1 0.103196
1251 2 21.6601 2.33035 3.46936 1 0.186023
1252 2 24.073 2.31532 2.06238 1 0.750832
1254 2 22.5293 2.88439e-05 4.79641 1 0.103194
1255 2 22.5293 3.45651e-05 1.80084 1 1.12373
1256 2 25.0094 2.50221e-05 3.32938 1 0.314321
1257 2 26.6203 2.33035 3.46937 1 0.186034
1259 2 29.0332 2.31532 2.06237 1 0.7508
1260 2 29.9696 2.29497e-05 3.32938 1 0.314304
1261 2 27.4895 3.00433e-05 1.80084 1 1.12371
1262 2 27.4895 3.09883e-05 4.79641 1 0.103195
1263 2 33.9935 2.31532 2.06237 1 0.750812
1265 2 31.5805 2.33035 3.46937 1 0.186024
1266 2 32.4497 3.02496e-05 4.79641 1 0.103194
1267 2 32.4497 3.17041e-05 1.80084 1 1.12373
1268 2 0.20833 7.01483 3.32939 1 0.314295
1269 2 2.68845 7.01484 4.79642 1 0.103191
1270 2 2.68843 7.01484 1.80085 1 1.12369
1271 2 3.55765 4.68451 3.46937 1 0.186015
1272 2 1.14469 4.69955 2.06235 1 0.750676
1274 2 7.64865 7.01484 1.80085 1 1.12371
1275 2 7.64866 7.01484 4.79642 1 0.103189
1276 2 5.16855 7.01483 3.32939 1 0.314299
1278 2 6.10491 4.69955 2.06236 1 0.750706
1279 2 8.51786 4.68451 3.46937 1 0.186014
1280 2 10.1288 7.01483 3.32939 1 0.314299
1281 2 12.6089 7.01484 4.79642 1 0.103193
1282 2 12.6089 7.01484 1.80084 1 1.12371
1283 2 11.0651 4.69955 2.06236 1 0.750686
1285 2 15.089 7.01483 3.32939 1 0.314305
1286 2 13.4781 4.68451 3.46937 1 0.186023
1288 2 16.0253 4.69955 2.06236 1 0.750705
1289 2 20.0492 7.01483 3.32939 1 0.314295
1290 2 17.5691 7.01484 1.80084 1 1.12373
1291 2 20.9856 4.69955 2.06235 1 0.750705
1292 2 17.5691 7.01484 4.79641 1 0.103193
1294 2 18.4383 4.68451 3.46936 1 0.186015
1295 2 22.5293 7.01483 4.79641 1 0.103194
1296 2 22.5293 7.01484 1.80084 1 1.12371
1297 2 25.0094 7.01483 3.32939 1 0.314311
1298 2 23.3985 4.68451 3.46937 1 0.186021
1300 2 25.9458 4.69955 2.06236 1 0.750736
1301 2 29.9696 7.01483 3.32939 1 0.314305
1302 2 27.4895 7.01484 1.80084 1 1.12372
1303 2 27.4895 7.01483 4.79641 1 0.103193
1304 2 28.3587 4.68451 3.46937 1 0.186015
1305 2 32.4497 7.01483 4.79641 1 0.103192
1306 2 32.4497 7.01484 1.80084 1 1.12373
1307 2 33.3189 4.68451 3.46936 1 0.186016
1308 2 30.906 4.69955 2.06236 1 0.750723
1310 2 3.55765 11.6993 3.46937 1 0.186023
1311 2 1.14468 11.7144 2.06236 1 0.750675
1313 2 1.81922 9.34515 3.46937 1 0.186031
1314 2 4.23217 9.33013 2.06237 1 0.750796
1317 2 6.1049 11.7144 2.06236 1 0.750667
1318 2 6.77944 9.34515 3.46937 1 0.186029
1319 2 8.51787 11.6993 3.46937 1 0.186024
1320 2 11.0651 11.7144 2.06236 1 0.750689
1323 2 9.19238 9.33012 2.06237 1 0.750813
1324 2 11.7397 9.34515 3.46937 1 0.18603
1325 2 13.4781 11.6993 3.46937 1 0.186025
1327 2 16.0253 11.7144 2.06236 1 0.750703
1328 2 16.6999 9.34515 3.46937 1 0.186034
1329 2 14.1526 9.33012 2.06237 1 0.750809
1331 2 20.9856 11.7143 2.06235 1 0.750704
1333 2 18.4383 11.6993 3.46936 1 0.186023
1335 2 19.1128 9.33013 2.06236 1 0.75077
1336 2 21.6601 9.34515 3.46937 1 0.186034
1337 2 23.3985 11.6993 3.46937 1 0.186029
1339 2 25.9458 11.7144 2.06236 1 0.75072
1340 2 24.073 9.33012 2.06237 1 0.750773
1342 2 28.3587 11.6993 3.46936 1 0.186026
1343 2 26.6203 9.34515 3.46937 1 0.186038
1345 2 29.0333 9.33013 2.06237 1 0.750783
1346 2 33.319 11.6993 3.46937 1 0.186031
1347 2 30.906 11.7143 2.06236 1 0.750678
1348 2 33.9935 9.33012 2.06237 1 0.750794
1351 2 31.5805 9.34515 3.46937 1 0.18603
1352 2 1.81923 16.36 3.46937 1 0.186034
1353 2 0.208328 14.0296 3.32939 1 0.314305
1354 2 2.68845 14.0296 4.79641 1 0.103195
1355 2 2.68843 14.0296 1.80084 1 1.12374
1356 2 4.23216 16.3449 2.06237 1 0.750811
1358 2 6.77944 16.36 3.46937 1 0.186033
1359 2 7.64865 14.0296 1.80084 1 1.12373
1360 2 7.64866 14.0296 4.79642 1 0.103193
1361 2 5.16854 14.0296 3.32939 1 0.314298
1363 2 9.19237 16.3449 2.06237 1 0.750819
1364 2 11.7397 16.36 3.46937 1 0.186037
1365 2 10.1288 14.0296 3.32939 1 0.314306
1366 2 12.6089 14.0296 4.79641 1 0.103194
1367 2 12.6089 14.0296 1.80084 1 1.12374
1368 2 16.6999 16.36 3.46937 1 0.186033
1369 2 14.1526 16.3449 2.06237 1 0.750826
1371 2 15.089 14.0296 3.32939 1 0.314308
1373 2 19.1128 16.3449 2.06237 1 0.750838
1374 2 20.0492 14.0296 3.32938 1 0.31431
1375 2 17.5691 14.0296 1.80084 1 1.12376
1376 2 17.5691 14.0296 4.79641 1 0.103196
1377 2 21.6601 16.36 3.46937 1 0.186036
1378 2 24.073 16.3449 2.06237 1 0.750807
1380 2 22.5293 14.0296 4.79641 1 0.103199
1381 2 22.5293 14.0296 1.80084 1 1.12372
1382 2 25.0094 14.0296 3.32938 1 0.314312
1383 2 26.6203 16.36 3.46937 1 0.186031
1385 2 29.0332 16.3449 2.06238 1 0.750858
1386 2 29.9696 14.0296 3.32938 1 0.314314
1387 2 27.4895 14.0296 1.80084 1 1.12377
1388 2 27.4895 14.0296 4.79641 1 0.103195
1389 2 33.9935 16.3449 2.06237 1 0.750823
1391 2 31.5805 16.36 3.46937 1 0.186033
1392 2 32.4497 14.0296 4.79641 1 0.103198
1393 2 32.4497 14.0296 1.80084 1 1.12373
1394 2 0.20833 21.0444 3.32938 1 0.31431
1395 2 2.68844 21.0444 4.79641 1 0.103195
1396 2 2.68843 21.0444 1.80084 1 1.12372
1397 2 3.55765 18.7141 3.46936 1 0.186015
1398 2 1.14469 18.7292 2.06236 1 0.750722
1400 2 7.64865 21.0445 1.80084 1 1.12374
1401 2 7.64866 21.0444 4.79641 1 0.103195
1402 2 5.16855 21.0444 3.32939 1 0.314296
1404 2 6.10491 18.7292 2.06236 1 0.75071
1405 2 8.51786 18.7141 3.46937 1 0.186022
1406 2 10.1288 21.0444 3.32939 1 0.314317
1407 2 12.6089 21.0444 4.79641 1 0.103195
1408 2 12.6089 21.0444 1.80084 1 1.12375
1409 2 11.0651 18.7292 2.06236 1 0.750731
1411 2 15.089 21.0444 3.32939 1 0.314308
1412 2 13.4781 18.7141 3.46936 1 0.186023
1414 2 16.0253 18.7292 2.06236 1 0.750703
1415 2 20.0492 21.0444 3.32938 1 0.314306
1416 2 17.5691 21.0444 1.80084 1 1.12375
1417 2 20.9856 18.7292 2.06236 1 0.75071
1418 2 17.5691 21.0444 4.79641 1 0.103197
1420 2 18.4383 18.7141 3.46936 1 0.186028
1421 2 22.5293 21.0444 4.79641 1 0.103198
1422 2 22.5293 21.0444 1.80084 1 1.12374
1423 2 25.0094 21.0444 3.32938 1 0.314314
1424 2 23.3985 18.7141 3.46936 1 0.186026
1426 2 25.9458 18.7292 2.06236 1 0.750734
1427 2 29.9696 21.0444 3.32938 1 0.314312
1428 2 27.4895 21.0444 1.80084 1 1.12374
1429 2 27.4895 21.0444 4.79641 1 0.103196
1430 2 28.3587 18.7141 3.46936 1 0.186025
1431 2 32.4497 21.0444 4.79641 1 0.103197
1432 2 32.4497 21.0445 1.80084 1 1.12373
1433 2 33.3189 18.7141 3.46936 1 0.186023
1434 2 30.906 18.7292 2.06236 1 0.750714
1436 2 3.55765 25.7289 3.46936 1 0.186015
1437 2 1.14469 25.744 2.06236 1 0.750685
1439 2 1.81922 23.3748 3.46937 1 0.186036
1440 2 4.23217 23.3597 2.06237 1 0.750776
1443 2 6.1049 25.744 2.06235 1 0.750693
1444 2 6.77944 23.3748 3.46937 1 0.186033
1445 2 8.51786 25.7289 3.46937 1 0.186022
1446 2 11.0651 25.744 2.06236 1 0.750719
1449 2 9.19238 23.3597 2.06237 1 0.750824
1450 2 11.7397 23.3748 3.46937 1 0.186039
1451 2 13.4781 25.7289 3.46937 1 0.18602
1453 2 16.0253 25.744 2.06236 1 0.750721
1454 2 16.6999 23.3748 3.46937 1 0.186037
1455 2 14.1526 23.3597 2.06237 1 0.750807
1457 2 20.9856 25.744 2.06235 1 0.750711
1459 2 18.4383 25.7289 3.46936 1 0.186018
1461 2 19.1128 23.3597 2.06237 1 0.750792
1462 2 21.6601 23.3748 3.46937 1 0.186035
1463 2 23.3985 25.7289 3.46937 1 0.186024
1465 2 25.9458 25.744 2.06236 1 0.750741
1466 2 24.073 23.3597 2.06237 1 0.750794
1468 2 28.3587 25.7289 3.46936 1 0.186021
1469 2 26.6203 23.3748 3.46937 1 0.186039
1471 2 29.0332 23.3597 2.06237 1 0.750807
1472 2 33.319 25.7289 3.46936 1 0.186025
1473 2 30.906 25.744 2.06236 1 0.750704
1474 2 33.9935 23.3597 2.06237 1 0.75081
1477 2 31.5805 23.3748 3.46937 1 0.186032
1478 2 1.81922 30.3896 3.46937 1 0.186033
1479 2 0.208331 28.0592 3.32939 1 0.314304
1480 2 2.68844 28.0593 4.79641 1 0.103193
1481 2 2.68843 28.0593 1.80084 1 1.12372
1482 2 4.23217 30.3745 2.06237 1 0.750777
1484 2 6.77944 30.3896 3.46937 1 0.186037
1485 2 7.64865 28.0593 1.80084 1 1.12374
1486 2 7.64866 28.0593 4.79642 1 0.103194
1487 2 5.16855 28.0592 3.32939 1 0.314295
1489 2 9.19238 30.3745 2.06237 1 0.750801
1490 2 11.7397 30.3896 3.46937 1 0.186038
1491 2 10.1288 28.0592 3.32939 1 0.31431
1492 2 12.6089 28.0593 4.79641 1 0.103193
1493 2 12.6089 28.0593 1.80084 1 1.12374
1494 2 16.6999 30.3896 3.46937 1 0.186041
1495 2 14.1526 30.3745 2.06237 1 0.750796
1497 2 15.089 28.0592 3.32939 1 0.314311
1499 2 19.1128 30.3745 2.06236 1 0.75077
1500 2 20.0492 28.0592 3.32938 1 0.314302
1501 2 17.5691 28.0593 1.80084 1 1.12375
1502 2 17.5691 28.0593 4.79641 1 0.103196
1503 2 21.6601 30.3896 3.46936 1 0.186034
1504 2 24.073 30.3745 2.06237 1 0.750797
1506 2 22.5293 28.0592 4.79641 1 0.103197
1507 2 22.5293 28.0593 1.80084 1 1.12374
1508 2 25.0094 28.0592 3.32938 1 0.314319
1509 2 26.6203 30.3896 3.46937 1 0.186037
1511 2 29.0333 30.3745 2.06237 1 0.750799
1512 2 29.9696 28.0592 3.32938 1 0.314308
1513 2 27.4895 28.0593 1.80084 1 1.12374
1514 2 27.4895 28.0593 4.79641 1 0.103194
1515 2 33.9935 30.3745 2.06237 1 0.750807
1517 2 31.5805 30.3896 3.46937 1 0.186032
1518 2 32.4497 28.0593 4.79641 1 0.103195
1519 2 32.4497 28.0593 1.80084 1 1.12375
1520 2 3.55765 32.7437 3.46937 1 0.186019
1521 2 1.14468 32.7588 2.06235 1 0.750656
1524 2 6.1049 32.7588 2.06236 1 0.750697
1525 2 8.51787 32.7437 3.46937 1 0.186018
1526 2 11.0651 32.7588 2.06236 1 0.750698
1528 2 13.4781 32.7437 3.46937 1 0.186023
1530 2 16.0253 32.7588 2.06236 1 0.750709
1531 2 20.9855 32.7588 2.06235 1 0.75069
1533 2 18.4383 32.7437 3.46936 1 0.186022
1534 2 23.3985 32.7437 3.46937 1 0.186029
1536 2 25.9458 32.7588 2.06236 1 0.750705
1537 2 28.3587 32.7437 3.46936 1 0.186022
1538 2 33.319 32.7437 3.46936 1 0.186024
1539 2 30.906 32.7588 2.06236 1 0.750683
1231 2 4.32841 2.33172 4.88151 1 0.0434314
1541 2 1.85894 2.33303 6.30023 1 0.0119258
1544 2 2.68846 3.65007e-05 7.70029 1 0.00867442
1545 2 0.208347 3.03719e-05 6.25448 1 0.0294556
1547 2 4.34181 2.33531 7.7246 1 0.00314469
1548 2 6.81915 2.33303 6.30024 1 0.0119253
1549 2 5.16856 3.07919e-05 6.25448 1 0.0294545
1550 2 7.64868 3.67496e-05 7.70029 1 0.00867427
1236 2 9.28863 2.33172 4.88151 1 0.043432
1552 2 11.7794 2.33303 6.30024 1 0.0119258
1553 2 9.30203 2.33531 7.7246 1 0.00314489
1556 2 12.6089 3.62123e-05 7.70029 1 0.0086748
1557 2 10.1288 3.09819e-05 6.25448 1 0.0294553
1244 2 14.2488 2.33172 4.8815 1 0.0434327
1559 2 14.2622 2.33531 7.72459 1 0.00314485
1560 2 16.7396 2.33303 6.30023 1 0.0119257
1561 2 15.089 3.057e-05 6.25448 1 0.0294547
1246 2 19.2091 2.33172 4.8815 1 0.0434314
1563 2 19.2225 2.33531 7.72459 1 0.00314489
1565 2 17.5691 3.57756e-05 7.70029 1 0.00867452
1566 2 20.0492 3.03452e-05 6.25447 1 0.0294562
1567 2 21.6998 2.33303 6.30023 1 0.0119261
1253 2 24.1693 2.33172 4.8815 1 0.0434315
1568 2 24.1827 2.33531 7.72459 1 0.00314478
1569 2 25.0094 3.04628e-05 6.25447 1 0.0294543
1571 2 22.5293 3.6506e-05 7.70029 1 0.00867464
1258 2 29.1295 2.33172 4.8815 1 0.043433
1574 2 29.1429 2.33531 7.72459 1 0.00314483
1576 2 26.66 2.33303 6.30023 1 0.0119252
1577 2 27.4895 3.65951e-05 7.70029 1 0.00867431
1578 2 29.9696 3.14792e-05 6.25447 1 0.029456
1264 2 34.0897 2.33172 4.8815 1 0.0434317
1579 2 31.6202 2.33303 6.30023 1 0.0119257
1580 2 34.1031 2.33531 7.72459 1 0.00314479
1582 2 32.4498 3.64489e-05 7.70029 1 0.00867471
1273 2 1.04848 4.68314 4.88151 1 0.0434291
1584 2 2.68846 7.01484 7.70029 1 0.00867406
1586 2 0.208348 7.01484 6.25448 1 0.0294545
1587 2 1.03511 4.67957 7.72459 1 0.00314433
1588 2 3.51797 4.68184 6.30024 1 0.0119235
1277 2 6.00869 4.68314 4.88151 1 0.0434274
1589 2 5.16856 7.01484 6.25448 1 0.0294539
1590 2 7.64868 7.01484 7.7003 1 0.00867403
1592 2 5.99533 4.67957 7.7246 1 0.0031444
1593 2 8.47819 4.68184 6.30024 1 0.0119235
1284 2 10.9689 4.68314 4.88151 1 0.0434284
1596 2 12.6089 7.01484 7.70029 1 0.0086744
1597 2 10.1288 7.01484 6.25448 1 0.0294543
1598 2 10.9555 4.67957 7.7246 1 0.00314428
1287 2 15.9291 4.68314 4.8815 1 0.0434283
1599 2 15.089 7.01484 6.25448 1 0.029454
1602 2 15.9158 4.67957 7.72459 1 0.00314436
1603 2 13.4384 4.68184 6.30023 1 0.0119237
1293 2 20.8893 4.68314 4.8815 1 0.0434309
1605 2 17.5691 7.01484 7.70029 1 0.00867432
1606 2 20.0492 7.01484 6.25448 1 0.0294556
1607 2 18.3986 4.68184 6.30023 1 0.0119241
1608 2 20.876 4.67957 7.72459 1 0.00314432
1299 2 25.8496 4.68314 4.8815 1 0.0434316
1610 2 25.0094 7.01484 6.25447 1 0.0294537
1611 2 22.5293 7.01484 7.70029 1 0.00867421
1614 2 25.8362 4.67957 7.72459 1 0.0031442
1615 2 23.3588 4.68184 6.30023 1 0.0119236
1617 2 27.4895 7.01484 7.70029 1 0.0086741
1618 2 29.9696 7.01484 6.25448 1 0.029455
1619 2 28.3191 4.68184 6.30023 1 0.0119239
1309 2 30.8098 4.68314 4.8815 1 0.0434295
1621 2 32.4498 7.01484 7.70029 1 0.00867443
1623 2 30.7964 4.67957 7.72459 1 0.00314454
1624 2 33.2793 4.68184 6.30023 1 0.0119238
1312 2 1.04848 11.6979 4.8815 1 0.0434279
1315 2 4.32841 9.34653 4.88151 1 0.0434314
1626 2 1.03511 11.6944 7.72459 1 0.00314443
1627 2 3.51798 11.6966 6.30024 1 0.0119245
1628 2 1.85894 9.34783 6.30024 1 0.0119259
1316 2 6.00869 11.6979 4.88151 1 0.0434276
1630 2 5.99532 11.6944 7.7246 1 0.00314449
1632 2 4.34181 9.35012 7.7246 1 0.00314476
1633 2 6.81915 9.34783 6.30024 1 0.0119258
1634 2 8.47819 11.6966 6.30024 1 0.0119238
1321 2 10.9689 11.6979 4.88151 1 0.0434279
1322 2 9.28863 9.34653 4.88151 1 0.0434319
1636 2 10.9555 11.6944 7.7246 1 0.00314436
1637 2 11.7794 9.34783 6.30024 1 0.011926
1638 2 9.30203 9.35012 7.7246 1 0.00314496
1326 2 15.9291 11.6979 4.8815 1 0.0434286
1330 2 14.2488 9.34653 4.88151 1 0.0434322
1641 2 15.9158 11.6944 7.72459 1 0.0031444
1643 2 13.4384 11.6966 6.30023 1 0.0119238
1644 2 14.2622 9.35012 7.72459 1 0.00314484
1645 2 16.7396 9.34783 6.30023 1 0.0119261
1332 2 20.8893 11.6979 4.8815 1 0.0434314
1334 2 19.2091 9.34653 4.8815 1 0.0434296
1646 2 18.3986 11.6966 6.30023 1 0.0119245
1647 2 20.876 11.6944 7.72459 1 0.00314432
1649 2 19.2225 9.35012 7.72459 1 0.00314494
1650 2 21.6998 9.34783 6.30023 1 0.0119262
1338 2 25.8496 11.6979 4.8815 1 0.0434303
1341 2 24.1693 9.34653 4.8815 1 0.0434296
1652 2 25.8362 11.6944 7.72459 1 0.00314428
1653 2 23.3588 11.6966 6.30023 1 0.0119241
1654 2 24.1827 9.35012 7.72459 1 0.00314475
1344 2 29.1295 9.34653 4.8815 1 0.0434306
1656 2 28.3191 11.6966 6.30023 1 0.0119246
1659 2 29.1429 9.35012 7.72459 1 0.00314494
1660 2 26.66 9.34783 6.30023 1 0.011926
1349 2 30.8098 11.6979 4.8815 1 0.0434295
1350 2 34.0897 9.34653 4.8815 1 0.0434308
1662 2 30.7964 11.6944 7.72459 1 0.00314451
1663 2 33.2793 11.6966 6.30023 1 0.0119242
1664 2 31.6202 9.34783 6.30023 1 0.0119262
1665 2 34.1031 9.35012 7.72459 1 0.0031448
1357 2 4.32841 16.3613 4.8815 1 0.0434314
1667 2 1.85894 16.3626 6.30023 1 0.0119256
1670 2 2.68846 14.0296 7.70029 1 0.00867457
1671 2 0.208346 14.0296 6.25448 1 0.0294558
1673 2 4.34181 16.3649 7.72459 1 0.00314453
1674 2 6.81915 16.3626 6.30024 1 0.0119254
1675 2 5.16856 14.0296 6.25448 1 0.0294553
1676 2 7.64868 14.0296 7.70029 1 0.00867416
1362 2 9.28862 16.3613 4.8815 1 0.0434317
1678 2 11.7794 16.3626 6.30023 1 0.0119254
1679 2 9.30203 16.3649 7.7246 1 0.00314469
1682 2 12.6089 14.0296 7.70029 1 0.00867454
1683 2 10.1288 14.0296 6.25448 1 0.0294546
1370 2 14.2488 16.3613 4.8815 1 0.0434325
1685 2 14.2622 16.3649 7.72459 1 0.00314466
1686 2 16.7396 16.3626 6.30023 1 0.0119257
1687 2 15.089 14.0296 6.25448 1 0.0294553
1372 2 19.2091 16.3613 4.8815 1 0.0434305
1689 2 19.2225 16.3649 7.72459 1 0.00314478
1691 2 17.5691 14.0296 7.70029 1 0.00867455
1692 2 20.0492 14.0296 6.25447 1 0.0294558
1693 2 21.6998 16.3626 6.30023 1 0.0119255
1379 2 24.1693 16.3613 4.8815 1 0.0434322
1694 2 24.1827 16.3649 7.72459 1 0.00314451
1695 2 25.0094 14.0296 6.25447 1 0.0294551
1697 2 22.5293 14.0296 7.70028 1 0.00867447
1384 2 29.1295 16.3613 4.8815 1 0.0434324
1700 2 29.1429 16.3649 7.72459 1 0.00314471
1702 2 26.66 16.3626 6.30023 1 0.0119255
1703 2 27.4895 14.0296 7.70029 1 0.00867451
1704 2 29.9696 14.0296 6.25447 1 0.0294558
1390 2 34.0897 16.3613 4.8815 1 0.0434331
1705 2 31.6202 16.3626 6.30023 1 0.0119254
1706 2 34.1031 16.3649 7.72459 1 0.0031446
1708 2 32.4498 14.0296 7.70029 1 0.00867443
1399 2 1.04848 18.7128 4.8815 1 0.0434294
1710 2 2.68846 21.0445 7.70029 1 0.0086746
1712 2 0.208347 21.0444 6.25447 1 0.0294559
1713 2 1.03511 18.7092 7.72459 1 0.00314427
1714 2 3.51797 18.7115 6.30023 1 0.0119241
1403 2 6.0087 18.7128 4.8815 1 0.0434291
1715 2 5.16856 21.0444 6.25448 1 0.0294558
1716 2 7.64868 21.0445 7.70029 1 0.00867469
1718 2 5.99533 18.7092 7.7246 1 0.00314428
1719 2 8.47819 18.7115 6.30023 1 0.0119236
1410 2 10.9689 18.7128 4.8815 1 0.0434284
1722 2 12.6089 21.0445 7.70029 1 0.00867495
1723 2 10.1288 21.0444 6.25448 1 0.0294547
1724 2 10.9555 18.7092 7.72459 1 0.00314417
1413 2 15.9291 18.7128 4.8815 1 0.0434288
1725 2 15.089 21.0444 6.25447 1 0.0294562
1728 2 15.9158 18.7092 7.72459 1 0.00314426
1729 2 13.4384 18.7115 6.30023 1 0.0119241
1419 2 20.8893 18.7128 4.8815 1 0.0434311
1731 2 17.5691 21.0445 7.70029 1 0.00867479
1732 2 20.0492 21.0444 6.25447 1 0.0294565
1733 2 18.3986 18.7115 6.30023 1 0.0119246
1734 2 20.876 18.7092 7.72459 1 0.0031441
1425 2 25.8496 18.7128 4.8815 1 0.0434309
1736 2 25.0094 21.0444 6.25447 1 0.0294555
1737 2 22.5293 21.0445 7.70028 1 0.00867469
1740 2 25.8362 18.7092 7.72459 1 0.00314414
1741 2 23.3588 18.7115 6.30023 1 0.0119243
1743 2 27.4895 21.0445 7.70028 1 0.0086746
1744 2 29.9696 21.0444 6.25447 1 0.0294564
1745 2 28.3191 18.7115 6.30023 1 0.0119242
1435 2 30.8098 18.7128 4.8815 1 0.0434308
1747 2 32.4498 21.0445 7.70029 1 0.00867497
1749 2 30.7964 18.7092 7.72459 1 0.00314437
1750 2 33.2793 18.7115 6.30023 1 0.011924
1438 2 1.04848 25.7276 4.8815 1 0.0434285
1441 2 4.32841 23.3761 4.88151 1 0.0434316
1752 2 1.03511 25.724 7.72459 1 0.00314446
1753 2 3.51797 25.7263 6.30023 1 0.0119244
1754 2 1.85894 23.3774 6.30023 1 0.0119258
1442 2 6.00869 25.7276 4.8815 1 0.0434284
1756 2 5.99533 25.724 7.72459 1 0.00314453
1758 2 4.34181 23.3797 7.72459 1 0.00314472
1759 2 6.81915 23.3774 6.30023 1 0.011926
1760 2 8.47819 25.7263 6.30023 1 0.011924
1447 2 10.9689 25.7276 4.8815 1 0.0434289
1448 2 9.28863 23.3761 4.8815 1 0.0434324
1762 2 10.9555 25.724 7.72459 1 0.00314445
1763 2 11.7794 23.3774 6.30023 1 0.0119259
1764 2 9.30203 23.3797 7.72459 1 0.00314495
1452 2 15.9291 25.7276 4.8815 1 0.0434292
1456 2 14.2488 23.3761 4.8815 1 0.0434326
1767 2 15.9158 25.724 7.72459 1 0.00314439
1769 2 13.4384 25.7263 6.30023 1 0.011924
1770 2 14.2622 23.3797 7.72459 1 0.003145
1771 2 16.7396 23.3774 6.30023 1 0.0119261
1458 2 20.8893 25.7276 4.8815 1 0.0434316
1460 2 19.2091 23.3761 4.8815 1 0.0434307
1772 2 18.3986 25.7263 6.30023 1 0.0119246
1773 2 20.876 25.724 7.72459 1 0.00314437
1775 2 19.2225 23.3797 7.72459 1 0.00314496
1776 2 21.6998 23.3774 6.30023 1 0.0119264
1464 2 25.8496 25.7276 4.8815 1 0.0434314
1467 2 24.1693 23.3761 4.8815 1 0.0434315
1778 2 25.8362 25.724 7.72459 1 0.00314431
1779 2 23.3588 25.7263 6.30023 1 0.011924
1780 2 24.1827 23.3797 7.72459 1 0.00314478
1470 2 29.1295 23.3761 4.8815 1 0.0434322
1782 2 28.3191 25.7263 6.30023 1 0.0119243
1785 2 29.1429 23.3797 7.72459 1 0.00314492
1786 2 26.66 23.3774 6.30023 1 0.0119258
1475 2 30.8098 25.7276 4.8815 1 0.0434294
1476 2 34.0897 23.3761 4.8815 1 0.0434321
1788 2 30.7964 25.724 7.72459 1 0.00314466
1789 2 33.2793 25.7263 6.30023 1 0.0119244
1790 2 31.6202 23.3774 6.30023 1 0.011926
1791 2 34.1031 23.3797 7.72459 1 0.00314487
1483 2 4.32841 30.3909 4.8815 1 0.0434306
1793 2 1.85894 30.3922 6.30023 1 0.011926
1796 2 2.68846 28.0593 7.70029 1 0.00867459
1797 2 0.208347 28.0593 6.25448 1 0.0294549
1799 2 4.34181 30.3945 7.72459 1 0.00314457
1800 2 6.81915 30.3922 6.30024 1 0.0119257
1801 2 5.16856 28.0593 6.25448 1 0.0294545
1802 2 7.64868 28.0593 7.70029 1 0.00867463
1488 2 9.28863 30.3909 4.88151 1 0.0434315
1804 2 11.7794 30.3922 6.30023 1 0.011926
1805 2 9.30203 30.3945 7.72459 1 0.00314476
1808 2 12.6089 28.0593 7.70029 1 0.00867484
1809 2 10.1288 28.0593 6.25448 1 0.0294543
1496 2 14.2488 30.3909 4.8815 1 0.0434318
1811 2 14.2622 30.3945 7.72459 1 0.00314473
1812 2 16.7396 30.3922 6.30023 1 0.0119259
1813 2 15.089 28.0593 6.25448 1 0.0294548
1498 2 19.2091 30.3909 4.8815 1 0.0434299
1815 2 19.2225 30.3945 7.72459 1 0.00314479
1817 2 17.5691 28.0593 7.70029 1 0.00867473
1818 2 20.0492 28.0593 6.25447 1 0.029456
1819 2 21.6998 30.3922 6.30023 1 0.0119262
1505 2 24.1693 30.3909 4.8815 1 0.0434303
1820 2 24.1827 30.3945 7.72459 1 0.00314463
1821 2 25.0094 28.0593 6.25447 1 0.029454
1823 2 22.5293 28.0593 7.70028 1 0.00867475
1510 2 29.1295 30.3909 4.8815 1 0.043432
1826 2 29.1429 30.3945 7.72459 1 0.00314467
1828 2 26.66 30.3922 6.30023 1 0.0119256
1829 2 27.4895 28.0593 7.70028 1 0.00867435
1830 2 29.9696 28.0593 6.25447 1 0.0294553
1516 2 34.0897 30.3909 4.8815 1 0.0434315
1831 2 31.6202 30.3922 6.30023 1 0.0119261
1832 2 34.1031 30.3945 7.72459 1 0.0031446
1834 2 32.4498 28.0593 7.70029 1 0.00867483
1522 2 1.04848 32.7424 4.8815 1 0.0434285
1836 2 1.03511 32.7388 7.72459 1 0.00314443
1837 2 3.51797 32.7411 6.30023 1 0.011924
1523 2 6.00869 32.7424 4.88151 1 0.0434283
1838 2 5.99532 32.7388 7.7246 1 0.00314451
1839 2 8.47819 32.7411 6.30024 1 0.0119239
1527 2 10.9689 32.7424 4.8815 1 0.0434292
1841 2 10.9555 32.7388 7.72459 1 0.00314447
1529 2 15.9291 32.7424 4.8815 1 0.0434295
1843 2 15.9158 32.7388 7.72459 1 0.00314439
1844 2 13.4384 32.7411 6.30023 1 0.0119238
1532 2 20.8893 32.7424 4.8815 1 0.0434309
1845 2 18.3986 32.7411 6.30023 1 0.0119247
1846 2 20.876 32.7388 7.72459 1 0.00314442
1535 2 25.8496 32.7424 4.8815 1 0.0434309
1849 2 25.8362 32.7388 7.72459 1 0.00314428
1850 2 23.3588 32.7411 6.30023 1 0.0119239
1851 2 28.3191 32.7411 6.30023 1 0.0119245
1540 2 30.8098 32.7424 4.8815 1 0.0434289
1854 2 30.7964 32.7388 7.72459 1 0.00314464
1855 2 33.2793 32.7411 6.30023 1 0.0119244
1542 2 1.86217 2.33667 9.15243 1 0.000837667
1543 2 0.208356 4.00646e-05 9.14054 1 0.00221209
1857 2 2.68846 4.41419e-05 10.5763 1 0.00057485
2214 2 0.20836 4.55327e-05 12.0102 1 0.000134548
2215 2 1.86194 2.33789 12.0131 1 5.20761e-05
1546 2 6.82239 2.33667 9.15243 1 0.000837604
1551 2 5.16857 3.97822e-05 9.14054 1 0.00221205
1861 2 4.34217 2.33749 10.5823 1 0.000207058
1865 2 7.64868 4.39748e-05 10.5763 1 0.000574722
12071 2 5.16857 4.54925e-05 12.0102 1 0.00013455
12078 2 6.82216 2.33789 12.0131 1 5.2065e-05
1554 2 11.7826 2.33667 9.15243 1 0.000837735
1555 2 10.1288 4.10248e-05 9.14054 1 0.00221214
1867 2 9.30238 2.33749 10.5823 1 0.000207065
1868 2 12.6089 4.40986e-05 10.5763 1 0.000574799
11255 2 10.1288 4.53203e-05 12.0102 1 0.000134548
11256 2 11.7824 2.33789 12.0131 1 5.20712e-05
1558 2 16.7428 2.33667 9.15242 1 0.000837722
1562 2 15.089 4.04789e-05 9.14054 1 0.0022122
1873 2 14.2626 2.33749 10.5823 1 0.000207081
9953 2 15.089 4.49349e-05 12.0102 1 0.000134551
9960 2 16.7426 2.33789 12.0131 1 5.20684e-05
1564 2 20.0492 4.05208e-05 9.14053 1 0.00221206
1876 2 19.2228 2.33749 10.5823 1 0.000207086
1879 2 17.5691 4.38407e-05 10.5763 1 0.000574764
8965 2 20.0492 4.47986e-05 12.0102 1 0.000134559
1570 2 21.703 2.33667 9.15242 1 0.000837695
1572 2 25.0094 4.03118e-05 9.14053 1 0.00221215
1883 2 24.183 2.33749 10.5823 1 0.00020705
1885 2 22.5293 4.35711e-05 10.5763 1 0.000574825
8303 2 25.0094 4.51914e-05 12.0102 1 0.000134557
8966 2 21.7028 2.33789 12.0131 1 5.20878e-05
1573 2 26.6633 2.33667 9.15242 1 0.000837644
1575 2 29.9697 4.03229e-05 9.14053 1 0.00221213
1887 2 29.1433 2.33749 10.5823 1 0.000207069
1891 2 27.4895 4.40475e-05 10.5763 1 0.000574846
7975 2 29.9697 4.56552e-05 12.0102 1 0.000134574
8310 2 26.663 2.33789 12.0131 1 5.20837e-05
1581 2 31.6235 2.33667 9.15242 1 0.000837713
1895 2 34.1035 2.33749 10.5823 1 0.000207039
1896 2 32.4498 4.37685e-05 10.5763 1 0.000574798
7976 2 31.6232 2.33789 12.0131 1 5.20885e-05
1583 2 0.208356 7.01485 9.14054 1 0.00221199
1585 2 3.51475 4.67822 9.15243 1 0.000837617
1898 2 2.68846 7.01485 10.5763 1 0.000574834
1902 2 1.03476 4.6774 10.5823 1 0.000207139
2314 2 3.51499 4.67701 12.0131 1 5.20799e-05
11331 2 0.208359 7.01485 12.0102 1 0.000134539
1591 2 5.16857 7.01485 9.14054 1 0.00221192
1594 2 8.47497 4.67822 9.15243 1 0.000837604
1906 2 7.64868 7.01485 10.5763 1 0.000574748
1907 2 5.99497 4.6774 10.5823 1 0.000207093
2318 2 5.16857 7.01485 12.0103 1 0.000134529
12079 2 8.47521 4.67701 12.0131 1 5.20771e-05
1595 2 10.1288 7.01485 9.14054 1 0.00221204
1910 2 12.6089 7.01485 10.5763 1 0.000574759
1914 2 10.9552 4.6774 10.5823 1 0.000207114
12094 2 10.1288 7.01485 12.0102 1 0.00013454
1600 2 15.089 7.01485 9.14054 1 0.00221204
1601 2 13.4352 4.67822 9.15243 1 0.000837632
1916 2 15.9154 4.6774 10.5823 1 0.000207123
11267 2 13.4354 4.67701 12.0131 1 5.20833e-05
11268 2 15.089 7.01485 12.0102 1 0.000134524
1604 2 20.0492 7.01485 9.14054 1 0.0022119
1609 2 18.3954 4.67822 9.15242 1 0.000837535
1920 2 17.5691 7.01485 10.5763 1 0.00057476
1924 2 20.8756 4.6774 10.5823 1 0.000207091
9961 2 18.3956 4.67701 12.0131 1 5.20783e-05
9976 2 20.0492 7.01485 12.0102 1 0.000134536
1612 2 25.0094 7.01485 9.14053 1 0.00221201
1613 2 23.3556 4.67822 9.15242 1 0.000837608
1926 2 22.5293 7.01485 10.5763 1 0.000574802
1927 2 25.8358 4.6774 10.5823 1 0.000207103
8977 2 23.3559 4.67701 12.0131 1 5.20713e-05
8978 2 25.0094 7.01485 12.0102 1 0.000134529
1616 2 29.9697 7.01485 9.14054 1 0.00221198
1620 2 28.3158 4.67822 9.15242 1 0.000837536
1932 2 27.4895 7.01485 10.5763 1 0.00057477
8311 2 28.3161 4.67701 12.0131 1 5.20671e-05
8326 2 29.9697 7.01485 12.0102 1 0.000134551
1622 2 33.2761 4.67822 9.15242 1 0.000837591
1935 2 32.4498 7.01485 10.5763 1 0.000574813
1938 2 30.7961 4.6774 10.5823 1 0.000207098
7986 2 33.2763 4.67701 12.0131 1 5.20725e-05
1625 2 3.51475 11.693 9.15243 1 0.000837612
1629 2 1.86217 9.35147 9.15243 1 0.000837689
1941 2 1.03476 11.6922 10.5823 1 0.000207136
11273 2 3.51499 11.6918 12.0131 1 5.20604e-05
11330 2 1.86194 9.35269 12.0131 1 5.20589e-05
1631 2 6.82239 9.35147 9.15243 1 0.00083761
1635 2 8.47497 11.693 9.15243 1 0.000837605
1944 2 5.99497 11.6922 10.5823 1 0.000207109
1947 2 4.34217 9.3523 10.5823 1 0.000207022
2905 2 6.82216 9.35269 12.0131 1 5.20482e-05
3209 2 8.47521 11.6918 12.0131 1 5.20495e-05
1639 2 11.7826 9.35147 9.15243 1 0.000837711
1951 2 10.9552 11.6922 10.5823 1 0.000207086
1953 2 9.30238 9.3523 10.5823 1 0.000207032
12095 2 11.7824 9.35269 12.0131 1 5.20441e-05
1640 2 13.4352 11.693 9.15243 1 0.000837573
1642 2 16.7428 9.35147 9.15242 1 0.000837731
1955 2 15.9154 11.6922 10.5823 1 0.00020708
1959 2 14.2626 9.3523 10.5823 1 0.000207022
11301 2 16.7426 9.35269 12.0131 1 5.20458e-05
12799 2 13.4354 11.6918 12.0131 1 5.20531e-05
1648 2 18.3954 11.693 9.15242 1 0.000837456
1963 2 20.8756 11.6922 10.5823 1 0.000207084
1964 2 19.2228 9.3523 10.5823 1 0.000207031
11302 2 18.3956 11.6918 12.0131 1 5.20436e-05
1651 2 23.3556 11.693 9.15242 1 0.000837588
1655 2 21.703 9.35147 9.15242 1 0.000837699
1966 2 25.8358 11.6922 10.5823 1 0.000207084
1971 2 24.183 9.3523 10.5823 1 0.000207029
9977 2 21.7028 9.35269 12.0131 1 5.2066e-05
10000 2 23.3559 11.6918 12.0131 1 5.20513e-05
1657 2 28.3158 11.693 9.15242 1 0.000837518
1658 2 26.6633 9.35147 9.15242 1 0.000837651
1973 2 29.1433 9.3523 10.5823 1 0.000207016
8997 2 26.663 9.35269 12.0131 1 5.20601e-05
8998 2 28.3161 11.6918 12.0131 1 5.20471e-05
1661 2 33.2761 11.693 9.15242 1 0.000837536
1666 2 31.6235 9.35147 9.15242 1 0.000837691
1977 2 30.7961 11.6922 10.5823 1 0.000207079
1981 2 34.1035 9.3523 10.5823 1 0.000207009
8327 2 31.6232 9.35269 12.0131 1 5.20692e-05
8349 2 33.2763 11.6918 12.0131 1 5.20472e-05
1668 2 1.86217 16.3663 9.15242 1 0.000837582
1669 2 0.208355 14.0297 9.14054 1 0.00221215
1983 2 2.68846 14.0297 10.5763 1 0.000574828
9886 2 1.86194 16.3675 12.0131 1 5.20495e-05
9887 2 0.208359 14.0297 12.0102 1 0.00013456
1672 2 6.82239 16.3663 9.15243 1 0.000837483
1677 2 5.16857 14.0297 9.14054 1 0.00221203
1987 2 4.34217 16.3671 10.5823 1 0.000207028
1991 2 7.64868 14.0297 10.5763 1 0.000574741
11215 2 6.82216 16.3675 12.0131 1 5.20467e-05
11272 2 5.16857 14.0297 12.0102 1 0.000134566
1680 2 11.7826 16.3663 9.15243 1 0.000837643
1681 2 10.1288 14.0297 9.14054 1 0.0022121
1993 2 9.30238 16.3671 10.5823 1 0.000207032
1994 2 12.6089 14.0297 10.5763 1 0.000574763
9329 2 10.1288 14.0297 12.0102 1 0.000134556
9330 2 11.7824 16.3675 12.0131 1 5.20482e-05
1684 2 16.7428 16.3663 9.15242 1 0.000837598
1688 2 15.089 14.0297 9.14054 1 0.00221214
1999 2 14.2626 16.3671 10.5823 1 0.000207048
12800 2 15.089 14.0297 12.0102 1 0.000134546
12875 2 16.7426 16.3675 12.0131 1 5.20458e-05
1690 2 20.0492 14.0297 9.14053 1 0.00221206
2002 2 19.2228 16.3671 10.5823 1 0.000207033
2005 2 17.5691 14.0297 10.5763 1 0.000574735
11329 2 20.0492 14.0297 12.0102 1 0.000134569
1696 2 21.703 16.3663 9.15242 1 0.000837618
1698 2 25.0094 14.0297 9.14053 1 0.00221206
2009 2 24.183 16.3671 10.5823 1 0.000207027
2011 2 22.5293 14.0297 10.5763 1 0.000574875
10001 2 25.0094 14.0297 12.0102 1 0.000134567
11333 2 21.7028 16.3675 12.0131 1 5.2069e-05
1699 2 26.6633 16.3663 9.15242 1 0.000837524
1701 2 29.9697 14.0297 9.14053 1 0.00221212
2013 2 29.1433 16.3671 10.5823 1 0.000207028
2017 2 27.4895 14.0297 10.5763 1 0.000574795
9025 2 29.9697 14.0297 12.0102 1 0.000134586
10032 2 26.663 16.3675 12.0131 1 5.20572e-05
1707 2 31.6235 16.3663 9.15242 1 0.000837605
2021 2 34.1035 16.3671 10.5823 1 0.000207024
2022 2 32.4498 14.0297 10.5763 1 0.000574847
9026 2 31.6232 16.3675 12.0131 1 5.20716e-05
1709 2 0.208356 21.0445 9.14054 1 0.00221221
1711 2 3.51475 18.7078 9.15243 1 0.000837527
2024 2 2.68846 21.0445 10.5763 1 0.000574878
2028 2 1.03476 18.707 10.5823 1 0.000207048
8845 2 0.208359 21.0445 12.0102 1 0.00013457
9841 2 3.51499 18.7066 12.0131 1 5.20507e-05
1717 2 5.16857 21.0445 9.14054 1 0.00221208
1720 2 8.47497 18.7078 9.15243 1 0.000837554
2032 2 7.64868 21.0445 10.5763 1 0.000574798
2033 2 5.99498 18.707 10.5823 1 0.000207017
9840 2 5.16857 21.0445 12.0102 1 0.000134568
11214 2 8.47521 18.7066 12.0131 1 5.20447e-05
1721 2 10.1288 21.0445 9.14054 1 0.00221229
2036 2 12.6089 21.0445 10.5763 1 0.000574799
2040 2 10.9552 18.707 10.5823 1 0.000207011
11157 2 10.1288 21.0445 12.0102 1 0.000134567
1726 2 15.089 21.0445 9.14054 1 0.00221228
1727 2 13.4352 18.7078 9.15242 1 0.000837551
2042 2 15.9154 18.707 10.5823 1 0.000207035
12879 2 15.089 21.0445 12.0102 1 0.000134572
12880 2 13.4354 18.7066 12.0131 1 5.20575e-05
55 2 20.0492 21.0445 12.0102 1 0.000134575
1730 2 20.0492 21.0445 9.14053 1 0.00221217
1735 2 18.3954 18.7078 9.15242 1 0.000837431
2046 2 17.5691 21.0445 10.5763 1 0.000574777
2050 2 20.8756 18.707 10.5823 1 0.000207017
12876 2 18.3956 18.7066 12.0131 1 5.20412e-05
1738 2 25.0094 21.0445 9.14053 1 0.00221219
1739 2 23.3556 18.7078 9.15242 1 0.000837534
2052 2 22.5293 21.0445 10.5763 1 0.000574864
2053 2 25.8358 18.707 10.5823 1 0.000207019
11371 2 23.3559 18.7066 12.0131 1 5.20475e-05
11372 2 25.0094 21.0445 12.0102 1 0.000134577
1742 2 29.9697 21.0445 9.14053 1 0.00221221
1746 2 28.3158 18.7078 9.15242 1 0.000837487
2058 2 27.4895 21.0445 10.5763 1 0.000574817
10033 2 28.3161 18.7066 12.0131 1 5.20462e-05
10072 2 29.9697 21.0445 12.0102 1 0.000134595
1748 2 33.2761 18.7078 9.15242 1 0.000837516
2061 2 32.4498 21.0445 10.5763 1 0.000574867
2064 2 30.7961 18.707 10.5823 1 0.000207034
9060 2 33.2763 18.7066 12.0131 1 5.20414e-05
1751 2 3.51475 25.7226 9.15243 1 0.000837759
1755 2 1.86217 23.3811 9.15242 1 0.000837712
2067 2 1.03476 25.7218 10.5823 1 0.000207137
8811 2 3.51499 25.7214 12.0131 1 5.20855e-05
8844 2 1.86194 23.3823 12.0131 1 5.20686e-05
1757 2 6.82239 23.3811 9.15242 1 0.00083761
1761 2 8.47497 25.7226 9.15243 1 0.000837759
2070 2 5.99497 25.7218 10.5823 1 0.000207098
2073 2 4.34217 23.3819 10.5823 1 0.000207093
9794 2 8.47521 25.7214 12.0131 1 5.20728e-05
9795 2 6.82216 23.3823 12.0131 1 5.20559e-05
1765 2 11.7826 23.3811 9.15242 1 0.000837784
2077 2 10.9552 25.7218 10.5823 1 0.000207094
2079 2 9.30238 23.3819 10.5823 1 0.000207107
11156 2 11.7824 23.3823 12.0131 1 5.20548e-05
1766 2 13.4352 25.7226 9.15242 1 0.00083774
1768 2 16.7428 23.3811 9.15242 1 0.000837729
2081 2 15.9154 25.7218 10.5823 1 0.000207087
2085 2 14.2626 23.3819 10.5823 1 0.000207103
11099 2 13.4354 25.7214 12.0131 1 5.20784e-05
12812 2 16.7426 23.3823 12.0131 1 5.20518e-05
1774 2 18.3954 25.7226 9.15242 1 0.000837589
2089 2 20.8756 25.7218 10.5823 1 0.000207079
2090 2 19.2228 23.3819 10.5823 1 0.000207109
12811 2 18.3956 25.7214 12.0131 1 5.20756e-05
54 2 21.7028 23.3823 12.0131 1 5.20711e-05
1777 2 23.3556 25.7226 9.15242 1 0.000837719
1781 2 21.703 23.3811 9.15242 1 0.00083777
2092 2 25.8358 25.7218 10.5823 1 0.000207099
2097 2 24.183 23.3819 10.5823 1 0.000207102
2619 2 23.3559 25.7214 12.0131 1 5.20723e-05
1783 2 28.3158 25.7226 9.15242 1 0.000837655
1784 2 26.6633 23.3811 9.15242 1 0.000837663
2099 2 29.1433 23.3819 10.5823 1 0.000207078
11415 2 26.663 23.3823 12.0131 1 5.20642e-05
11416 2 28.3161 25.7214 12.0131 1 5.20714e-05
1787 2 33.2761 25.7226 9.15242 1 0.000837722
1792 2 31.6235 23.3811 9.15242 1 0.000837695
2103 2 30.7961 25.7218 10.5823 1 0.000207102
2107 2 34.1035 23.3819 10.5823 1 0.000207081
10073 2 31.6232 23.3823 12.0131 1 5.20787e-05
10119 2 33.2763 25.7214 12.0131 1 5.2071e-05
1794 2 1.86217 30.3959 9.15242 1 0.000837722
1795 2 0.208356 28.0593 9.14054 1 0.00221218
2109 2 2.68846 28.0593 10.5763 1 0.000574875
8204 2 1.86194 30.3971 12.0131 1 5.20769e-05
8205 2 0.20836 28.0593 12.0102 1 0.000134556
1798 2 6.82239 30.3959 9.15243 1 0.000837669
1803 2 5.16857 28.0593 9.14054 1 0.00221207
2113 2 4.34217 30.3967 10.5823 1 0.000207072
2117 2 7.64868 28.0593 10.5763 1 0.000574802
8777 2 6.82216 30.3971 12.0131 1 5.20638e-05
8810 2 5.16857 28.0593 12.0102 1 0.000134549
1806 2 11.7826 30.3959 9.15242 1 0.000837786
1807 2 10.1288 28.0593 9.14054 1 0.00221222
2119 2 9.30238 30.3967 10.5823 1 0.000207078
2120 2 12.6089 28.0593 10.5763 1 0.000574801
9748 2 11.7824 30.3971 12.0131 1 5.20709e-05
9749 2 10.1288 28.0593 12.0102 1 0.000134551
1810 2 16.7428 30.3959 9.15242 1 0.000837804
1814 2 15.089 28.0593 9.14054 1 0.00221221
2125 2 14.2626 30.3967 10.5823 1 0.000207089
11041 2 16.7426 30.3971 12.0131 1 5.20743e-05
11098 2 15.089 28.0593 12.0102 1 0.000134539
1816 2 20.0492 28.0593 9.14053 1 0.00221209
2128 2 19.2228 30.3967 10.5823 1 0.000207114
2131 2 17.5691 28.0593 10.5763 1 0.000574817
12744 2 20.0492 28.0593 12.0102 1 0.00013457
1822 2 21.703 30.3959 9.15242 1 0.000837791
1824 2 25.0094 28.0593 9.14053 1 0.00221219
2135 2 24.183 30.3967 10.5823 1 0.000207094
2137 2 22.5293 28.0593 10.5763 1 0.000574873
2615 2 25.0094 28.0593 12.0102 1 0.000134557
12743 2 21.7028 30.3971 12.0131 1 5.20983e-05
1825 2 26.6633 30.3959 9.15242 1 0.000837693
1827 2 29.9697 28.0593 9.14053 1 0.00221212
2139 2 29.1433 30.3967 10.5823 1 0.000207078
2143 2 27.4895 28.0593 10.5763 1 0.000574826
2251 2 26.663 30.3971 12.0131 1 5.20844e-05
11467 2 29.9697 28.0593 12.0102 1 0.000134575
1833 2 31.6235 30.3959 9.15242 1 0.000837754
2147 2 34.1035 30.3967 10.5823 1 0.00020706
2148 2 32.4498 28.0593 10.5763 1 0.000574875
11468 2 31.6232 30.3971 12.0131 1 5.20924e-05
1835 2 3.51475 32.7374 9.15243 1 0.000837701
2151 2 1.03476 32.7366 10.5823 1 0.000207158
8183 2 3.51499 32.7362 12.0131 1 5.20879e-05
1840 2 8.47497 32.7374 9.15243 1 0.000837671
2153 2 5.99497 32.7366 10.5823 1 0.000207109
8776 2 8.47521 32.7362 12.0131 1 5.20756e-05
2157 2 10.9552 32.7366 10.5823 1 0.000207114
1842 2 13.4352 32.7374 9.15242 1 0.000837667
2158 2 15.9154 32.7366 10.5823 1 0.000207118
9703 2 13.4354 32.7362 12.0131 1 5.20863e-05
1847 2 18.3954 32.7374 9.15242 1 0.000837526
2163 2 20.8756 32.7366 10.5823 1 0.000207097
11040 2 18.3956 32.7362 12.0131 1 5.20726e-05
1848 2 23.3556 32.7374 9.15242 1 0.000837658
2164 2 25.8358 32.7366 10.5823 1 0.000207105
12676 2 23.3559 32.7362 12.0131 1 5.20747e-05
1852 2 28.3158 32.7374 9.15242 1 0.000837615
2250 2 28.3161 32.7362 12.0131 1 5.20822e-05
1853 2 33.2761 32.7374 9.15242 1 0.000837641
2169 2 30.7961 32.7366 10.5823 1 0.000207116
11526 2 33.2763 32.7362 12.0131 1 5.2076e-05
2211 2 0.208375 4.91014e-05 14.8754 1 7.32928e-06
2213 2 2.68847 4.83114e-05 13.4431 1 3.24119e-05
2272 2 2.6885 5.07e-05 16.3075 1 1.61491e-06
2285 2 1.86182 2.33822 14.8761 1 2.80608e-06
2277 2 4.34197 2.33811 13.4445 1 1.22297e-05
2281 2 4.34191 2.33827 16.3078 1 6.55474e-07
12073 2 7.64869 4.67972e-05 13.4431 1 3.24162e-05
12074 2 7.64871 4.96096e-05 16.3075 1 1.61694e-06
12075 2 5.16859 4.85757e-05 14.8754 1 7.33229e-06
12076 2 6.82204 2.33822 14.8761 1 2.80578e-06
11253 2 10.1288 4.78954e-05 14.8754 1 7.3303e-06
11254 2 12.6089 4.68585e-05 13.4431 1 3.24097e-05
11258 2 12.6089 4.93512e-05 16.3075 1 1.61534e-06
11264 2 11.7822 2.33822 14.8761 1 2.80439e-06
12077 2 9.30219 2.33811 13.4445 1 1.22278e-05
12085 2 9.30213 2.33826 16.3078 1 6.54891e-07
9957 2 15.089 4.76794e-05 14.8754 1 7.33028e-06
9958 2 16.7425 2.33822 14.8761 1 2.80532e-06
11262 2 14.2624 2.33811 13.4445 1 1.22269e-05
11263 2 14.2623 2.33826 16.3078 1 6.54051e-07
8963 2 20.0492 4.73637e-05 14.8754 1 7.32936e-06
9955 2 17.5691 4.62297e-05 13.4431 1 3.2413e-05
9956 2 17.5691 4.93272e-05 16.3075 1 1.61643e-06
9959 2 19.2226 2.33811 13.4445 1 1.2229e-05
9967 2 19.2226 2.33826 16.3078 1 6.54527e-07
8307 2 25.0095 4.87018e-05 14.8754 1 7.3347e-06
8964 2 22.5293 4.71848e-05 13.4431 1 3.24274e-05
8968 2 22.5294 4.98467e-05 16.3075 1 1.61612e-06
8972 2 24.1828 2.33811 13.4445 1 1.22293e-05
8973 2 24.1828 2.33827 16.3078 1 6.53232e-07
8974 2 21.7027 2.33822 14.8761 1 2.80549e-06
7973 2 29.9697 4.87343e-05 14.8754 1 7.32748e-06
8305 2 27.4896 4.76004e-05 13.4431 1 3.24152e-05
8306 2 27.4896 5.05602e-05 16.3075 1 1.61591e-06
8308 2 26.6629 2.33822 14.8761 1 2.80728e-06
8309 2 29.1431 2.33811 13.4445 1 1.22289e-05
8317 2 29.143 2.33827 16.3078 1 6.52462e-07
7974 2 32.4498 4.83533e-05 13.4431 1 3.24124e-05
7978 2 32.4498 5.04511e-05 16.3075 1 1.61432e-06
7982 2 34.1033 2.33811 13.4445 1 1.22219e-05
7983 2 34.1032 2.33827 16.3078 1 6.52799e-07
7984 2 31.6231 2.33822 14.8761 1 2.80613e-06
2286 2 3.51514 4.67668 14.8761 1 2.80422e-06
11283 2 2.6885 7.01486 16.3075 1 1.61557e-06
11332 2 2.68847 7.01485 13.4431 1 3.24124e-05
11334 2 0.208375 7.01485 14.8754 1 7.32941e-06
11335 2 1.03508 4.67664 16.3078 1 6.53897e-07
11336 2 1.03497 4.67679 13.4445 1 1.2231e-05
2310 2 5.99519 4.67679 13.4445 1 1.22355e-05
2892 2 5.99529 4.67664 16.3078 1 6.5567e-07
2899 2 7.64869 7.01485 13.4431 1 3.24169e-05
2900 2 7.64871 7.01485 16.3075 1 1.61675e-06
2901 2 5.16859 7.01485 14.8754 1 7.33166e-06
12091 2 8.47536 4.67668 14.8761 1 2.80567e-06
12089 2 10.9554 4.67679 13.4445 1 1.22329e-05
12090 2 10.9555 4.67664 16.3078 1 6.53963e-07
12092 2 10.1288 7.01485 14.8754 1 7.33101e-06
12093 2 12.6089 7.01485 13.4431 1 3.24151e-05
12738 2 12.6089 7.01485 16.3075 1 1.61586e-06
11265 2 13.4356 4.67668 14.8761 1 2.80823e-06
11266 2 15.9156 4.67679 13.4445 1 1.22314e-05
11292 2 15.9157 4.67664 16.3078 1 6.53828e-07
11298 2 15.089 7.01485 14.8754 1 7.32833e-06
9971 2 20.8758 4.67679 13.4445 1 1.22326e-05
9972 2 20.8759 4.67664 16.3078 1 6.54433e-07
9973 2 18.3958 4.67668 14.8761 1 2.80523e-06
9974 2 20.0492 7.01485 14.8754 1 7.3268e-06
11296 2 17.5691 7.01485 13.4431 1 3.24074e-05
11297 2 17.5691 7.01485 16.3075 1 1.61548e-06
8975 2 23.356 4.67668 14.8761 1 2.80519e-06
8976 2 25.8361 4.67679 13.4445 1 1.22255e-05
8988 2 25.8362 4.67664 16.3078 1 6.54982e-07
8994 2 25.0095 7.01485 14.8754 1 7.3312e-06
9975 2 22.5293 7.01485 13.4431 1 3.24216e-05
9991 2 22.5294 7.01485 16.3075 1 1.61536e-06
8323 2 28.3162 4.67668 14.8761 1 2.80111e-06
8324 2 29.9697 7.01485 14.8754 1 7.32873e-06
8992 2 27.4896 7.01485 13.4431 1 3.24112e-05
8993 2 27.4896 7.01486 16.3075 1 1.61583e-06
7985 2 33.2764 4.67668 14.8761 1 2.80381e-06
8321 2 30.7963 4.67679 13.4445 1 1.22348e-05
8322 2 30.7964 4.67664 16.3078 1 6.545e-07
8325 2 32.4498 7.01485 13.4431 1 3.24201e-05
8341 2 32.4498 7.01485 16.3075 1 1.61481e-06
9891 2 1.03508 11.6914 16.3078 1 6.46678e-07
9892 2 1.03497 11.6916 13.4445 1 1.22147e-05
11276 2 3.51514 11.6915 14.8761 1 2.79127e-06
11277 2 1.86182 9.35303 14.8761 1 2.79932e-06
2902 2 6.82204 9.35303 14.8761 1 2.79809e-06
9293 2 8.47536 11.6915 14.8761 1 2.79229e-06
11225 2 5.99529 11.6914 16.3078 1 6.47853e-07
11274 2 5.99519 11.6916 13.4445 1 1.22201e-05
11278 2 4.34191 9.35307 16.3078 1 6.51203e-07
11279 2 4.34197 9.35292 13.4445 1 1.22127e-05
2904 2 9.30218 9.35292 13.4445 1 1.22105e-05
8928 2 9.30213 9.35307 16.3078 1 6.49795e-07
8960 2 10.9554 11.6916 13.4445 1 1.22117e-05
8961 2 10.9555 11.6914 16.3078 1 6.46388e-07
12796 2 11.7822 9.35303 14.8761 1 2.79702e-06
11299 2 16.7425 9.35303 14.8761 1 2.79367e-06
12742 2 14.2624 9.35292 13.4445 1 1.22044e-05
12746 2 14.2623 9.35307 16.3078 1 6.48591e-07
12797 2 13.4356 11.6915 14.8761 1 2.79212e-06
12798 2 15.9156 11.6916 13.4445 1 1.22063e-05
12866 2 15.9157 11.6914 16.3078 1 6.45906e-07
11300 2 19.2226 9.35292 13.4445 1 1.221e-05
11320 2 19.2226 9.35307 16.3078 1 6.48627e-07
11324 2 20.8758 11.6916 13.4445 1 1.22105e-05
11325 2 20.8759 11.6914 16.3078 1 6.47005e-07
11326 2 18.3958 11.6915 14.8761 1 2.79141e-06
9995 2 24.1828 9.35292 13.4445 1 1.22134e-05
9996 2 24.1828 9.35307 16.3078 1 6.48253e-07
9997 2 21.7027 9.35303 14.8761 1 2.79724e-06
9998 2 23.356 11.6915 14.8761 1 2.79303e-06
9999 2 25.8361 11.6916 13.4445 1 1.22121e-05
10023 2 25.8362 11.6914 16.3078 1 6.48554e-07
8995 2 26.6629 9.35303 14.8761 1 2.79992e-06
8996 2 29.1431 9.35292 13.4445 1 1.22135e-05
9016 2 29.143 9.35307 16.3078 1 6.48158e-07
9022 2 28.3162 11.6915 14.8761 1 2.78924e-06
8345 2 34.1033 9.35292 13.4445 1 1.2207e-05
8346 2 34.1032 9.35307 16.3078 1 6.48116e-07
8347 2 31.6231 9.35303 14.8761 1 2.80037e-06
8348 2 33.2764 11.6915 14.8761 1 2.79074e-06
9020 2 30.7963 11.6916 13.4445 1 1.22189e-05
9021 2 30.7964 11.6914 16.3078 1 6.4734e-07
9845 2 1.86182 16.3678 14.8761 1 2.80496e-06
9851 2 2.6885 14.0297 16.3075 1 1.61419e-06
9888 2 2.68847 14.0297 13.4431 1 3.24139e-05
9890 2 0.208375 14.0297 14.8754 1 7.33094e-06
9846 2 4.34191 16.3679 16.3078 1 6.5535e-07
9847 2 4.34197 16.3677 13.4445 1 1.22243e-05
11218 2 6.82204 16.3678 14.8761 1 2.80543e-06
11219 2 5.16859 14.0297 14.8754 1 7.33107e-06
11220 2 7.64871 14.0297 16.3075 1 1.61621e-06
11221 2 7.64869 14.0297 13.4431 1 3.24179e-05
9294 2 10.1288 14.0297 14.8754 1 7.33157e-06
9308 2 12.6089 14.0297 13.4431 1 3.24128e-05
11167 2 9.30213 16.3679 16.3078 1 6.54634e-07
11216 2 9.30218 16.3677 13.4445 1 1.22252e-05
12146 2 12.6089 14.0297 16.3075 1 1.61512e-06
12260 2 11.7822 16.3678 14.8761 1 2.80577e-06
12214 2 14.2624 16.3677 13.4445 1 1.22204e-05
12259 2 14.2623 16.3679 16.3078 1 6.54517e-07
12872 2 15.089 14.0297 14.8754 1 7.32733e-06
12873 2 16.7425 16.3678 14.8761 1 2.80417e-06
9884 2 19.2226 16.3679 16.3078 1 6.54384e-07
11327 2 20.0492 14.0297 14.8754 1 7.33005e-06
12870 2 17.5691 14.0297 13.4431 1 3.24151e-05
12871 2 17.5691 14.0297 16.3075 1 1.61539e-06
12874 2 19.2226 16.3677 13.4445 1 1.2226e-05
10029 2 25.0095 14.0297 14.8754 1 7.33363e-06
11328 2 22.5293 14.0297 13.4431 1 3.24266e-05
11362 2 22.5294 14.0297 16.3075 1 1.61528e-06
11366 2 24.1828 16.3677 13.4445 1 1.22228e-05
11367 2 24.1828 16.3679 16.3078 1 6.53005e-07
11368 2 21.7027 16.3678 14.8761 1 2.806e-06
9023 2 29.9697 14.0297 14.8754 1 7.33023e-06
10027 2 27.4896 14.0297 13.4431 1 3.24191e-05
10028 2 27.4896 14.0297 16.3075 1 1.61521e-06
10030 2 26.6629 16.3678 14.8761 1 2.80652e-06
10031 2 29.1431 16.3677 13.4445 1 1.22245e-05
10063 2 29.143 16.3679 16.3078 1 6.52652e-07
9024 2 32.4498 14.0297 13.4431 1 3.24221e-05
9052 2 32.4498 14.0297 16.3075 1 1.61451e-06
9056 2 34.1033 16.3677 13.4445 1 1.22168e-05
9057 2 34.1032 16.3679 16.3078 1 6.52447e-07
9058 2 31.6231 16.3678 14.8761 1 2.80698e-06
8821 2 2.6885 21.0445 16.3075 1 1.61591e-06
8846 2 2.68847 21.0445 13.4431 1 3.24228e-05
8848 2 0.208375 21.0445 14.8754 1 7.33276e-06
8849 2 1.03507 18.7062 16.3078 1 6.50016e-07
8850 2 1.03497 18.7064 13.4445 1 1.22132e-05
9844 2 3.51514 18.7063 14.8761 1 2.79496e-06
9799 2 5.16859 21.0445 14.8754 1 7.33194e-06
9800 2 7.64871 21.0445 16.3075 1 1.61754e-06
9801 2 7.64869 21.0445 13.4431 1 3.24286e-05
9805 2 5.99529 18.7062 16.3078 1 6.51092e-07
9842 2 5.99519 18.7064 13.4445 1 1.22158e-05
11161 2 8.47536 18.7063 14.8761 1 2.79648e-06
11109 2 12.6089 21.0445 16.3075 1 1.61636e-06
11158 2 12.6089 21.0445 13.4431 1 3.24217e-05
11160 2 10.1288 21.0445 14.8754 1 7.33164e-06
11162 2 10.9555 18.7062 16.3078 1 6.49341e-07
11163 2 10.9554 18.7064 13.4445 1 1.22137e-05
12313 2 13.4356 18.7063 14.8761 1 2.79748e-06
12375 2 15.9156 18.7064 13.4445 1 1.22118e-05
12816 2 15.089 21.0445 14.8754 1 7.33047e-06
12822 2 15.9157 18.7062 16.3078 1 6.49268e-07
89 2 20.0492 21.0445 14.8754 1 7.32984e-06
130 2 18.3958 18.7063 14.8761 1 2.79659e-06
9307 2 20.8759 18.7062 16.3078 1 6.50156e-07
9359 2 20.8758 18.7064 13.4445 1 1.22126e-05
12817 2 17.5691 21.0445 16.3075 1 1.61689e-06
12818 2 17.5691 21.0445 13.4431 1 3.24235e-05
88 2 22.5293 21.0445 13.4431 1 3.24325e-05
2631 2 22.5294 21.0445 16.3075 1 1.61597e-06
11369 2 23.356 18.7063 14.8761 1 2.79623e-06
11370 2 25.8361 18.7064 13.4445 1 1.22134e-05
11406 2 25.8362 18.7063 16.3078 1 6.51242e-07
11412 2 25.0095 21.0445 14.8754 1 7.33392e-06
10069 2 28.3162 18.7063 14.8761 1 2.79349e-06
10070 2 29.9697 21.0445 14.8754 1 7.3304e-06
11410 2 27.4896 21.0445 13.4431 1 3.24246e-05
11411 2 27.4896 21.0445 16.3075 1 1.61672e-06
9059 2 33.2764 18.7063 14.8761 1 2.79543e-06
10067 2 30.7963 18.7064 13.4445 1 1.2217e-05
10068 2 30.7964 18.7063 16.3078 1 6.50094e-07
10071 2 32.4498 21.0445 13.4431 1 3.24284e-05
10111 2 32.4498 21.0445 16.3075 1 1.61568e-06
8209 2 1.03507 25.7211 16.3078 1 6.51269e-07
8210 2 1.03497 25.7212 13.4445 1 1.2224e-05
8814 2 3.51514 25.7211 14.8761 1 2.80045e-06
8815 2 1.86182 23.3826 14.8761 1 2.80208e-06
8787 2 5.99529 25.7211 16.3078 1 6.5325e-07
8812 2 5.99519 25.7212 13.4445 1 1.22283e-05
8816 2 4.34191 23.3827 16.3078 1 6.53574e-07
8817 2 4.34197 23.3825 13.4445 1 1.22214e-05
9753 2 8.47536 25.7211 14.8761 1 2.80211e-06
9798 2 6.82204 23.3826 14.8761 1 2.80059e-06
9754 2 10.9555 25.7211 16.3078 1 6.51186e-07
9755 2 10.9554 25.7212 13.4445 1 1.22218e-05
9759 2 9.30213 23.3827 16.3078 1 6.52364e-07
9796 2 9.30218 23.3825 13.4445 1 1.22203e-05
11103 2 11.7822 23.3826 14.8761 1 2.8004e-06
11051 2 15.9157 25.7211 16.3078 1 6.50906e-07
11100 2 15.9156 25.7212 13.4445 1 1.22189e-05
11102 2 13.4356 25.7211 14.8761 1 2.8018e-06
11104 2 14.2623 23.3827 16.3078 1 6.52268e-07
11105 2 14.2624 23.3825 13.4445 1 1.22174e-05
12815 2 16.7425 23.3826 14.8761 1 2.7995e-06
12748 2 18.3958 25.7211 14.8761 1 2.80088e-06
12749 2 20.8759 25.7211 16.3078 1 6.52108e-07
12750 2 20.8758 25.7212 13.4445 1 1.22213e-05
12754 2 19.2226 23.3827 16.3078 1 6.52051e-07
12813 2 19.2226 23.3825 13.4445 1 1.22221e-05
2260 2 25.8362 25.7211 16.3078 1 6.53121e-07
2623 2 25.8361 25.7212 13.4445 1 1.22207e-05
2624 2 23.356 25.7211 14.8761 1 2.80236e-06
2625 2 21.7027 23.3826 14.8761 1 2.80029e-06
2626 2 24.1828 23.3827 16.3078 1 6.51161e-07
2627 2 24.1828 23.3825 13.4445 1 1.22226e-05
11413 2 26.6629 23.3826 14.8761 1 2.80232e-06
11414 2 29.1431 23.3825 13.4445 1 1.22218e-05
11458 2 29.143 23.3827 16.3078 1 6.51016e-07
11464 2 28.3162 25.7211 14.8761 1 2.79872e-06
10115 2 34.1033 23.3825 13.4445 1 1.22185e-05
10116 2 34.1032 23.3827 16.3078 1 6.50835e-07
10117 2 31.6231 23.3826 14.8761 1 2.80261e-06
10118 2 33.2764 25.7211 14.8761 1 2.8006e-06
11462 2 30.7963 25.7212 13.4445 1 1.22263e-05
11463 2 30.7964 25.7211 16.3078 1 6.52228e-07
8187 2 1.86182 30.3974 14.8761 1 2.80718e-06
8193 2 2.6885 28.0593 16.3075 1 1.61519e-06
8206 2 2.68847 28.0593 13.4431 1 3.24152e-05
8208 2 0.208375 28.0593 14.8754 1 7.33022e-06
8188 2 4.34191 30.3975 16.3078 1 6.56737e-07
8189 2 4.34197 30.3973 13.4445 1 1.22305e-05
8780 2 6.82204 30.3974 14.8761 1 2.8065e-06
8781 2 5.16859 28.0593 14.8754 1 7.33145e-06
8782 2 7.64871 28.0593 16.3075 1 1.61714e-06
8783 2 7.64869 28.0593 13.4431 1 3.24204e-05
8753 2 9.30213 30.3975 16.3078 1 6.55586e-07
8778 2 9.30218 30.3973 13.4445 1 1.22301e-05
9707 2 11.7822 30.3974 14.8761 1 2.80569e-06
9713 2 12.6089 28.0593 16.3075 1 1.616e-06
9750 2 12.6089 28.0593 13.4431 1 3.2414e-05
9752 2 10.1288 28.0593 14.8754 1 7.33074e-06
9708 2 14.2623 30.3975 16.3078 1 6.54897e-07
9709 2 14.2624 30.3973 13.4445 1 1.22267e-05
11044 2 16.7425 30.3974 14.8761 1 2.80467e-06
11045 2 15.089 28.0593 14.8754 1 7.32824e-06
10993 2 19.2226 30.3975 16.3078 1 6.55351e-07
11042 2 19.2226 30.3973 13.4445 1 1.22329e-05
11046 2 17.5691 28.0593 16.3075 1 1.61574e-06
11047 2 17.5691 28.0593 13.4431 1 3.24167e-05
12747 2 20.0492 28.0593 14.8754 1 7.32844e-06
2254 2 25.0095 28.0593 14.8754 1 7.33286e-06
12680 2 21.7027 30.3974 14.8761 1 2.80707e-06
12681 2 24.1828 30.3975 16.3078 1 6.53751e-07
12682 2 24.1828 30.3973 13.4445 1 1.22332e-05
12686 2 22.5294 28.0593 16.3075 1 1.61626e-06
12745 2 22.5293 28.0593 13.4431 1 3.24283e-05
2192 2 29.143 30.3975 16.3078 1 6.54112e-07
2252 2 29.1431 30.3973 13.4445 1 1.22303e-05
2253 2 26.6629 30.3974 14.8761 1 2.80877e-06
2255 2 27.4896 28.0593 16.3075 1 1.61649e-06
2256 2 27.4896 28.0593 13.4431 1 3.24202e-05
11465 2 29.9697 28.0593 14.8754 1 7.32948e-06
11466 2 32.4498 28.0593 13.4431 1 3.24253e-05
11518 2 32.4498 28.0593 16.3075 1 1.61511e-06
11522 2 34.1033 30.3973 13.4445 1 1.22259e-05
11523 2 34.1032 30.3975 16.3078 1 6.53697e-07
11524 2 31.6231 30.3974 14.8761 1 2.80846e-06
7971 2 1.03508 32.7359 16.3078 1 6.54197e-07
7972 2 1.03497 32.736 13.4445 1 1.22325e-05
8186 2 3.51514 32.7359 14.8761 1 2.80449e-06
8171 2 5.99529 32.7359 16.3078 1 6.55493e-07
8184 2 5.99519 32.736 13.4445 1 1.22359e-05
8747 2 8.47536 32.7359 14.8761 1 2.80443e-06
8748 2 10.9555 32.7359 16.3078 1 6.536e-07
8749 2 10.9554 32.736 13.4445 1 1.22286e-05
9667 2 15.9157 32.7359 16.3078 1 6.53723e-07
9704 2 15.9156 32.736 13.4445 1 1.22273e-05
9706 2 13.4356 32.7359 14.8761 1 2.80625e-06
10987 2 18.3958 32.7359 14.8761 1 2.80444e-06
10988 2 20.8759 32.7359 16.3078 1 6.54629e-07
10989 2 20.8758 32.736 13.4445 1 1.22276e-05
12618 2 25.8362 32.7359 16.3078 1 6.56392e-07
12677 2 25.8361 32.736 13.4445 1 1.22307e-05
12679 2 23.356 32.7359 14.8761 1 2.80552e-06
2186 2 28.3162 32.7359 14.8761 1 2.80243e-06
2187 2 30.7964 32.7359 16.3078 1 6.54592e-07
2188 2 30.7963 32.736 13.4445 1 1.2238e-05
11525 2 33.2764 32.7359 14.8761 1 2.80319e-06
2271 2 0.208418 4.91677e-05 20.6032 1 1.57312e-08
2273 2 2.68852 5.04876e-05 19.1714 1 6.87649e-08
2274 2 0.2084 5.09252e-05 17.7395 1 3.67982e-07
2275 2 1.86181 2.33829 17.7396 1 1.32607e-07
2884 2 1.86182 2.33832 20.6033 1 5.41294e-09
2876 2 4.34192 2.3383 19.1714 1 3.17664e-08
12072 2 5.16861 5.07733e-05 17.7395 1 3.68866e-07
12081 2 7.64873 4.97267e-05 19.1714 1 6.89916e-08
12083 2 5.16863 4.9001e-05 20.6032 1 1.57322e-08
12084 2 6.82204 2.33832 20.6033 1 5.33645e-09
12087 2 6.82202 2.33829 17.7396 1 1.33203e-07
11257 2 10.1288 4.8547e-05 20.6032 1 1.57666e-08
11259 2 12.6089 4.99837e-05 19.1714 1 6.89042e-08
11260 2 10.1288 5.05453e-05 17.7395 1 3.68299e-07
11261 2 11.7822 2.33829 17.7396 1 1.33131e-07
11290 2 11.7823 2.33831 20.6033 1 5.33782e-09
12086 2 9.30214 2.3383 19.1714 1 3.1441e-08
9954 2 15.089 5.06499e-05 17.7395 1 3.67874e-07
9965 2 15.0891 4.84098e-05 20.6032 1 1.577e-08
9966 2 16.7425 2.33832 20.6033 1 5.38374e-09
9969 2 16.7425 2.33829 17.7396 1 1.32814e-07
11288 2 14.2624 2.3383 19.1714 1 3.14776e-08
8967 2 20.0493 4.84816e-05 20.6032 1 1.57656e-08
8970 2 20.0493 5.06311e-05 17.7395 1 3.68799e-07
9963 2 17.5692 4.99819e-05 19.1714 1 6.86666e-08
9968 2 19.2226 2.3383 19.1714 1 3.16185e-08
8304 2 25.0095 5.05052e-05 17.7395 1 3.68445e-07
8315 2 25.0095 4.89132e-05 20.6032 1 1.56455e-08
8969 2 22.5294 5.01238e-05 19.1714 1 6.84115e-08
8971 2 21.7027 2.33829 17.7396 1 1.33331e-07
8984 2 24.1828 2.33831 19.1714 1 3.12223e-08
8986 2 21.7027 2.33832 20.6033 1 5.47243e-09
7977 2 29.9697 4.91911e-05 20.6032 1 1.57663e-08
7980 2 29.9697 5.05971e-05 17.7395 1 3.68118e-07
8313 2 27.4896 5.05276e-05 19.1714 1 6.82599e-08
8316 2 26.6629 2.33832 20.6033 1 5.34827e-09
8318 2 29.143 2.33831 19.1714 1 3.10364e-08
8319 2 26.6629 2.33829 17.7396 1 1.33226e-07
7979 2 32.4498 5.05051e-05 19.1714 1 6.86722e-08
7981 2 31.6231 2.33829 17.7396 1 1.33133e-07
7992 2 34.1032 2.33831 19.1714 1 3.11799e-08
7994 2 31.6231 2.33832 20.6033 1 5.35533e-09
2888 2 3.51523 4.67659 20.6033 1 5.33642e-09
2897 2 3.51521 4.67661 17.7396 1 1.35153e-07
11281 2 0.2084 7.01486 17.7395 1 3.68306e-07
11282 2 2.68852 7.01486 19.1714 1 6.87704e-08
11284 2 0.208418 7.01485 20.6032 1 1.57787e-08
11286 2 1.03511 4.6766 19.1714 1 3.28164e-08
2896 2 5.99533 4.6766 19.1714 1 3.30603e-08
2898 2 5.16861 7.01486 17.7395 1 3.69072e-07
8468 2 7.64873 7.01485 19.1714 1 6.89211e-08
8486 2 5.16863 7.01485 20.6032 1 1.57392e-08
12088 2 8.47542 4.67661 17.7396 1 1.34779e-07
12736 2 8.47544 4.67659 20.6033 1 5.35873e-09
12105 2 10.9555 4.6766 19.1714 1 3.2904e-08
12737 2 10.1288 7.01485 20.6032 1 1.57937e-08
12739 2 12.6089 7.01485 19.1714 1 6.88679e-08
12740 2 10.1288 7.01486 17.7395 1 3.68595e-07
11291 2 13.4357 4.67659 20.6033 1 5.34772e-09
11293 2 15.9158 4.6766 19.1714 1 3.27975e-08
11294 2 13.4356 4.67661 17.7396 1 1.34858e-07
11295 2 15.089 7.01486 17.7395 1 3.683e-07
11318 2 15.0891 7.01485 20.6032 1 1.58041e-08
9970 2 18.3959 4.67661 17.7396 1 1.35219e-07
9987 2 20.876 4.6766 19.1714 1 3.30673e-08
9989 2 18.3959 4.67659 20.6033 1 5.26741e-09
9990 2 20.0493 7.01485 20.6032 1 1.57585e-08
9993 2 20.0493 7.01486 17.7395 1 3.68611e-07
11316 2 17.5692 7.01486 19.1714 1 6.86645e-08
8987 2 23.3561 4.67659 20.6033 1 5.23796e-09
8989 2 25.8362 4.6766 19.1714 1 3.31072e-08
8990 2 23.3561 4.67661 17.7396 1 1.34507e-07
8991 2 25.0095 7.01486 17.7395 1 3.68527e-07
9014 2 25.0095 7.01485 20.6032 1 1.5737e-08
9992 2 22.5294 7.01486 19.1714 1 6.82344e-08
8320 2 28.3163 4.67661 17.7396 1 1.34708e-07
8339 2 28.3163 4.67659 20.6033 1 5.22828e-09
8340 2 29.9697 7.01485 20.6032 1 1.57577e-08
8343 2 29.9697 7.01486 17.7395 1 3.68486e-07
9012 2 27.4896 7.01486 19.1714 1 6.83221e-08
7995 2 33.2765 4.67659 20.6033 1 5.35154e-09
7996 2 33.2765 4.67661 17.7396 1 1.3478e-07
8337 2 30.7964 4.6766 19.1714 1 3.29779e-08
8342 2 32.4498 7.01486 19.1714 1 6.85972e-08
9854 2 1.03511 11.6914 19.1714 1 3.14954e-08
11223 2 3.51521 11.6914 17.7396 1 1.3154e-07
11226 2 3.51523 11.6914 20.6033 1 5.1373e-09
11227 2 1.86182 9.35312 20.6033 1 5.20141e-09
11280 2 1.86181 9.3531 17.7396 1 1.30666e-07
8511 2 6.82204 9.35312 20.6033 1 5.12697e-09
8948 2 6.82202 9.3531 17.7396 1 1.3123e-07
8949 2 8.47542 11.6914 17.7396 1 1.31212e-07
11224 2 5.99533 11.6914 19.1714 1 3.17062e-08
11229 2 4.34192 9.35311 19.1714 1 3.07634e-08
12124 2 8.47544 11.6914 20.6033 1 5.15405e-09
8929 2 9.30214 9.35311 19.1714 1 3.05138e-08
12110 2 10.9555 11.6914 19.1714 1 3.15715e-08
12741 2 11.7822 9.3531 17.7396 1 1.30957e-07
12864 2 11.7823 9.35312 20.6033 1 5.18463e-09
11319 2 16.7425 9.35312 20.6033 1 5.1801e-09
11322 2 16.7425 9.3531 17.7396 1 1.30658e-07
12862 2 14.2624 9.35311 19.1714 1 3.04553e-08
12865 2 13.4357 11.6914 20.6033 1 5.13457e-09
12867 2 15.9158 11.6914 19.1714 1 3.14847e-08
12868 2 13.4356 11.6914 17.7396 1 1.31169e-07
11321 2 19.2226 9.35311 19.1714 1 3.05798e-08
11323 2 18.3959 11.6914 17.7396 1 1.31386e-07
11358 2 20.876 11.6914 19.1714 1 3.17645e-08
11360 2 18.3959 11.6914 20.6033 1 5.12114e-09
9994 2 21.7027 9.3531 17.7396 1 1.31316e-07
10019 2 24.1828 9.35311 19.1714 1 3.02209e-08
10021 2 21.7027 9.35312 20.6033 1 5.25701e-09
10022 2 23.3561 11.6914 20.6032 1 5.03246e-09
10024 2 25.8362 11.6914 19.1714 1 3.16391e-08
10025 2 23.3561 11.6914 17.7396 1 1.31157e-07
9015 2 26.6629 9.35312 20.6033 1 5.17347e-09
9017 2 29.143 9.35311 19.1714 1 3.00985e-08
9018 2 26.6629 9.3531 17.7396 1 1.31477e-07
9019 2 28.3163 11.6914 17.7396 1 1.31212e-07
9050 2 28.3163 11.6914 20.6033 1 5.07974e-09
8344 2 31.6231 9.3531 17.7396 1 1.3118e-07
8367 2 34.1032 9.35311 19.1714 1 3.02614e-08
8369 2 31.6231 9.35312 20.6033 1 5.14267e-09
8370 2 33.2765 11.6914 20.6033 1 5.20305e-09
8371 2 33.2765 11.6914 17.7396 1 1.31441e-07
9048 2 30.7964 11.6914 19.1714 1 3.1686e-08
9807 2 1.86182 16.3679 20.6033 1 5.28747e-09
9848 2 1.86181 16.3679 17.7396 1 1.32715e-07
9849 2 0.208401 14.0297 17.7395 1 3.68145e-07
9850 2 2.68852 14.0297 19.1714 1 6.87836e-08
9852 2 0.208418 14.0297 20.6032 1 1.58175e-08
9809 2 4.34192 16.3679 19.1714 1 3.16317e-08
11165 2 6.82202 16.3679 17.7396 1 1.33466e-07
11168 2 6.82204 16.3679 20.6033 1 5.20885e-09
11169 2 5.16863 14.0297 20.6032 1 1.575e-08
11171 2 7.64873 14.0297 19.1714 1 6.89766e-08
11222 2 5.16861 14.0297 17.7395 1 3.68812e-07
11166 2 9.30214 16.3679 19.1714 1 3.14133e-08
12145 2 10.1288 14.0297 20.6032 1 1.57922e-08
12175 2 12.6089 14.0297 19.1714 1 6.89417e-08
12176 2 10.1288 14.0297 17.7395 1 3.68287e-07
12213 2 11.7822 16.3679 17.7396 1 1.33298e-07
12824 2 11.7823 16.3679 20.6033 1 5.24224e-09
9397 2 16.7425 16.3679 17.7396 1 1.33225e-07
9885 2 16.7425 16.3679 20.6033 1 5.29447e-09
9918 2 15.0891 14.0297 20.6032 1 1.58418e-08
12826 2 14.2624 16.3679 19.1714 1 3.1508e-08
12869 2 15.089 14.0297 17.7395 1 3.68544e-07
9835 2 19.2226 16.3679 19.1714 1 3.15487e-08
9938 2 17.5692 14.0297 19.1714 1 6.87231e-08
11361 2 20.0493 14.0297 20.6032 1 1.57849e-08
11364 2 20.0493 14.0297 17.7395 1 3.68527e-07
10026 2 25.0095 14.0297 17.7395 1 3.68592e-07
10061 2 25.0095 14.0297 20.6032 1 1.57283e-08
11363 2 22.5294 14.0297 19.1714 1 6.82864e-08
11365 2 21.7027 16.3679 17.7396 1 1.33502e-07
11402 2 24.1828 16.3679 19.1714 1 3.10919e-08
11404 2 21.7027 16.3679 20.6032 1 5.34518e-09
9051 2 29.9697 14.0297 20.6032 1 1.57798e-08
9054 2 29.9697 14.0297 17.7395 1 3.68387e-07
10059 2 27.4896 14.0297 19.1714 1 6.83367e-08
10062 2 26.6629 16.3679 20.6032 1 5.25684e-09
10064 2 29.143 16.3679 19.1714 1 3.09249e-08
10065 2 26.6629 16.3679 17.7396 1 1.33572e-07
9053 2 32.4498 14.0297 19.1714 1 6.8676e-08
9055 2 31.6231 16.3679 17.7396 1 1.33287e-07
9090 2 34.1032 16.3679 19.1714 1 3.1087e-08
9092 2 31.6231 16.3679 20.6033 1 5.23078e-09
8819 2 0.2084 21.0445 17.7395 1 3.68716e-07
8820 2 2.68852 21.0445 19.1714 1 6.89756e-08
8822 2 0.208418 21.0445 20.6032 1 1.58566e-08
8824 2 1.03511 18.7062 19.1714 1 3.20329e-08
9803 2 3.51521 18.7062 17.7396 1 1.33215e-07
9806 2 3.51523 18.7062 20.6033 1 5.21429e-09
9761 2 5.16863 21.0445 20.6032 1 1.58617e-08
9763 2 7.64873 21.0445 19.1714 1 6.92378e-08
9802 2 5.16861 21.0445 17.7395 1 3.6965e-07
9804 2 5.99533 18.7062 19.1714 1 3.23883e-08
11111 2 8.47544 18.7062 20.6033 1 5.23422e-09
11164 2 8.47542 18.7062 17.7396 1 1.32888e-07
11107 2 10.1288 21.0445 17.7395 1 3.68837e-07
11108 2 12.6089 21.0445 19.1714 1 6.90734e-08
11110 2 10.1288 21.0445 20.6032 1 1.59298e-08
11113 2 10.9555 18.7062 19.1714 1 3.22609e-08
12756 2 15.0891 21.0445 20.6032 1 1.58792e-08
12819 2 15.089 21.0445 17.7395 1 3.68746e-07
12820 2 13.4356 18.7062 17.7396 1 1.33006e-07
12821 2 15.9158 18.7062 19.1714 1 3.20807e-08
12823 2 13.4357 18.7062 20.6033 1 5.19061e-09
2629 2 20.0493 21.0445 17.7395 1 3.69254e-07
2632 2 20.0493 21.0445 20.6032 1 1.58935e-08
2853 2 18.3959 18.7062 20.6032 1 5.18467e-09
3212 2 20.876 18.7062 19.1714 1 3.24619e-08
9360 2 18.3959 18.7062 17.7396 1 1.3325e-07
12758 2 17.5692 21.0445 19.1714 1 6.89053e-08
2630 2 22.5294 21.0445 19.1714 1 6.85103e-08
11405 2 23.3561 18.7062 20.6032 1 5.10346e-09
11407 2 25.8362 18.7062 19.1714 1 3.22688e-08
11408 2 23.3561 18.7062 17.7396 1 1.32784e-07
11409 2 25.0095 21.0445 17.7395 1 3.68926e-07
11456 2 25.0095 21.0445 20.6032 1 1.57821e-08
10066 2 28.3163 18.7062 17.7396 1 1.32785e-07
10109 2 28.3163 18.7062 20.6032 1 5.13179e-09
10110 2 29.9697 21.0445 20.6032 1 1.58722e-08
10113 2 29.9697 21.0445 17.7395 1 3.68897e-07
11454 2 27.4896 21.0445 19.1714 1 6.85033e-08
9093 2 33.2765 18.7062 20.6033 1 5.16265e-09
9094 2 33.2765 18.7062 17.7396 1 1.33077e-07
10107 2 30.7964 18.7062 19.1714 1 3.23038e-08
10112 2 32.4498 21.0445 19.1714 1 6.89299e-08
8196 2 1.03511 25.721 19.1714 1 3.28284e-08
8785 2 3.51521 25.721 17.7396 1 1.34279e-07
8788 2 3.51523 25.721 20.6033 1 5.39991e-09
8789 2 1.86182 23.3827 20.6033 1 5.55796e-09
8818 2 1.86181 23.3827 17.7396 1 1.32605e-07
8786 2 5.99533 25.721 19.1714 1 3.30419e-08
8791 2 4.34192 23.3827 19.1714 1 3.21491e-08
9715 2 8.47544 25.721 20.6033 1 5.43717e-09
9756 2 8.47542 25.721 17.7396 1 1.33904e-07
9757 2 6.82202 23.3827 17.7396 1 1.3328e-07
9760 2 6.82204 23.3827 20.6033 1 5.46086e-09
9717 2 10.9555 25.721 19.1714 1 3.29111e-08
9758 2 9.30214 23.3827 19.1714 1 3.19088e-08
11053 2 11.7823 23.3827 20.6033 1 5.51675e-09
11106 2 11.7822 23.3827 17.7396 1 1.33012e-07
11049 2 13.4356 25.721 17.7396 1 1.34096e-07
11050 2 15.9158 25.721 19.1714 1 3.27159e-08
11052 2 13.4357 25.721 20.6033 1 5.42205e-09
11055 2 14.2624 23.3827 19.1714 1 3.17823e-08
12752 2 16.7425 23.3827 17.7396 1 1.32896e-07
12755 2 16.7425 23.3827 20.6033 1 5.51293e-09
12688 2 18.3959 25.721 20.6033 1 5.40379e-09
12690 2 20.876 25.721 19.1714 1 3.31161e-08
12751 2 18.3959 25.721 17.7396 1 1.34151e-07
12753 2 19.2226 23.3827 19.1714 1 3.19975e-08
2258 2 23.3561 25.721 17.7396 1 1.33926e-07
2259 2 25.8362 25.721 19.1714 1 3.30241e-08
2261 2 23.3561 25.721 20.6032 1 5.28924e-09
2262 2 21.7027 23.3827 20.6032 1 5.62708e-09
2264 2 24.1828 23.3827 19.1714 1 3.15531e-08
2628 2 21.7027 23.3827 17.7396 1 1.33297e-07
11457 2 26.6629 23.3827 20.6032 1 5.51834e-09
11459 2 29.143 23.3827 19.1714 1 3.14122e-08
11460 2 26.6629 23.3827 17.7396 1 1.33473e-07
11461 2 28.3163 25.721 17.7396 1 1.33901e-07
11516 2 28.3163 25.721 20.6032 1 5.28175e-09
10114 2 31.6231 23.3827 17.7396 1 1.33356e-07
10161 2 34.1032 23.3827 19.1714 1 3.15783e-08
10163 2 31.6231 23.3827 20.6033 1 5.51684e-09
10164 2 33.2765 25.721 20.6033 1 5.4551e-09
10165 2 33.2765 25.721 17.7396 1 1.33918e-07
11514 2 30.7964 25.721 19.1714 1 3.29512e-08
8173 2 1.86182 30.3975 20.6033 1 5.50937e-09
8190 2 1.86181 30.3975 17.7396 1 1.33363e-07
8191 2 0.2084 28.0593 17.7395 1 3.68182e-07
8192 2 2.68852 28.0593 19.1714 1 6.88554e-08
8194 2 0.208418 28.0593 20.6032 1 1.58444e-08
8175 2 4.34192 30.3975 19.1714 1 3.21222e-08
8751 2 6.82202 30.3975 17.7396 1 1.33971e-07
8754 2 6.82204 30.3975 20.6033 1 5.39534e-09
8755 2 5.16863 28.0593 20.6032 1 1.577e-08
8757 2 7.64873 28.0593 19.1714 1 6.90653e-08
8784 2 5.16861 28.0593 17.7395 1 3.69115e-07
8752 2 9.30214 30.3975 19.1714 1 3.18957e-08
9669 2 11.7823 30.3975 20.6033 1 5.46777e-09
9710 2 11.7822 30.3975 17.7396 1 1.33821e-07
9711 2 10.1288 28.0593 17.7395 1 3.68498e-07
9712 2 12.6089 28.0593 19.1714 1 6.9026e-08
9714 2 10.1288 28.0593 20.6032 1 1.58469e-08
9671 2 14.2624 30.3975 19.1714 1 3.18896e-08
10991 2 16.7425 30.3975 17.7396 1 1.33429e-07
10994 2 16.7425 30.3975 20.6033 1 5.47954e-09
10995 2 15.0891 28.0593 20.6032 1 1.58566e-08
11048 2 15.089 28.0593 17.7395 1 3.68379e-07
10992 2 19.2226 30.3975 19.1714 1 3.1973e-08
10997 2 17.5692 28.0593 19.1714 1 6.87086e-08
12684 2 20.0493 28.0593 17.7395 1 3.68691e-07
12687 2 20.0493 28.0593 20.6032 1 1.57937e-08
2194 2 25.0095 28.0593 20.6032 1 1.57546e-08
2257 2 25.0095 28.0593 17.7395 1 3.68581e-07
12620 2 21.7027 30.3975 20.6032 1 5.53999e-09
12622 2 24.1828 30.3975 19.1714 1 3.15945e-08
12683 2 21.7027 30.3975 17.7396 1 1.34062e-07
12685 2 22.5294 28.0593 19.1714 1 6.83707e-08
2190 2 26.6629 30.3975 17.7396 1 1.34184e-07
2191 2 29.143 30.3975 19.1714 1 3.13999e-08
2193 2 26.6629 30.3975 20.6032 1 5.45801e-09
2196 2 27.4896 28.0593 19.1714 1 6.83797e-08
11517 2 29.9697 28.0593 20.6032 1 1.57454e-08
11520 2 29.9697 28.0593 17.7395 1 3.68504e-07
11519 2 32.4498 28.0593 19.1714 1 6.86885e-08
11521 2 31.6231 30.3975 17.7396 1 1.33926e-07
11580 2 34.1032 30.3975 19.1714 1 3.16604e-08
11582 2 31.6231 30.3975 20.6033 1 5.41893e-09
7970 2 1.03511 32.7358 19.1714 1 3.32861e-08
8169 2 3.51521 32.7358 17.7396 1 1.3577e-07
8172 2 3.51523 32.7358 20.6033 1 5.55687e-09
8170 2 5.99533 32.7358 19.1714 1 3.35735e-08
8721 2 8.47544 32.7358 20.6033 1 5.59344e-09
8750 2 8.47542 32.7358 17.7396 1 1.35388e-07
8723 2 10.9555 32.7358 19.1714 1 3.33932e-08
9665 2 13.4356 32.7358 17.7396 1 1.35535e-07
9666 2 15.9158 32.7358 19.1714 1 3.32143e-08
9668 2 13.4357 32.7358 20.6033 1 5.57206e-09
10937 2 18.3959 32.7358 20.6033 1 5.55375e-09
10939 2 20.876 32.7358 19.1714 1 3.36996e-08
10990 2 18.3959 32.7358 17.7396 1 1.35894e-07
12616 2 23.3561 32.7358 17.7396 1 1.35495e-07
12617 2 25.8362 32.7358 19.1714 1 3.34998e-08
12619 2 23.3561 32.7358 20.6032 1 5.42051e-09
2104 2 28.3163 32.7358 20.6033 1 5.49309e-09
2189 2 28.3163 32.7358 17.7396 1 1.35368e-07
2106 2 30.7964 32.7358 19.1714 1 3.35553e-08
11583 2 33.2765 32.7358 20.6033 1 5.54744e-09
11584 2 33.2765 32.7358 17.7396 1 1.35545e-07
2860 2 2.68853 4.82716e-05 22.0351 1 3.99683e-09
2864 2 2.68853 4.80916e-05 24.8987 1 4.76716e-09
2868 2 0.208423 4.79835e-05 23.4669 1 2.83564e-10
2872 2 1.86183 2.33832 23.4669 1 1.36489e-09
2880 2 4.34194 2.33832 22.0351 1 2.95126e-09
8013 2 4.34194 2.33832 24.8987 1 1.07893e-09
12080 2 5.16864 4.75469e-05 23.4669 1 2.85111e-10
12082 2 7.64874 4.72262e-05 22.0351 1 4.1305e-09
12097 2 7.64875 4.71749e-05 24.8987 1 4.80543e-09
12103 2 6.82205 2.33831 23.4669 1 1.31976e-09
11270 2 12.609 4.69321e-05 22.0351 1 4.1215e-09
11271 2 12.609 4.69584e-05 24.8987 1 4.79588e-09
11275 2 10.1289 4.69843e-05 23.4669 1 2.95299e-10
11287 2 11.7823 2.33831 23.4669 1 1.34288e-09
12101 2 9.30215 2.33832 22.0351 1 2.98484e-09
12102 2 9.30215 2.33832 24.8987 1 1.12614e-09
9962 2 15.0891 4.66977e-05 23.4669 1 3.10691e-10
9985 2 16.7425 2.33831 23.4669 1 1.32879e-09
11289 2 14.2624 2.33832 22.0351 1 3.00222e-09
11308 2 14.2624 2.33832 24.8987 1 1.1427e-09
8982 2 20.0493 4.67764e-05 23.4669 1 3.10879e-10
9964 2 17.5692 4.69541e-05 22.0351 1 4.10452e-09
9979 2 17.5692 4.69234e-05 24.8987 1 4.80476e-09
9983 2 19.2226 2.33832 22.0351 1 2.82121e-09
9984 2 19.2226 2.33832 24.8987 1 1.0603e-09
8312 2 25.0095 4.73194e-05 23.4669 1 3.29491e-10
8980 2 22.5294 4.766e-05 22.0351 1 4.04709e-09
8981 2 22.5294 4.73293e-05 24.8987 1 4.76207e-09
8983 2 21.7027 2.33831 23.4669 1 1.46391e-09
8985 2 24.1828 2.33832 22.0351 1 2.76554e-09
9004 2 24.1828 2.33832 24.8987 1 1.12037e-09
7990 2 29.9697 4.77426e-05 23.4669 1 3.18834e-10
8314 2 27.4896 4.82999e-05 22.0351 1 4.00222e-09
8329 2 27.4896 4.79609e-05 24.8987 1 4.81751e-09
8333 2 29.143 2.33832 22.0351 1 2.80301e-09
8334 2 29.143 2.33832 24.8987 1 1.13571e-09
8335 2 26.6629 2.33831 23.4669 1 1.45766e-09
7988 2 32.4498 4.84855e-05 22.0351 1 3.97377e-09
7989 2 32.4498 4.81196e-05 24.8987 1 4.81678e-09
7991 2 31.6231 2.33831 23.4669 1 1.41883e-09
7993 2 34.1032 2.33832 22.0351 1 2.85135e-09
8002 2 34.1032 2.33832 24.8987 1 1.11534e-09
8458 2 3.51523 4.67659 23.4669 1 1.15438e-09
11231 2 0.208423 7.01485 23.4669 1 2.65204e-10
11232 2 2.68853 7.01485 24.8987 1 4.7966e-09
11233 2 2.68853 7.01485 22.0351 1 3.94113e-09
11236 2 1.03513 4.67658 24.8987 1 1.20078e-09
11285 2 1.03512 4.67658 22.0351 1 2.29837e-09
8300 2 5.99533 4.67658 22.0351 1 2.10805e-09
8301 2 5.99534 4.67658 24.8987 1 1.15723e-09
8467 2 5.16864 7.01485 23.4669 1 2.69605e-10
8485 2 7.64874 7.01485 22.0351 1 4.05533e-09
12009 2 7.64875 7.01485 24.8987 1 4.84695e-09
12104 2 8.47544 4.67659 23.4669 1 1.14767e-09
12678 2 10.9555 4.67658 22.0351 1 2.10965e-09
12810 2 10.9556 4.67658 24.8987 1 1.18732e-09
12858 2 12.609 7.01485 22.0351 1 4.06002e-09
12859 2 12.609 7.01485 24.8987 1 4.78838e-09
12860 2 10.1289 7.01485 23.4669 1 2.79251e-10
11312 2 15.9158 4.67658 22.0351 1 2.13528e-09
11313 2 15.9158 4.67658 24.8987 1 1.20729e-09
11314 2 13.4357 4.67659 23.4669 1 1.21189e-09
11315 2 15.0891 7.01485 23.4669 1 2.89353e-10
9986 2 18.3959 4.67659 23.4669 1 1.10503e-09
9988 2 20.876 4.67658 22.0351 1 2.18053e-09
10011 2 20.876 4.67658 24.8987 1 1.1774e-09
10017 2 20.0493 7.01485 23.4669 1 2.9187e-10
11317 2 17.5692 7.01485 22.0351 1 4.01489e-09
11350 2 17.5692 7.01485 24.8987 1 4.83667e-09
9008 2 25.8362 4.67658 22.0351 1 2.19675e-09
9009 2 25.8362 4.67658 24.8987 1 1.13082e-09
9010 2 23.3561 4.67659 23.4669 1 1.13646e-09
9011 2 25.0095 7.01485 23.4669 1 3.02189e-10
10015 2 22.5294 7.01485 22.0351 1 4.02514e-09
10016 2 22.5294 7.01485 24.8987 1 4.79337e-09
8336 2 28.3163 4.67659 23.4669 1 1.04691e-09
8365 2 29.9697 7.01485 23.4669 1 2.98053e-10
9013 2 27.4896 7.01485 22.0351 1 3.90731e-09
9040 2 27.4896 7.01485 24.8987 1 4.79102e-09
8006 2 33.2765 4.67659 23.4669 1 1.08955e-09
8338 2 30.7964 4.67658 22.0351 1 2.25175e-09
8359 2 30.7964 4.67658 24.8987 1 1.19375e-09
8363 2 32.4498 7.01485 22.0351 1 3.9562e-09
8364 2 32.4498 7.01485 24.8987 1 4.86062e-09
9816 2 1.03513 11.6914 24.8987 1 1.35351e-09
9853 2 1.03512 11.6914 22.0351 1 2.42463e-09
11173 2 3.51523 11.6914 23.4669 1 1.13265e-09
11230 2 1.86183 9.35312 23.4669 1 1.34326e-09
11174 2 5.99534 11.6914 24.8987 1 1.27844e-09
11175 2 5.99533 11.6914 22.0351 1 2.22124e-09
11179 2 4.34194 9.35312 24.8987 1 1.11894e-09
11228 2 4.34194 9.35312 22.0351 1 2.94882e-09
12069 2 6.82205 9.35312 23.4669 1 1.28793e-09
12109 2 8.47544 11.6914 23.4669 1 1.12467e-09
12057 2 9.30215 9.35312 22.0351 1 2.9899e-09
12068 2 9.30215 9.35312 24.8987 1 1.17423e-09
12123 2 10.9555 11.6914 22.0351 1 2.23571e-09
12834 2 10.9556 11.6914 24.8987 1 1.34319e-09
12861 2 11.7823 9.35312 23.4669 1 1.30714e-09
9950 2 13.4357 11.6914 23.4669 1 1.185e-09
9951 2 15.9158 11.6914 24.8987 1 1.36228e-09
10443 2 15.9158 11.6914 22.0351 1 2.24147e-09
10506 2 14.2624 9.35312 24.8987 1 1.18436e-09
11356 2 16.7425 9.35312 23.4669 1 1.31269e-09
12863 2 14.2624 9.35312 22.0351 1 2.96168e-09
11354 2 19.2226 9.35312 22.0351 1 2.81944e-09
11355 2 19.2226 9.35312 24.8987 1 1.09989e-09
11357 2 18.3959 11.6914 23.4669 1 1.08039e-09
11359 2 20.876 11.6914 22.0351 1 2.28995e-09
11394 2 20.876 11.6914 24.8987 1 1.31322e-09
10018 2 21.7027 9.35312 23.4669 1 1.43207e-09
10020 2 24.1828 9.35312 22.0351 1 2.75013e-09
10051 2 24.1828 9.35312 24.8987 1 1.17179e-09
10055 2 25.8362 11.6914 22.0351 1 2.28861e-09
10056 2 25.8362 11.6914 24.8987 1 1.25977e-09
10057 2 23.3561 11.6914 23.4669 1 1.12575e-09
9044 2 29.143 9.35313 22.0351 1 2.81118e-09
9045 2 29.143 9.35312 24.8987 1 1.1722e-09
9046 2 26.6629 9.35312 23.4669 1 1.40978e-09
9047 2 28.3163 11.6914 23.4669 1 1.03815e-09
8366 2 31.6231 9.35312 23.4669 1 1.38688e-09
8368 2 34.1032 9.35312 22.0351 1 2.85107e-09
8389 2 34.1032 9.35312 24.8987 1 1.16512e-09
8393 2 33.2765 11.6914 23.4669 1 1.06771e-09
9049 2 30.7964 11.6914 22.0351 1 2.34708e-09
9082 2 30.7964 11.6914 24.8987 1 1.32808e-09
9810 2 1.86183 16.3679 23.4669 1 1.33574e-09
9811 2 0.208423 14.0297 23.4669 1 2.78874e-10
9812 2 2.68853 14.0297 24.8987 1 4.76309e-09
9813 2 2.68853 14.0297 22.0351 1 3.8913e-09
9771 2 4.34194 16.3679 24.8987 1 1.06239e-09
9808 2 4.34194 16.3679 22.0351 1 2.90566e-09
11115 2 6.82205 16.3679 23.4669 1 1.30158e-09
11121 2 7.64875 14.0297 24.8987 1 4.8231e-09
11170 2 7.64874 14.0297 22.0351 1 4.01358e-09
11172 2 5.16864 14.0297 23.4669 1 2.83768e-10
11116 2 9.30215 16.3679 24.8987 1 1.12462e-09
11117 2 9.30215 16.3679 22.0351 1 2.93786e-09
12827 2 11.7823 16.3679 23.4669 1 1.31836e-09
12828 2 10.1289 14.0297 23.4669 1 2.9528e-10
12829 2 12.609 14.0297 24.8987 1 4.79858e-09
12830 2 12.609 14.0297 22.0351 1 4.00959e-09
3220 2 16.7425 16.3679 23.4669 1 1.30663e-09
9939 2 15.0891 14.0297 23.4669 1 3.04366e-10
12766 2 14.2624 16.3679 24.8987 1 1.13252e-09
12825 2 14.2624 16.3679 22.0351 1 2.96521e-09
3224 2 19.2226 16.3679 24.8987 1 1.05186e-09
3228 2 19.2226 16.3679 22.0351 1 2.80525e-09
3244 2 17.5692 14.0297 24.8987 1 4.81505e-09
9919 2 17.5692 14.0297 22.0351 1 4.00475e-09
11400 2 20.0493 14.0297 23.4669 1 3.0491e-10
10058 2 25.0095 14.0297 23.4669 1 3.08943e-10
11398 2 22.5294 14.0297 22.0351 1 3.98701e-09
11399 2 22.5294 14.0297 24.8987 1 4.79951e-09
11401 2 21.7027 16.3679 23.4669 1 1.44244e-09
11403 2 24.1828 16.3679 22.0351 1 2.71456e-09
11446 2 24.1828 16.3679 24.8987 1 1.11889e-09
9088 2 29.9697 14.0297 23.4669 1 3.08315e-10
10060 2 27.4896 14.0297 22.0351 1 3.88424e-09
10099 2 27.4896 14.0297 24.8987 1 4.80435e-09
10103 2 29.143 16.3679 22.0351 1 2.77487e-09
10104 2 29.143 16.3679 24.8987 1 1.10737e-09
10105 2 26.6629 16.3679 23.4669 1 1.42e-09
9086 2 32.4498 14.0297 22.0351 1 3.95567e-09
9087 2 32.4498 14.0297 24.8987 1 4.88317e-09
9089 2 31.6231 16.3679 23.4669 1 1.42184e-09
9091 2 34.1032 16.3679 22.0351 1 2.76867e-09
9124 2 34.1032 16.3679 24.8987 1 1.12485e-09
8793 2 0.208423 21.0445 23.4669 1 3.17377e-10
8794 2 2.68853 21.0445 24.8987 1 4.80299e-09
8795 2 2.68853 21.0445 22.0351 1 4.03698e-09
8798 2 1.03513 18.7062 24.8987 1 1.35937e-09
8823 2 1.03512 18.7062 22.0351 1 2.39998e-09
9765 2 3.51523 18.7062 23.4669 1 1.118e-09
9725 2 7.64875 21.0445 24.8987 1 4.81066e-09
9762 2 7.64874 21.0445 22.0351 1 4.09608e-09
9764 2 5.16864 21.0445 23.4669 1 3.17845e-10
9766 2 5.99534 18.7062 24.8987 1 1.26557e-09
9767 2 5.99533 18.7062 22.0351 1 2.22007e-09
11114 2 8.47544 18.7062 23.4669 1 1.10805e-09
11057 2 10.1289 21.0445 23.4669 1 3.3654e-10
11058 2 12.609 21.0445 24.8987 1 4.81602e-09
11059 2 12.609 21.0445 22.0351 1 4.13206e-09
11063 2 10.9556 18.7062 24.8987 1 1.34472e-09
11112 2 10.9555 18.7062 22.0351 1 2.21556e-09
12759 2 15.0891 21.0445 23.4669 1 3.38518e-10
12760 2 13.4357 18.7062 23.4669 1 1.18259e-09
12761 2 15.9158 18.7062 24.8987 1 1.34418e-09
12762 2 15.9158 18.7062 22.0351 1 2.26397e-09
2266 2 20.0493 21.0445 23.4669 1 3.4125e-10
2322 2 20.876 18.7062 24.8987 1 1.31091e-09
2903 2 20.876 18.7062 22.0351 1 2.2905e-09
3216 2 18.3959 18.7062 23.4669 1 1.06483e-09
12698 2 17.5692 21.0445 24.8987 1 4.82296e-09
12757 2 17.5692 21.0445 22.0351 1 4.08999e-09
2267 2 22.5294 21.0445 24.8987 1 4.80058e-09
2268 2 22.5294 21.0445 22.0351 1 4.08095e-09
11450 2 25.8362 18.7062 22.0351 1 2.28918e-09
11451 2 25.8362 18.7062 24.8987 1 1.25869e-09
11452 2 23.3561 18.7062 23.4669 1 1.11183e-09
11453 2 25.0095 21.0445 23.4669 1 3.42485e-10
10106 2 28.3163 18.7062 23.4669 1 1.02514e-09
10159 2 29.9697 21.0445 23.4669 1 3.37761e-10
11455 2 27.4896 21.0445 22.0351 1 4.00327e-09
11506 2 27.4896 21.0445 24.8987 1 4.82991e-09
9128 2 33.2765 18.7062 23.4669 1 1.04876e-09
10108 2 30.7964 18.7062 22.0351 1 2.37738e-09
10153 2 30.7964 18.7062 24.8987 1 1.30971e-09
10157 2 32.4498 21.0445 22.0351 1 3.98662e-09
10158 2 32.4498 21.0445 24.8987 1 4.84559e-09
8182 2 1.03513 25.721 24.8987 1 1.1194e-09
8195 2 1.03512 25.721 22.0351 1 2.22139e-09
8759 2 3.51523 25.721 23.4669 1 1.22519e-09
8792 2 1.86183 23.3827 23.4669 1 1.4784e-09
8760 2 5.99534 25.721 24.8987 1 1.07773e-09
8761 2 5.99533 25.721 22.0351 1 2.04169e-09
8765 2 4.34194 23.3827 24.8987 1 1.01301e-09
8790 2 4.34194 23.3827 22.0351 1 2.84194e-09
9718 2 8.47544 25.721 23.4669 1 1.19922e-09
9719 2 6.82205 23.3827 23.4669 1 1.44106e-09
9679 2 10.9556 25.721 24.8987 1 1.12002e-09
9716 2 10.9555 25.721 22.0351 1 2.03052e-09
9720 2 9.30215 23.3827 24.8987 1 1.0408e-09
9721 2 9.30215 23.3827 22.0351 1 2.89716e-09
11056 2 11.7823 23.3827 23.4669 1 1.46521e-09
10999 2 13.4357 25.721 23.4669 1 1.28482e-09
11000 2 15.9158 25.721 24.8987 1 1.11916e-09
11001 2 15.9158 25.721 22.0351 1 2.04008e-09
11005 2 14.2624 23.3827 24.8987 1 1.05628e-09
11054 2 14.2624 23.3827 22.0351 1 2.89397e-09
12692 2 16.7425 23.3827 23.4669 1 1.44464e-09
12630 2 20.876 25.721 24.8987 1 1.11368e-09
12689 2 20.876 25.721 22.0351 1 2.11515e-09
12691 2 18.3959 25.721 23.4669 1 1.16504e-09
12693 2 19.2226 23.3827 24.8987 1 9.97362e-10
12694 2 19.2226 23.3827 22.0351 1 2.75775e-09
2198 2 23.3561 25.721 23.4669 1 1.19016e-09
2199 2 25.8362 25.721 24.8987 1 1.06309e-09
2200 2 25.8362 25.721 22.0351 1 2.14755e-09
2204 2 24.1828 23.3827 24.8987 1 1.02218e-09
2263 2 24.1828 23.3827 22.0351 1 2.6488e-09
2265 2 21.7027 23.3827 23.4669 1 1.59897e-09
11510 2 29.143 23.3827 22.0351 1 2.66429e-09
11511 2 29.143 23.3827 24.8987 1 1.02724e-09
11512 2 26.6629 23.3827 23.4669 1 1.5984e-09
11513 2 28.3163 25.721 23.4669 1 1.09756e-09
10160 2 31.6231 23.3827 23.4669 1 1.55992e-09
10162 2 34.1032 23.3827 22.0351 1 2.72871e-09
10207 2 34.1032 23.3827 24.8987 1 1.01965e-09
10211 2 33.2765 25.721 23.4669 1 1.14553e-09
11515 2 30.7964 25.721 22.0351 1 2.18804e-09
11572 2 30.7964 25.721 24.8987 1 1.12012e-09
8176 2 1.86183 30.3975 23.4669 1 1.40323e-09
8177 2 0.208423 28.0593 23.4669 1 2.78484e-10
8178 2 2.68853 28.0593 24.8987 1 4.74766e-09
8179 2 2.68853 28.0593 22.0351 1 3.96657e-09
8161 2 4.34194 30.3975 24.8987 1 1.03142e-09
8174 2 4.34194 30.3975 22.0351 1 2.87072e-09
8725 2 6.82205 30.3975 23.4669 1 1.36099e-09
8731 2 7.64875 28.0593 24.8987 1 4.78266e-09
8756 2 7.64874 28.0593 22.0351 1 4.08387e-09
8758 2 5.16864 28.0593 23.4669 1 2.81697e-10
8726 2 9.30215 30.3975 24.8987 1 1.0672e-09
8727 2 9.30215 30.3975 22.0351 1 2.94008e-09
9672 2 11.7823 30.3975 23.4669 1 1.39165e-09
9673 2 10.1289 28.0593 23.4669 1 2.91771e-10
9674 2 12.609 28.0593 24.8987 1 4.78656e-09
9675 2 12.609 28.0593 22.0351 1 4.10991e-09
9633 2 14.2624 30.3975 24.8987 1 1.09566e-09
9670 2 14.2624 30.3975 22.0351 1 2.90771e-09
10941 2 16.7425 30.3975 23.4669 1 1.37384e-09
10998 2 15.0891 28.0593 23.4669 1 3.02539e-10
10942 2 19.2226 30.3975 24.8987 1 1.01016e-09
10943 2 19.2226 30.3975 22.0351 1 2.78389e-09
10947 2 17.5692 28.0593 24.8987 1 4.7676e-09
10996 2 17.5692 28.0593 22.0351 1 4.0667e-09
12624 2 20.0493 28.0593 23.4669 1 3.08166e-10
2197 2 25.0095 28.0593 23.4669 1 3.15459e-10
12562 2 24.1828 30.3975 24.8987 1 1.08032e-09
12621 2 24.1828 30.3975 22.0351 1 2.65853e-09
12623 2 21.7027 30.3975 23.4669 1 1.52922e-09
12625 2 22.5294 28.0593 24.8987 1 4.78113e-09
12626 2 22.5294 28.0593 22.0351 1 4.05689e-09
2110 2 26.6629 30.3975 23.4669 1 1.48755e-09
2111 2 29.143 30.3975 24.8987 1 1.04279e-09
2112 2 29.143 30.3975 22.0351 1 2.72683e-09
2118 2 27.4896 28.0593 24.8987 1 4.74163e-09
2195 2 27.4896 28.0593 22.0351 1 3.91779e-09
11578 2 29.9697 28.0593 23.4669 1 3.14946e-10
11576 2 32.4498 28.0593 22.0351 1 3.99925e-09
11577 2 32.4498 28.0593 24.8987 1 4.83122e-09
11579 2 31.6231 30.3975 23.4669 1 1.51223e-09
11581 2 34.1032 30.3975 22.0351 1 2.76079e-09
11638 2 34.1032 30.3975 24.8987 1 1.06744e-09
7968 2 1.03513 32.7358 24.8987 1 1.11253e-09
7969 2 1.03512 32.7358 22.0351 1 2.1803e-09
8155 2 3.51523 32.7358 23.4669 1 1.2647e-09
8156 2 5.99534 32.7358 24.8987 1 1.06934e-09
8157 2 5.99533 32.7358 22.0351 1 2.00575e-09
8724 2 8.47544 32.7358 23.4669 1 1.23499e-09
8697 2 10.9556 32.7358 24.8987 1 1.10824e-09
8722 2 10.9555 32.7358 22.0351 1 2.00463e-09
9627 2 13.4357 32.7358 23.4669 1 1.31649e-09
9628 2 15.9158 32.7358 24.8987 1 1.11718e-09
9629 2 15.9158 32.7358 22.0351 1 2.00246e-09
10889 2 20.876 32.7358 24.8987 1 1.09779e-09
10938 2 20.876 32.7358 22.0351 1 2.08462e-09
10940 2 18.3959 32.7358 23.4669 1 1.20155e-09
12556 2 23.3561 32.7358 23.4669 1 1.21846e-09
12557 2 25.8362 32.7358 24.8987 1 1.07184e-09
12558 2 25.8362 32.7358 22.0351 1 2.09805e-09
2108 2 28.3163 32.7358 23.4669 1 1.13246e-09
2016 2 30.7964 32.7358 24.8987 1 1.10291e-09
2105 2 30.7964 32.7358 22.0351 1 2.17092e-09
11642 2 33.2765 32.7358 23.4669 1 1.17994e-09
180 2 2.68853 4.8333e-05 27.7624 1 8.87333e-10
294 2 0.208424 4.83739e-05 29.1942 1 1.433e-09
297 2 1.86183 2.33832 29.1942 1 8.49243e-10
2856 2 0.208424 4.84217e-05 26.3305 1 6.09816e-10
8027 2 1.86183 2.33832 26.3305 1 5.85552e-10
8014 2 4.34194 2.33832 27.7624 1 4.4111e-10
12096 2 5.16864 4.80483e-05 29.1942 1 1.45703e-09
12098 2 7.64875 4.74025e-05 27.7624 1 9.05552e-10
12099 2 5.16864 4.80948e-05 26.3305 1 6.44678e-10
12100 2 6.82204 2.33832 26.3306 1 5.59416e-10
12808 2 6.82204 2.33832 29.1942 1 8.42816e-10
11269 2 10.1289 4.76853e-05 26.3305 1 6.54961e-10
11304 2 12.609 4.72945e-05 27.7624 1 8.80845e-10
11306 2 10.1289 4.76517e-05 29.1942 1 1.46352e-09
11307 2 11.7823 2.33832 29.1942 1 8.41229e-10
11310 2 11.7823 2.33832 26.3306 1 5.55216e-10
12806 2 9.30215 2.33831 27.7624 1 4.265e-10
9978 2 15.0891 4.75109e-05 29.1942 1 1.44287e-09
9981 2 15.0891 4.74976e-05 26.3305 1 6.5266e-10
9982 2 16.7425 2.33832 26.3305 1 5.49505e-10
10009 2 16.7425 2.33832 29.1942 1 8.34901e-10
11309 2 14.2624 2.33831 27.7624 1 4.29302e-10
8979 2 20.0493 4.75494e-05 26.3305 1 6.02798e-10
9002 2 20.0493 4.75236e-05 29.1942 1 1.4019e-09
9980 2 17.5692 4.72743e-05 27.7624 1 8.7528e-10
10007 2 19.2226 2.33831 27.7624 1 4.36856e-10
8328 2 25.0095 4.79163e-05 29.1942 1 1.39797e-09
8331 2 25.0095 4.79757e-05 26.3305 1 6.02517e-10
9000 2 22.5294 4.76825e-05 27.7624 1 8.87093e-10
9003 2 21.7027 2.33832 29.1942 1 8.11449e-10
9005 2 24.1828 2.33832 27.7624 1 3.93775e-10
9006 2 21.7027 2.33832 26.3305 1 6.095e-10
7987 2 29.9697 4.82585e-05 26.3305 1 5.97603e-10
8000 2 29.9697 4.8187e-05 29.1942 1 1.40151e-09
8330 2 27.4896 4.81928e-05 27.7624 1 8.68179e-10
8332 2 26.6629 2.33832 26.3305 1 6.07168e-10
8355 2 29.143 2.33832 27.7624 1 3.86854e-10
8357 2 26.6629 2.33832 29.1942 1 7.97567e-10
7998 2 32.4498 4.8381e-05 27.7624 1 8.84617e-10
8001 2 31.6231 2.33832 29.1942 1 8.00597e-10
8003 2 34.1032 2.33832 27.7624 1 3.94458e-10
8004 2 31.6231 2.33832 26.3305 1 6.10655e-10
8289 2 3.51523 4.67659 26.3306 1 6.38465e-10
11181 2 0.208424 7.01485 29.1942 1 1.41037e-09
11183 2 2.68853 7.01485 27.7624 1 8.70508e-10
11234 2 0.208424 7.01485 26.3305 1 6.06132e-10
11235 2 1.03513 4.67659 27.7624 1 3.87957e-10
11973 2 3.51523 4.67658 29.1942 1 8.2992e-10
11929 2 5.99534 4.67659 27.7624 1 4.15287e-10
12008 2 5.16864 7.01485 29.1942 1 1.44572e-09
12036 2 7.64875 7.01485 27.7624 1 8.82429e-10
12037 2 5.16864 7.01485 26.3305 1 6.36918e-10
12809 2 8.47545 4.67658 29.1942 1 8.30623e-10
12856 2 8.47545 4.67659 26.3306 1 6.71016e-10
10516 2 10.1289 7.01485 29.1942 1 1.44336e-09
10534 2 12.609 7.01485 27.7624 1 8.71832e-10
12814 2 10.9556 4.67659 27.7624 1 4.02872e-10
12857 2 10.1289 7.01485 26.3305 1 6.54318e-10
11311 2 13.4357 4.67659 26.3305 1 7.57258e-10
11346 2 15.9158 4.67659 27.7624 1 3.97716e-10
11348 2 13.4357 4.67658 29.1942 1 8.31089e-10
11349 2 15.0891 7.01485 29.1942 1 1.43102e-09
11352 2 15.0891 7.01485 26.3305 1 6.50722e-10
10010 2 18.3959 4.67658 29.1942 1 8.05504e-10
10012 2 20.876 4.67659 27.7624 1 4.07151e-10
10013 2 18.3959 4.67659 26.3305 1 6.70229e-10
10014 2 20.0493 7.01485 26.3305 1 5.98903e-10
10049 2 20.0493 7.01485 29.1942 1 1.3882e-09
11351 2 17.5692 7.01485 27.7624 1 8.51791e-10
9007 2 23.3561 4.67659 26.3305 1 6.8673e-10
9036 2 25.8362 4.67659 27.7624 1 4.1678e-10
9038 2 23.3561 4.67658 29.1942 1 8.13111e-10
9039 2 25.0095 7.01485 29.1942 1 1.38699e-09
9042 2 25.0095 7.01485 26.3305 1 5.89688e-10
10047 2 22.5294 7.01485 27.7624 1 8.69419e-10
8358 2 28.3163 4.67658 29.1942 1 8.10244e-10
8361 2 28.3163 4.67659 26.3305 1 5.95059e-10
8362 2 29.9697 7.01485 26.3305 1 5.93655e-10
8387 2 29.9697 7.01485 29.1942 1 1.38338e-09
9041 2 27.4896 7.01485 27.7624 1 8.61279e-10
8005 2 33.2765 4.67659 26.3305 1 5.93191e-10
8202 2 33.2765 4.67658 29.1942 1 8.21032e-10
8360 2 30.7964 4.67659 27.7624 1 4.1143e-10
8385 2 32.4498 7.01485 27.7624 1 8.70017e-10
9815 2 1.03513 11.6914 27.7624 1 3.71168e-10
11123 2 3.51523 11.6914 29.1942 1 8.34267e-10
11176 2 3.51523 11.6914 26.3305 1 6.19472e-10
11177 2 1.86183 9.35312 26.3305 1 5.87761e-10
11180 2 1.86183 9.35312 29.1942 1 8.4564e-10
11125 2 5.99534 11.6914 27.7624 1 3.8176e-10
11178 2 4.34194 9.35312 27.7624 1 4.21949e-10
12056 2 6.82204 9.35312 26.3306 1 5.44691e-10
12832 2 8.47545 11.6914 26.3305 1 6.5321e-10
12835 2 8.47545 11.6914 29.1942 1 8.47953e-10
12836 2 6.82204 9.35312 29.1942 1 8.44178e-10
10487 2 11.7823 9.35312 26.3305 1 5.49179e-10
10515 2 11.7823 9.35312 29.1942 1 8.33057e-10
12833 2 10.9556 11.6914 27.7624 1 3.85685e-10
12838 2 9.30215 9.35312 27.7624 1 4.11879e-10
3246 2 13.4357 11.6914 29.1942 1 8.30219e-10
3248 2 15.9158 11.6914 27.7624 1 3.82645e-10
10444 2 13.4357 11.6914 26.3305 1 7.27134e-10
10488 2 14.2624 9.35312 27.7624 1 4.13485e-10
11353 2 16.7425 9.35312 26.3305 1 5.5134e-10
11392 2 16.7425 9.35312 29.1942 1 8.33872e-10
11390 2 19.2226 9.35312 27.7624 1 4.18272e-10
11393 2 18.3959 11.6914 29.1942 1 8.09667e-10
11395 2 20.876 11.6914 27.7624 1 3.76339e-10
11396 2 18.3959 11.6914 26.3305 1 6.49656e-10
10050 2 21.7027 9.35312 29.1942 1 8.06301e-10
10052 2 24.1828 9.35312 27.7624 1 3.82779e-10
10053 2 21.7027 9.35312 26.3305 1 5.99647e-10
10054 2 23.3561 11.6914 26.3305 1 6.75686e-10
10095 2 25.8362 11.6914 27.7624 1 3.77309e-10
10097 2 23.3561 11.6914 29.1942 1 8.3286e-10
9043 2 26.6629 9.35312 26.3305 1 5.93653e-10
9078 2 29.143 9.35312 27.7624 1 3.73708e-10
9080 2 26.6629 9.35312 29.1942 1 7.95259e-10
9081 2 28.3163 11.6914 29.1942 1 8.32465e-10
9084 2 28.3163 11.6914 26.3305 1 5.84993e-10
8388 2 31.6231 9.35312 29.1942 1 7.91899e-10
8390 2 34.1032 9.35312 27.7624 1 3.81973e-10
8391 2 31.6231 9.35312 26.3305 1 6.00499e-10
8392 2 33.2765 11.6914 26.3305 1 5.77219e-10
8415 2 33.2765 11.6914 29.1942 1 8.37151e-10
9083 2 30.7964 11.6914 27.7624 1 3.76399e-10
9769 2 1.86183 16.3679 26.3305 1 5.77859e-10
9772 2 1.86183 16.3679 29.1942 1 8.28875e-10
9773 2 0.208424 14.0297 29.1942 1 1.41257e-09
9775 2 2.68853 14.0297 27.7624 1 8.75166e-10
9814 2 0.208424 14.0297 26.3305 1 6.11901e-10
9770 2 4.34194 16.3679 27.7624 1 4.37382e-10
11065 2 6.82204 16.3679 29.1942 1 8.33767e-10
11118 2 6.82204 16.3679 26.3305 1 5.34674e-10
11119 2 5.16864 14.0297 26.3305 1 6.49059e-10
11120 2 7.64875 14.0297 27.7624 1 8.79008e-10
11122 2 5.16864 14.0297 29.1942 1 1.44921e-09
11067 2 9.30215 16.3679 27.7624 1 4.23274e-10
12764 2 11.7823 16.3679 26.3305 1 5.46347e-10
12767 2 11.7823 16.3679 29.1942 1 8.18658e-10
12768 2 10.1289 14.0297 29.1942 1 1.4481e-09
12770 2 12.609 14.0297 27.7624 1 8.59299e-10
12831 2 10.1289 14.0297 26.3305 1 6.7106e-10
2330 2 16.7425 16.3679 29.1942 1 8.18859e-10
3232 2 16.7425 16.3679 26.3305 1 5.32869e-10
3236 2 15.0891 14.0297 26.3305 1 6.58106e-10
3245 2 15.0891 14.0297 29.1942 1 1.43207e-09
12765 2 14.2624 16.3679 27.7624 1 4.25913e-10
2332 2 19.2226 16.3679 27.7624 1 4.35603e-10
3240 2 17.5692 14.0297 27.7624 1 8.54396e-10
11397 2 20.0493 14.0297 26.3305 1 6.14196e-10
11444 2 20.0493 14.0297 29.1942 1 1.38891e-09
10098 2 25.0095 14.0297 29.1942 1 1.37985e-09
10101 2 25.0095 14.0297 26.3305 1 5.97686e-10
11442 2 22.5294 14.0297 27.7624 1 8.72866e-10
11445 2 21.7027 16.3679 29.1942 1 7.93559e-10
11447 2 24.1828 16.3679 27.7624 1 3.90671e-10
11448 2 21.7027 16.3679 26.3305 1 5.96595e-10
9085 2 29.9697 14.0297 26.3305 1 6.02041e-10
9122 2 29.9697 14.0297 29.1942 1 1.37543e-09
10100 2 27.4896 14.0297 27.7624 1 8.60822e-10
10102 2 26.6629 16.3679 26.3305 1 5.87559e-10
10149 2 29.143 16.3679 27.7624 1 3.80348e-10
10151 2 26.6629 16.3679 29.1942 1 7.85553e-10
9120 2 32.4498 14.0297 27.7624 1 8.73376e-10
9123 2 31.6231 16.3679 29.1942 1 7.82668e-10
9125 2 34.1032 16.3679 27.7624 1 3.90128e-10
9126 2 31.6231 16.3679 26.3305 1 5.9829e-10
8767 2 0.208424 21.0445 29.1942 1 1.43852e-09
8769 2 2.68853 21.0445 27.7624 1 9.11598e-10
8796 2 0.208424 21.0445 26.3305 1 6.51196e-10
8797 2 1.03513 18.7062 27.7624 1 3.63495e-10
9727 2 3.51523 18.7062 29.1942 1 8.29686e-10
9768 2 3.51523 18.7062 26.3305 1 6.15824e-10
9723 2 5.16864 21.0445 26.3305 1 6.91252e-10
9724 2 7.64875 21.0445 27.7624 1 9.09879e-10
9726 2 5.16864 21.0445 29.1942 1 1.47074e-09
9729 2 5.99534 18.7062 27.7624 1 3.71742e-10
11061 2 8.47545 18.7062 26.3305 1 6.45456e-10
11064 2 8.47545 18.7062 29.1942 1 8.50148e-10
11007 2 10.1289 21.0445 29.1942 1 1.48484e-09
11009 2 12.609 21.0445 27.7624 1 8.93715e-10
11060 2 10.1289 21.0445 26.3305 1 7.11737e-10
11062 2 10.9556 18.7062 27.7624 1 3.76995e-10
12696 2 15.0891 21.0445 26.3305 1 7.02095e-10
12699 2 15.0891 21.0445 29.1942 1 1.45821e-09
12700 2 13.4357 18.7062 29.1942 1 8.28818e-10
12702 2 15.9158 18.7062 27.7624 1 3.73521e-10
12763 2 13.4357 18.7062 26.3305 1 7.26186e-10
2206 2 20.0493 21.0445 29.1942 1 1.41687e-09
2269 2 20.0493 21.0445 26.3305 1 6.56798e-10
2270 2 18.3959 18.7062 26.3305 1 6.41932e-10
2287 2 20.876 18.7062 27.7624 1 3.68516e-10
2326 2 18.3959 18.7062 29.1942 1 8.10355e-10
12697 2 17.5692 21.0445 27.7624 1 8.8936e-10
2208 2 22.5294 21.0445 27.7624 1 9.07187e-10
11449 2 23.3561 18.7062 26.3305 1 6.71796e-10
11502 2 25.8362 18.7062 27.7624 1 3.68574e-10
11504 2 23.3561 18.7062 29.1942 1 8.2846e-10
11505 2 25.0095 21.0445 29.1942 1 1.40022e-09
11508 2 25.0095 21.0445 26.3305 1 6.32601e-10
10152 2 28.3163 18.7062 29.1942 1 8.33156e-10
10155 2 28.3163 18.7062 26.3305 1 5.73443e-10
10156 2 29.9697 21.0445 26.3305 1 6.34216e-10
10205 2 29.9697 21.0445 29.1942 1 1.40273e-09
11507 2 27.4896 21.0445 27.7624 1 8.97315e-10
9127 2 33.2765 18.7062 26.3305 1 5.72177e-10
9162 2 33.2765 18.7062 29.1942 1 8.33807e-10
10154 2 30.7964 18.7062 27.7624 1 3.69781e-10
10203 2 32.4498 21.0445 27.7624 1 9.1181e-10
8181 2 1.03513 25.721 27.7624 1 4.58412e-10
8733 2 3.51523 25.721 29.1942 1 8.46774e-10
8762 2 3.51523 25.721 26.3305 1 7.04924e-10
8763 2 1.86183 23.3827 26.3305 1 6.48493e-10
8766 2 1.86183 23.3827 29.1942 1 8.51939e-10
8735 2 5.99534 25.721 27.7624 1 4.97875e-10
8764 2 4.34194 23.3827 27.7624 1 5.98424e-10
9677 2 8.47545 25.721 26.3305 1 7.23336e-10
9680 2 8.47545 25.721 29.1942 1 8.41993e-10
9681 2 6.82204 23.3827 29.1942 1 8.58402e-10
9722 2 6.82204 23.3827 26.3305 1 6.25001e-10
9678 2 10.9556 25.721 27.7624 1 4.77721e-10
9683 2 9.30215 23.3827 27.7624 1 5.67929e-10
11003 2 11.7823 23.3827 26.3305 1 6.28523e-10
11006 2 11.7823 23.3827 29.1942 1 8.56057e-10
10949 2 13.4357 25.721 29.1942 1 8.47858e-10
10951 2 15.9158 25.721 27.7624 1 4.64354e-10
11002 2 13.4357 25.721 26.3305 1 8.21498e-10
11004 2 14.2624 23.3827 27.7624 1 5.71574e-10
12632 2 16.7425 23.3827 29.1942 1 8.35108e-10
12695 2 16.7425 23.3827 26.3305 1 6.09067e-10
12628 2 18.3959 25.721 26.3305 1 7.35394e-10
12629 2 20.876 25.721 27.7624 1 4.90582e-10
12631 2 18.3959 25.721 29.1942 1 8.21249e-10
12634 2 19.2226 23.3827 27.7624 1 5.99658e-10
2122 2 23.3561 25.721 29.1942 1 8.13902e-10
2124 2 25.8362 25.721 27.7624 1 5.07839e-10
2201 2 23.3561 25.721 26.3305 1 7.39128e-10
2202 2 21.7027 23.3827 26.3305 1 6.93131e-10
2203 2 24.1828 23.3827 27.7624 1 5.24929e-10
2205 2 21.7027 23.3827 29.1942 1 8.31497e-10
11509 2 26.6629 23.3827 26.3305 1 6.86999e-10
11568 2 29.143 23.3827 27.7624 1 5.06991e-10
11570 2 26.6629 23.3827 29.1942 1 8.29175e-10
11571 2 28.3163 25.721 29.1942 1 8.12315e-10
11574 2 28.3163 25.721 26.3305 1 6.42007e-10
10206 2 31.6231 23.3827 29.1942 1 8.36184e-10
10208 2 34.1032 23.3827 27.7624 1 5.25514e-10
10209 2 31.6231 23.3827 26.3305 1 6.99672e-10
10210 2 33.2765 25.721 26.3305 1 6.43661e-10
10257 2 33.2765 25.721 29.1942 1 8.31954e-10
11573 2 30.7964 25.721 27.7624 1 4.94305e-10
8159 2 1.86183 30.3975 26.3305 1 6.02807e-10
8162 2 1.86183 30.3975 29.1942 1 8.35705e-10
8163 2 0.208424 28.0593 29.1942 1 1.40598e-09
8165 2 2.68853 28.0593 27.7624 1 8.63459e-10
8180 2 0.208424 28.0593 26.3305 1 5.96418e-10
8160 2 4.34194 30.3975 27.7624 1 5.01822e-10
8699 2 6.82204 30.3975 29.1942 1 8.43778e-10
8728 2 6.82204 30.3975 26.3306 1 5.67239e-10
8729 2 5.16864 28.0593 26.3305 1 6.30873e-10
8730 2 7.64875 28.0593 27.7624 1 8.78963e-10
8732 2 5.16864 28.0593 29.1942 1 1.43978e-09
8701 2 9.30215 30.3975 27.7624 1 4.76966e-10
9631 2 11.7823 30.3975 26.3305 1 5.75738e-10
9634 2 11.7823 30.3975 29.1942 1 8.3043e-10
9635 2 10.1289 28.0593 29.1942 1 1.4352e-09
9637 2 12.609 28.0593 27.7624 1 8.55829e-10
9676 2 10.1289 28.0593 26.3305 1 6.50086e-10
9632 2 14.2624 30.3975 27.7624 1 4.82971e-10
10891 2 16.7425 30.3975 29.1942 1 8.22216e-10
10944 2 16.7425 30.3975 26.3305 1 5.64995e-10
10945 2 15.0891 28.0593 26.3305 1 6.4269e-10
10948 2 15.0891 28.0593 29.1942 1 1.42122e-09
10893 2 19.2226 30.3975 27.7624 1 4.98196e-10
10946 2 17.5692 28.0593 27.7624 1 8.5066e-10
12564 2 20.0493 28.0593 29.1942 1 1.37843e-09
12627 2 20.0493 28.0593 26.3305 1 5.93987e-10
2115 2 25.0095 28.0593 26.3305 1 5.82189e-10
2121 2 25.0095 28.0593 29.1942 1 1.37582e-09
12560 2 21.7027 30.3975 26.3305 1 6.32193e-10
12561 2 24.1828 30.3975 27.7624 1 4.43806e-10
12563 2 21.7027 30.3975 29.1942 1 8.06656e-10
12566 2 22.5294 28.0593 27.7624 1 8.59172e-10
2019 2 26.6629 30.3975 29.1942 1 8.03662e-10
2023 2 29.143 30.3975 27.7624 1 4.26257e-10
2114 2 26.6629 30.3975 26.3305 1 6.20813e-10
2116 2 27.4896 28.0593 27.7624 1 8.53787e-10
11575 2 29.9697 28.0593 26.3305 1 5.90341e-10
11636 2 29.9697 28.0593 29.1942 1 1.37334e-09
11634 2 32.4498 28.0593 27.7624 1 8.63927e-10
11637 2 31.6231 30.3975 29.1942 1 8.05503e-10
11639 2 34.1032 30.3975 27.7624 1 4.40361e-10
11640 2 31.6231 30.3975 26.3305 1 6.42974e-10
7967 2 1.03513 32.7358 27.7624 1 4.6848e-10
8141 2 3.51523 32.7358 29.1942 1 8.67036e-10
8158 2 3.51523 32.7358 26.3306 1 7.30994e-10
8143 2 5.99534 32.7358 27.7624 1 5.09503e-10
8695 2 8.47545 32.7358 26.3306 1 7.39586e-10
8698 2 8.47545 32.7358 29.1942 1 8.682e-10
8696 2 10.9556 32.7358 27.7624 1 4.88355e-10
9589 2 13.4357 32.7358 29.1942 1 8.68493e-10
9591 2 15.9158 32.7358 27.7624 1 4.75517e-10
9630 2 13.4357 32.7358 26.3305 1 8.47879e-10
10887 2 18.3959 32.7358 26.3305 1 7.56361e-10
10888 2 20.876 32.7358 27.7624 1 5.01142e-10
10890 2 18.3959 32.7358 29.1942 1 8.44404e-10
12496 2 23.3561 32.7358 29.1942 1 8.32702e-10
12498 2 25.8362 32.7358 27.7624 1 5.2112e-10
12559 2 23.3561 32.7358 26.3305 1 7.68594e-10
2014 2 28.3163 32.7358 26.3305 1 6.51115e-10
2018 2 28.3163 32.7358 29.1942 1 8.35751e-10
2015 2 30.7964 32.7358 27.7624 1 5.05568e-10
11641 2 33.2765 32.7358 26.3305 1 6.71275e-10
11700 2 33.2765 32.7358 29.1942 1 8.54662e-10
131 2 0.208424 4.83906e-05 32.0579 1 4.24456e-09
181 2 2.68853 4.83755e-05 30.6261 1 1.97792e-09
11238 2 2.68853 4.83744e-05 33.4898 1 2.78605e-09
11877 2 1.86183 2.33832 32.0579 1 3.83835e-09
11817 2 4.34194 2.33832 30.6261 1 2.8373e-09
11876 2 4.34194 2.33832 33.4898 1 2.88604e-09
12802 2 7.64875 4.74482e-05 30.6261 1 2.0024e-09
12803 2 7.64875 4.7448e-05 33.4898 1 2.81975e-09
12804 2 5.16864 4.8054e-05 32.0579 1 4.29201e-09
12805 2 6.82204 2.33832 32.0579 1 3.85751e-09
11138 2 9.30215 2.33832 33.4898 1 2.89644e-09
11303 2 10.1289 4.76585e-05 32.0579 1 4.30253e-09
11305 2 12.609 4.73413e-05 30.6261 1 1.97473e-09
11338 2 12.609 4.73392e-05 33.4898 1 2.79806e-09
11344 2 11.7823 2.33832 32.0579 1 3.84931e-09
12807 2 9.30215 2.33832 30.6261 1 2.81863e-09
10005 2 15.0891 4.7517e-05 32.0579 1 4.28545e-09
10006 2 16.7425 2.33832 32.0579 1 3.82672e-09
11342 2 14.2624 2.33832 30.6261 1 2.80107e-09
11343 2 14.2624 2.33832 33.4898 1 2.88741e-09
8999 2 20.0493 4.75337e-05 32.0579 1 4.2211e-09
10003 2 17.5692 4.73481e-05 30.6261 1 1.94261e-09
10004 2 17.5692 4.73395e-05 33.4898 1 2.77809e-09
10008 2 19.2226 2.33831 30.6261 1 2.78229e-09
10039 2 19.2226 2.33832 33.4898 1 2.87349e-09
8353 2 25.0095 4.79232e-05 32.0579 1 4.20154e-09
9001 2 22.5294 4.77363e-05 30.6261 1 1.90737e-09
9028 2 22.5294 4.77293e-05 33.4898 1 2.7587e-09
9032 2 24.1828 2.33832 30.6261 1 2.73419e-09
9033 2 24.1828 2.33832 33.4898 1 2.86562e-09
9034 2 21.7027 2.33832 32.0579 1 3.7873e-09
7997 2 29.9697 4.81996e-05 32.0579 1 4.23262e-09
8351 2 27.4896 4.82528e-05 30.6261 1 1.92048e-09
8352 2 27.4896 4.82577e-05 33.4898 1 2.76012e-09
8354 2 26.6629 2.33832 32.0579 1 3.78667e-09
8356 2 29.143 2.33832 30.6261 1 2.75042e-09
8377 2 29.143 2.33832 33.4898 1 2.87246e-09
7999 2 32.4498 4.84256e-05 30.6261 1 1.94873e-09
8008 2 32.4498 4.8425e-05 33.4898 1 2.78324e-09
8198 2 34.1032 2.33832 30.6261 1 2.77878e-09
8199 2 34.1032 2.33832 33.4898 1 2.87565e-09
8200 2 31.6231 2.33832 32.0579 1 3.81491e-09
11133 2 2.68853 7.01485 33.4898 1 2.77966e-09
11182 2 2.68853 7.01485 30.6261 1 1.96595e-09
11184 2 0.208424 7.01485 32.0579 1 4.23913e-09
11185 2 1.03513 4.67658 33.4898 1 2.8785e-09
11186 2 1.03513 4.67659 30.6261 1 2.78818e-09
11928 2 3.51523 4.67659 32.0579 1 3.84732e-09
10560 2 8.47545 4.67658 32.0579 1 3.86366e-09
11972 2 5.99534 4.67659 30.6261 1 2.82598e-09
12840 2 5.16864 7.01485 32.0579 1 4.28427e-09
12841 2 7.64875 7.01485 33.4898 1 2.81017e-09
12842 2 7.64875 7.01485 30.6261 1 1.98555e-09
12846 2 5.99534 4.67658 33.4898 1 2.90071e-09
3636 2 12.609 7.01485 33.4898 1 2.78926e-09
10533 2 12.609 7.01485 30.6261 1 1.95493e-09
10559 2 10.1289 7.01485 32.0579 1 4.29894e-09
10593 2 10.9556 4.67658 33.4898 1 2.9114e-09
10594 2 10.9556 4.67658 30.6261 1 2.80772e-09
11345 2 13.4357 4.67658 32.0579 1 3.86987e-09
11347 2 15.9158 4.67658 30.6261 1 2.78311e-09
11382 2 15.9158 4.67658 33.4898 1 2.90119e-09
11388 2 15.0891 7.01485 32.0579 1 4.27636e-09
10043 2 20.876 4.67659 30.6261 1 2.75222e-09
10044 2 20.876 4.67658 33.4898 1 2.86451e-09
10045 2 18.3959 4.67658 32.0579 1 3.82058e-09
10046 2 20.0493 7.01485 32.0579 1 4.21761e-09
11386 2 17.5692 7.01485 30.6261 1 1.93254e-09
11387 2 17.5692 7.01485 33.4898 1 2.76966e-09
9035 2 23.3561 4.67658 32.0579 1 3.78574e-09
9037 2 25.8362 4.67659 30.6261 1 2.74782e-09
9070 2 25.8362 4.67658 33.4898 1 2.85628e-09
9076 2 25.0095 7.01485 32.0579 1 4.19019e-09
10048 2 22.5294 7.01485 30.6261 1 1.89921e-09
10087 2 22.5294 7.01485 33.4898 1 2.75199e-09
8383 2 28.3163 4.67658 32.0579 1 3.79612e-09
8384 2 29.9697 7.01485 32.0579 1 4.21888e-09
9074 2 27.4896 7.01485 30.6261 1 1.90706e-09
9075 2 27.4896 7.01485 33.4898 1 2.75199e-09
8201 2 33.2765 4.67659 32.0579 1 3.83387e-09
8381 2 30.7964 4.67659 30.6261 1 2.76557e-09
8382 2 30.7964 4.67658 33.4898 1 2.86847e-09
8386 2 32.4498 7.01485 30.6261 1 1.93601e-09
8407 2 32.4498 7.01485 33.4898 1 2.77894e-09
9777 2 1.03513 11.6914 33.4898 1 2.922e-09
9778 2 1.03513 11.6914 30.6261 1 2.77801e-09
11126 2 3.51523 11.6914 32.0579 1 3.83913e-09
11127 2 1.86183 9.35312 32.0579 1 3.84511e-09
11075 2 5.99534 11.6914 33.4898 1 2.9273e-09
11124 2 5.99534 11.6914 30.6261 1 2.8015e-09
11128 2 4.34194 9.35312 33.4898 1 2.88833e-09
11129 2 4.34194 9.35312 30.6261 1 2.81176e-09
12772 2 8.47545 11.6914 32.0579 1 3.86871e-09
12839 2 6.82204 9.35312 32.0579 1 3.86066e-09
3250 2 11.7823 9.35312 32.0579 1 3.85543e-09
12773 2 10.9556 11.6914 33.4898 1 2.9536e-09
12774 2 10.9556 11.6914 30.6261 1 2.79618e-09
12778 2 9.30215 9.35312 33.4898 1 2.90459e-09
12837 2 9.30215 9.35312 30.6261 1 2.79856e-09
2419 2 15.9158 11.6914 33.4898 1 2.94922e-09
3247 2 15.9158 11.6914 30.6261 1 2.7705e-09
3249 2 13.4357 11.6914 32.0579 1 3.86434e-09
3617 2 14.2624 9.35312 33.4898 1 2.8971e-09
3620 2 14.2624 9.35312 30.6261 1 2.77333e-09
11389 2 16.7425 9.35312 32.0579 1 3.83249e-09
11391 2 19.2226 9.35312 30.6261 1 2.75804e-09
11434 2 19.2226 9.35312 33.4898 1 2.8754e-09
11438 2 20.876 11.6914 30.6261 1 2.72671e-09
11439 2 20.876 11.6914 33.4898 1 2.89432e-09
11440 2 18.3959 11.6914 32.0579 1 3.81705e-09
10091 2 24.1828 9.35312 30.6261 1 2.72063e-09
10092 2 24.1828 9.35312 33.4898 1 2.8757e-09
10093 2 21.7027 9.35312 32.0579 1 3.79049e-09
10094 2 23.3561 11.6914 32.0579 1 3.79598e-09
10096 2 25.8362 11.6914 30.6261 1 2.71586e-09
10141 2 25.8362 11.6914 33.4898 1 2.87653e-09
9077 2 26.6629 9.35312 32.0579 1 3.7833e-09
9079 2 29.143 9.35312 30.6261 1 2.72922e-09
9112 2 29.143 9.35312 33.4898 1 2.88385e-09
9118 2 28.3163 11.6914 32.0579 1 3.80625e-09
8411 2 34.1032 9.35312 30.6261 1 2.75895e-09
8412 2 34.1032 9.35312 33.4898 1 2.88616e-09
8413 2 31.6231 9.35312 32.0579 1 3.80832e-09
8414 2 33.2765 11.6914 32.0579 1 3.83453e-09
9116 2 30.7964 11.6914 30.6261 1 2.73409e-09
9117 2 30.7964 11.6914 33.4898 1 2.89516e-09
9731 2 1.86183 16.3679 32.0579 1 3.8153e-09
9737 2 2.68853 14.0297 33.4898 1 2.77621e-09
9774 2 2.68853 14.0297 30.6261 1 1.96391e-09
9776 2 0.208424 14.0297 32.0579 1 4.23002e-09
9732 2 4.34194 16.3679 33.4898 1 2.87181e-09
9733 2 4.34194 16.3679 30.6261 1 2.8102e-09
11068 2 6.82204 16.3679 32.0579 1 3.83179e-09
11069 2 5.16864 14.0297 32.0579 1 4.27587e-09
11070 2 7.64875 14.0297 33.4898 1 2.80065e-09
11071 2 7.64875 14.0297 30.6261 1 1.97673e-09
11017 2 9.30215 16.3679 33.4898 1 2.88455e-09
11066 2 9.30215 16.3679 30.6261 1 2.79325e-09
12704 2 11.7823 16.3679 32.0579 1 3.83075e-09
12710 2 12.609 14.0297 33.4898 1 2.78363e-09
12769 2 12.609 14.0297 30.6261 1 1.95009e-09
12771 2 10.1289 14.0297 32.0579 1 4.29767e-09
2333 2 16.7425 16.3679 32.0579 1 3.80253e-09
2334 2 15.0891 14.0297 32.0579 1 4.27337e-09
12705 2 14.2624 16.3679 33.4898 1 2.87716e-09
12706 2 14.2624 16.3679 30.6261 1 2.77015e-09
2220 2 19.2226 16.3679 33.4898 1 2.86117e-09
2331 2 19.2226 16.3679 30.6261 1 2.75837e-09
2335 2 17.5692 14.0297 33.4898 1 2.76509e-09
2403 2 17.5692 14.0297 30.6261 1 1.92406e-09
11441 2 20.0493 14.0297 32.0579 1 4.21208e-09
10147 2 25.0095 14.0297 32.0579 1 4.17819e-09
11443 2 22.5294 14.0297 30.6261 1 1.89382e-09
11494 2 22.5294 14.0297 33.4898 1 2.75165e-09
11498 2 24.1828 16.3679 30.6261 1 2.70776e-09
11499 2 24.1828 16.3679 33.4898 1 2.85281e-09
11500 2 21.7027 16.3679 32.0579 1 3.7671e-09
9119 2 29.9697 14.0297 32.0579 1 4.20984e-09
10145 2 27.4896 14.0297 30.6261 1 1.90632e-09
10146 2 27.4896 14.0297 33.4898 1 2.75186e-09
10148 2 26.6629 16.3679 32.0579 1 3.7623e-09
10150 2 29.143 16.3679 30.6261 1 2.72115e-09
10195 2 29.143 16.3679 33.4898 1 2.85722e-09
9121 2 32.4498 14.0297 30.6261 1 1.93296e-09
9154 2 32.4498 14.0297 33.4898 1 2.78126e-09
9158 2 34.1032 16.3679 30.6261 1 2.74605e-09
9159 2 34.1032 16.3679 33.4898 1 2.86472e-09
9160 2 31.6231 16.3679 32.0579 1 3.79178e-09
8743 2 2.68853 21.0445 33.4898 1 2.81086e-09
8768 2 2.68853 21.0445 30.6261 1 1.98498e-09
8770 2 0.208424 21.0445 32.0579 1 4.25533e-09
8771 2 1.03513 18.7062 33.4898 1 2.9134e-09
8772 2 1.03513 18.7062 30.6261 1 2.75755e-09
9730 2 3.51523 18.7062 32.0579 1 3.82111e-09
9685 2 5.16864 21.0445 32.0579 1 4.30435e-09
9686 2 7.64875 21.0445 33.4898 1 2.82394e-09
9687 2 7.64875 21.0445 30.6261 1 1.99305e-09
9691 2 5.99534 18.7062 33.4898 1 2.91535e-09
9728 2 5.99534 18.7062 30.6261 1 2.78302e-09
11011 2 8.47545 18.7062 32.0579 1 3.84748e-09
10959 2 12.609 21.0445 33.4898 1 2.8094e-09
11008 2 12.609 21.0445 30.6261 1 1.96785e-09
11010 2 10.1289 21.0445 32.0579 1 4.32748e-09
11012 2 10.9556 18.7062 33.4898 1 2.9421e-09
11013 2 10.9556 18.7062 30.6261 1 2.77941e-09
12636 2 15.0891 21.0445 32.0579 1 4.29982e-09
12642 2 15.9158 18.7062 33.4898 1 2.93748e-09
12701 2 15.9158 18.7062 30.6261 1 2.75345e-09
12703 2 13.4357 18.7062 32.0579 1 3.84509e-09
2209 2 20.0493 21.0445 32.0579 1 4.24068e-09
2210 2 18.3959 18.7062 32.0579 1 3.79669e-09
2212 2 20.876 18.7062 33.4898 1 2.88308e-09
2216 2 20.876 18.7062 30.6261 1 2.71022e-09
12637 2 17.5692 21.0445 33.4898 1 2.7942e-09
12638 2 17.5692 21.0445 30.6261 1 1.94206e-09
2136 2 22.5294 21.0445 33.4898 1 2.78373e-09
2207 2 22.5294 21.0445 30.6261 1 1.9204e-09
11501 2 23.3561 18.7062 32.0579 1 3.77714e-09
11503 2 25.8362 18.7062 30.6261 1 2.69708e-09
11560 2 25.8362 18.7062 33.4898 1 2.86699e-09
11566 2 25.0095 21.0445 32.0579 1 4.20007e-09
10201 2 28.3163 18.7062 32.0579 1 3.78813e-09
10202 2 29.9697 21.0445 32.0579 1 4.2322e-09
11564 2 27.4896 21.0445 30.6261 1 1.93103e-09
11565 2 27.4896 21.0445 33.4898 1 2.78653e-09
9161 2 33.2765 18.7062 32.0579 1 3.81708e-09
10199 2 30.7964 18.7062 30.6261 1 2.7236e-09
10200 2 30.7964 18.7062 33.4898 1 2.8825e-09
10204 2 32.4498 21.0445 30.6261 1 1.9659e-09
10249 2 32.4498 21.0445 33.4898 1 2.8132e-09
8167 2 1.03513 25.721 33.4898 1 2.88369e-09
8168 2 1.03513 25.721 30.6261 1 2.81244e-09
8736 2 3.51523 25.721 32.0579 1 3.88034e-09
8737 2 1.86183 23.3827 32.0579 1 3.86446e-09
8709 2 5.99534 25.721 33.4898 1 2.92103e-09
8734 2 5.99534 25.721 30.6261 1 2.86189e-09
8738 2 4.34194 23.3827 33.4898 1 2.94756e-09
8739 2 4.34194 23.3827 30.6261 1 2.92361e-09
9639 2 8.47545 25.721 32.0579 1 3.88919e-09
9684 2 6.82204 23.3827 32.0579 1 3.88999e-09
9640 2 10.9556 25.721 33.4898 1 2.92211e-09
9641 2 10.9556 25.721 30.6261 1 2.83566e-09
9645 2 9.30215 23.3827 33.4898 1 2.93975e-09
9682 2 9.30215 23.3827 30.6261 1 2.8909e-09
10953 2 11.7823 23.3827 32.0579 1 3.88996e-09
10901 2 15.9158 25.721 33.4898 1 2.90734e-09
10950 2 15.9158 25.721 30.6261 1 2.79843e-09
10952 2 13.4357 25.721 32.0579 1 3.90674e-09
10954 2 14.2624 23.3827 33.4898 1 2.93406e-09
10955 2 14.2624 23.3827 30.6261 1 2.8688e-09
12635 2 16.7425 23.3827 32.0579 1 3.8487e-09
12568 2 18.3959 25.721 32.0579 1 3.85164e-09
12569 2 20.876 25.721 33.4898 1 2.88561e-09
12570 2 20.876 25.721 30.6261 1 2.78472e-09
12574 2 19.2226 23.3827 33.4898 1 2.93888e-09
12633 2 19.2226 23.3827 30.6261 1 2.8718e-09
2035 2 25.8362 25.721 33.4898 1 2.88359e-09
2123 2 25.8362 25.721 30.6261 1 2.79197e-09
2126 2 23.3561 25.721 32.0579 1 3.8091e-09
2127 2 21.7027 23.3827 32.0579 1 3.83535e-09
2129 2 24.1828 23.3827 33.4898 1 2.897e-09
2130 2 24.1828 23.3827 30.6261 1 2.79633e-09
11567 2 26.6629 23.3827 32.0579 1 3.83507e-09
11569 2 29.143 23.3827 30.6261 1 2.7986e-09
11626 2 29.143 23.3827 33.4898 1 2.89704e-09
11632 2 28.3163 25.721 32.0579 1 3.8143e-09
10253 2 34.1032 23.3827 30.6261 1 2.84035e-09
10254 2 34.1032 23.3827 33.4898 1 2.90757e-09
10255 2 31.6231 23.3827 32.0579 1 3.87019e-09
10256 2 33.2765 25.721 32.0579 1 3.85884e-09
11630 2 30.7964 25.721 30.6261 1 2.79995e-09
11631 2 30.7964 25.721 33.4898 1 2.89032e-09
8145 2 1.86183 30.3975 32.0579 1 3.83997e-09
8151 2 2.68853 28.0593 33.4898 1 2.77366e-09
8164 2 2.68853 28.0593 30.6261 1 1.96297e-09
8166 2 0.208424 28.0593 32.0579 1 4.23247e-09
8146 2 4.34194 30.3975 33.4898 1 2.90085e-09
8147 2 4.34194 30.3975 30.6261 1 2.87226e-09
8702 2 6.82204 30.3975 32.0579 1 3.85878e-09
8703 2 5.16864 28.0593 32.0579 1 4.27624e-09
8704 2 7.64875 28.0593 33.4898 1 2.80443e-09
8705 2 7.64875 28.0593 30.6261 1 1.97885e-09
8675 2 9.30215 30.3975 33.4898 1 2.9039e-09
8700 2 9.30215 30.3975 30.6261 1 2.84376e-09
9593 2 11.7823 30.3975 32.0579 1 3.8602e-09
9599 2 12.609 28.0593 33.4898 1 2.78522e-09
9636 2 12.609 28.0593 30.6261 1 1.95135e-09
9638 2 10.1289 28.0593 32.0579 1 4.29373e-09
9594 2 14.2624 30.3975 33.4898 1 2.8982e-09
9595 2 14.2624 30.3975 30.6261 1 2.82142e-09
10894 2 16.7425 30.3975 32.0579 1 3.82295e-09
10895 2 15.0891 28.0593 32.0579 1 4.26968e-09
10843 2 19.2226 30.3975 33.4898 1 2.89025e-09
10892 2 19.2226 30.3975 30.6261 1 2.8152e-09
10896 2 17.5692 28.0593 33.4898 1 2.76439e-09
10897 2 17.5692 28.0593 30.6261 1 1.92261e-09
12567 2 20.0493 28.0593 32.0579 1 4.20873e-09
2026 2 25.0095 28.0593 32.0579 1 4.18512e-09
12500 2 21.7027 30.3975 32.0579 1 3.7988e-09
12501 2 24.1828 30.3975 33.4898 1 2.86905e-09
12502 2 24.1828 30.3975 30.6261 1 2.75532e-09
12506 2 22.5294 28.0593 33.4898 1 2.74966e-09
12565 2 22.5294 28.0593 30.6261 1 1.89122e-09
1933 2 29.143 30.3975 33.4898 1 2.86824e-09
2020 2 29.143 30.3975 30.6261 1 2.7644e-09
2025 2 26.6629 30.3975 32.0579 1 3.79881e-09
2027 2 27.4896 28.0593 33.4898 1 2.74772e-09
2029 2 27.4896 28.0593 30.6261 1 1.90313e-09
11633 2 29.9697 28.0593 32.0579 1 4.21106e-09
11635 2 32.4498 28.0593 30.6261 1 1.92969e-09
11692 2 32.4498 28.0593 33.4898 1 2.77587e-09
11696 2 34.1032 30.3975 30.6261 1 2.79481e-09
11697 2 34.1032 30.3975 33.4898 1 2.87934e-09
11698 2 31.6231 30.3975 32.0579 1 3.82588e-09
7965 2 1.03513 32.7358 33.4898 1 2.89388e-09
7966 2 1.03513 32.7358 30.6261 1 2.8369e-09
8144 2 3.51523 32.7358 32.0579 1 3.90226e-09
8129 2 5.99534 32.7358 33.4898 1 2.93101e-09
8142 2 5.99534 32.7358 30.6261 1 2.89248e-09
8669 2 8.47545 32.7358 32.0579 1 3.90573e-09
8670 2 10.9556 32.7358 33.4898 1 2.93032e-09
8671 2 10.9556 32.7358 30.6261 1 2.86371e-09
9553 2 15.9158 32.7358 33.4898 1 2.91635e-09
9590 2 15.9158 32.7358 30.6261 1 2.82641e-09
9592 2 13.4357 32.7358 32.0579 1 3.92848e-09
10837 2 18.3959 32.7358 32.0579 1 3.87093e-09
10838 2 20.876 32.7358 33.4898 1 2.89416e-09
10839 2 20.876 32.7358 30.6261 1 2.81377e-09
12438 2 25.8362 32.7358 33.4898 1 2.89714e-09
12497 2 25.8362 32.7358 30.6261 1 2.82142e-09
12499 2 23.3561 32.7358 32.0579 1 3.82632e-09
1923 2 28.3163 32.7358 32.0579 1 3.83446e-09
1925 2 30.7964 32.7358 33.4898 1 2.89844e-09
1928 2 30.7964 32.7358 30.6261 1 2.83251e-09
11699 2 33.2765 32.7358 32.0579 1 3.8744e-09
11197 2 0.208425 4.83924e-05 37.7854 1 3.17324e-11
11239 2 2.68853 4.83755e-05 36.3536 1 1.9071e-10
11250 2 0.208424 4.83913e-05 34.9217 1 8.76136e-10
11251 2 1.86183 2.33832 34.9217 1 1.04466e-09
12848 2 1.86183 2.33832 37.7854 1 3.66627e-11
10636 2 6.82204 2.33832 34.9217 1 1.04497e-09
11139 2 6.82204 2.33832 37.7854 1 3.26801e-11
11196 2 5.16864 4.80602e-05 37.7854 1 5.06761e-11
12801 2 5.16864 4.80597e-05 34.9217 1 8.97386e-10
12850 2 4.34194 2.33832 36.3536 1 1.74849e-10
12878 2 7.64875 4.7447e-05 36.3536 1 2.12118e-10
10685 2 9.30215 2.33832 36.3536 1 1.75166e-10
11337 2 10.1289 4.766e-05 37.7854 1 6.17531e-11
11339 2 12.609 4.73384e-05 36.3536 1 1.96436e-10
11340 2 10.1289 4.7659e-05 34.9217 1 9.09669e-10
11341 2 11.7823 2.33832 34.9217 1 1.04718e-09
11380 2 11.7823 2.33832 37.7854 1 3.50355e-11
10002 2 15.0891 4.75159e-05 34.9217 1 9.09959e-10
10037 2 15.0891 4.75165e-05 37.7854 1 6.4203e-11
10038 2 16.7425 2.33832 37.7854 1 3.64148e-11
10041 2 16.7425 2.33832 34.9217 1 1.04332e-09
11378 2 14.2624 2.33832 36.3536 1 1.75942e-10
9027 2 20.0493 4.75324e-05 37.7854 1 3.37735e-11
9030 2 20.0493 4.75315e-05 34.9217 1 8.75647e-10
10035 2 17.5692 4.73374e-05 36.3536 1 1.89954e-10
10040 2 19.2226 2.33832 36.3536 1 1.77938e-10
8350 2 25.0095 4.79267e-05 34.9217 1 8.76941e-10
8375 2 25.0095 4.7927e-05 37.7854 1 3.52873e-11
9029 2 22.5294 4.7729e-05 36.3536 1 1.8418e-10
9031 2 21.7027 2.33832 34.9217 1 1.03891e-09
9066 2 24.1828 2.33832 36.3536 1 1.78008e-10
9068 2 21.7027 2.33832 37.7854 1 3.28794e-11
8007 2 29.9697 4.82048e-05 37.7854 1 3.48534e-11
8185 2 29.9697 4.82039e-05 34.9217 1 8.75894e-10
8373 2 27.4896 4.8255e-05 36.3536 1 1.84152e-10
8376 2 26.6629 2.33832 37.7854 1 3.14285e-11
8378 2 29.143 2.33832 36.3536 1 1.73854e-10
8379 2 26.6629 2.33832 34.9217 1 1.0375e-09
8009 2 32.4498 4.84251e-05 36.3536 1 1.93727e-10
8197 2 31.6231 2.33832 34.9217 1 1.03973e-09
8214 2 34.1032 2.33832 36.3536 1 1.68416e-10
8216 2 31.6231 2.33832 37.7854 1 3.1032e-11
11131 2 0.208424 7.01485 34.9217 1 8.69144e-10
11132 2 2.68853 7.01485 36.3536 1 1.83118e-10
11134 2 0.208425 7.01485 37.7854 1 2.42648e-11
11136 2 1.03513 4.67658 36.3536 1 1.69897e-10
12844 2 3.51523 4.67659 34.9217 1 1.0378e-09
12847 2 3.51523 4.67659 37.7854 1 2.58263e-11
3641 2 8.47545 4.67658 37.7854 1 3.44423e-11
10635 2 8.47545 4.67658 34.9217 1 1.04881e-09
12780 2 5.16864 7.01485 37.7854 1 4.422e-11
12782 2 7.64875 7.01485 36.3536 1 2.00311e-10
12843 2 5.16864 7.01485 34.9217 1 8.91201e-10
12845 2 5.99534 4.67658 36.3536 1 1.79e-10
3628 2 10.1289 7.01485 34.9217 1 9.06394e-10
3632 2 12.609 7.01485 36.3536 1 1.85895e-10
3640 2 10.1289 7.01485 37.7854 1 5.73786e-11
3643 2 10.9556 4.67658 36.3536 1 1.88536e-10
11381 2 13.4357 4.67658 37.7854 1 5.93133e-11
11383 2 15.9158 4.67658 36.3536 1 1.8961e-10
11384 2 13.4357 4.67658 34.9217 1 1.07392e-09
11385 2 15.0891 7.01485 34.9217 1 9.04403e-10
11432 2 15.0891 7.01485 37.7854 1 5.79186e-11
10042 2 18.3959 4.67658 34.9217 1 1.04374e-09
10083 2 20.876 4.67658 36.3536 1 1.72094e-10
10085 2 18.3959 4.67658 37.7854 1 3.4871e-11
10086 2 20.0493 7.01485 37.7854 1 2.81302e-11
10089 2 20.0493 7.01485 34.9217 1 8.70256e-10
11430 2 17.5692 7.01485 36.3536 1 1.80356e-10
9069 2 23.3561 4.67658 37.7854 1 3.65226e-11
9071 2 25.8362 4.67658 36.3536 1 1.70881e-10
9072 2 23.3561 4.67658 34.9217 1 1.04272e-09
9073 2 25.0095 7.01485 34.9217 1 8.66968e-10
9110 2 25.0095 7.01485 37.7854 1 2.55223e-11
10088 2 22.5294 7.01485 36.3536 1 1.76586e-10
8380 2 28.3163 4.67658 34.9217 1 1.03006e-09
8405 2 28.3163 4.67658 37.7854 1 2.51105e-11
8406 2 29.9697 7.01485 37.7854 1 2.56863e-11
8409 2 29.9697 7.01485 34.9217 1 8.67687e-10
9108 2 27.4896 7.01485 36.3536 1 1.7735e-10
8217 2 33.2765 4.67659 37.7854 1 3.18423e-11
8218 2 33.2765 4.67659 34.9217 1 1.04073e-09
8403 2 30.7964 4.67659 36.3536 1 1.67009e-10
8408 2 32.4498 7.01485 36.3536 1 1.87393e-10
9740 2 1.03513 11.6914 36.3536 1 2.14537e-10
11073 2 3.51523 11.6914 34.9217 1 1.05666e-09
11076 2 3.51523 11.6914 37.7854 1 4.669e-11
11077 2 1.86183 9.35312 37.7854 1 5.25798e-11
11130 2 1.86183 9.35312 34.9217 1 1.06035e-09
11074 2 5.99534 11.6914 36.3536 1 2.0673e-10
11079 2 4.34194 9.35312 36.3536 1 1.76845e-10
12712 2 8.47545 11.6914 37.7854 1 6.55959e-11
12775 2 8.47545 11.6914 34.9217 1 1.07743e-09
12776 2 6.82204 9.35312 34.9217 1 1.05772e-09
12779 2 6.82204 9.35312 37.7854 1 4.61993e-11
2427 2 11.7823 9.35312 37.7854 1 4.72715e-11
3624 2 11.7823 9.35312 34.9217 1 1.05967e-09
12714 2 10.9556 11.6914 36.3536 1 2.29158e-10
12777 2 9.30215 9.35312 36.3536 1 1.82273e-10
2411 2 13.4357 11.6914 34.9217 1 1.09128e-09
2415 2 15.9158 11.6914 36.3536 1 2.35584e-10
2423 2 13.4357 11.6914 37.7854 1 7.82929e-11
2435 2 14.2624 9.35312 36.3536 1 1.82625e-10
11433 2 16.7425 9.35312 37.7854 1 5.29671e-11
11436 2 16.7425 9.35312 34.9217 1 1.06025e-09
11435 2 19.2226 9.35312 36.3536 1 1.79187e-10
11437 2 18.3959 11.6914 34.9217 1 1.06472e-09
11490 2 20.876 11.6914 36.3536 1 2.01328e-10
11492 2 18.3959 11.6914 37.7854 1 5.74635e-11
10090 2 21.7027 9.35312 34.9217 1 1.04835e-09
10137 2 24.1828 9.35312 36.3536 1 1.88315e-10
10139 2 21.7027 9.35312 37.7854 1 4.31047e-11
10140 2 23.3561 11.6914 37.7854 1 7.26592e-11
10142 2 25.8362 11.6914 36.3536 1 1.91389e-10
10143 2 23.3561 11.6914 34.9217 1 1.07657e-09
9111 2 26.6629 9.35312 37.7854 1 4.05151e-11
9113 2 29.143 9.35312 36.3536 1 1.86367e-10
9114 2 26.6629 9.35312 34.9217 1 1.04591e-09
9115 2 28.3163 11.6914 34.9217 1 1.06641e-09
9152 2 28.3163 11.6914 37.7854 1 6.36826e-11
8410 2 31.6231 9.35312 34.9217 1 1.04684e-09
8433 2 34.1032 9.35312 36.3536 1 1.78505e-10
8435 2 31.6231 9.35312 37.7854 1 3.81543e-11
8436 2 33.2765 11.6914 37.7854 1 6.2717e-11
8437 2 33.2765 11.6914 34.9217 1 1.06943e-09
9150 2 30.7964 11.6914 36.3536 1 1.94157e-10
9693 2 1.86183 16.3679 37.7854 1 3.56044e-11
9734 2 1.86183 16.3679 34.9217 1 1.04051e-09
9735 2 0.208424 14.0297 34.9217 1 8.73789e-10
9736 2 2.68853 14.0297 36.3536 1 1.89548e-10
9738 2 0.208425 14.0297 37.7854 1 3.14355e-11
9695 2 4.34194 16.3679 36.3536 1 1.75094e-10
11015 2 6.82204 16.3679 34.9217 1 1.04057e-09
11018 2 6.82204 16.3679 37.7854 1 3.19174e-11
11019 2 5.16864 14.0297 37.7854 1 5.30746e-11
11021 2 7.64875 14.0297 36.3536 1 1.99181e-10
11072 2 5.16864 14.0297 34.9217 1 8.97842e-10
11016 2 9.30215 16.3679 36.3536 1 1.7477e-10
12644 2 11.7823 16.3679 37.7854 1 3.43116e-11
12707 2 11.7823 16.3679 34.9217 1 1.04409e-09
12708 2 10.1289 14.0297 34.9217 1 9.16816e-10
12709 2 12.609 14.0297 36.3536 1 1.86809e-10
12711 2 10.1289 14.0297 37.7854 1 7.00434e-11
2218 2 16.7425 16.3679 34.9217 1 1.03969e-09
2221 2 16.7425 16.3679 37.7854 1 3.53217e-11
2222 2 15.0891 14.0297 37.7854 1 6.71215e-11
2407 2 15.0891 14.0297 34.9217 1 9.11305e-10
12646 2 14.2624 16.3679 36.3536 1 1.75662e-10
2219 2 19.2226 16.3679 36.3536 1 1.78233e-10
2224 2 17.5692 14.0297 36.3536 1 1.83253e-10
11493 2 20.0493 14.0297 37.7854 1 3.84957e-11
11496 2 20.0493 14.0297 34.9217 1 8.78783e-10
10144 2 25.0095 14.0297 34.9217 1 8.67831e-10
10193 2 25.0095 14.0297 37.7854 1 2.85397e-11
11495 2 22.5294 14.0297 36.3536 1 1.83196e-10
11497 2 21.7027 16.3679 34.9217 1 1.03528e-09
11556 2 24.1828 16.3679 36.3536 1 1.77229e-10
11558 2 21.7027 16.3679 37.7854 1 3.23877e-11
9153 2 29.9697 14.0297 37.7854 1 2.9808e-11
9156 2 29.9697 14.0297 34.9217 1 8.69574e-10
10191 2 27.4896 14.0297 36.3536 1 1.84703e-10
10194 2 26.6629 16.3679 37.7854 1 3.10762e-11
10196 2 29.143 16.3679 36.3536 1 1.73145e-10
10197 2 26.6629 16.3679 34.9217 1 1.03369e-09
9155 2 32.4498 14.0297 36.3536 1 1.96046e-10
9157 2 31.6231 16.3679 34.9217 1 1.03682e-09
9192 2 34.1032 16.3679 36.3536 1 1.67622e-10
9194 2 31.6231 16.3679 37.7854 1 3.08275e-11
8741 2 0.208424 21.0445 34.9217 1 9.0938e-10
8742 2 2.68853 21.0445 36.3536 1 2.24087e-10
8744 2 0.208425 21.0445 37.7854 1 6.64877e-11
8746 2 1.03513 18.7062 36.3536 1 2.13741e-10
9689 2 3.51523 18.7062 34.9217 1 1.05412e-09
9692 2 3.51523 18.7062 37.7854 1 4.62627e-11
9647 2 5.16864 21.0445 37.7854 1 8.99044e-11
9649 2 7.64875 21.0445 36.3536 1 2.26268e-10
9688 2 5.16864 21.0445 34.9217 1 9.35191e-10
9690 2 5.99534 18.7062 36.3536 1 2.06327e-10
10961 2 8.47545 18.7062 37.7854 1 6.51056e-11
11014 2 8.47545 18.7062 34.9217 1 1.07448e-09
10957 2 10.1289 21.0445 34.9217 1 9.57563e-10
10958 2 12.609 21.0445 36.3536 1 2.15967e-10
10960 2 10.1289 21.0445 37.7854 1 1.10861e-10
10963 2 10.9556 18.7062 36.3536 1 2.28508e-10
12576 2 15.0891 21.0445 37.7854 1 1.04304e-10
12639 2 15.0891 21.0445 34.9217 1 9.48944e-10
12640 2 13.4357 18.7062 34.9217 1 1.08864e-09
12641 2 15.9158 18.7062 36.3536 1 2.34944e-10
12643 2 13.4357 18.7062 37.7854 1 7.78879e-11
2133 2 20.0493 21.0445 34.9217 1 9.17655e-10
2138 2 20.0493 21.0445 37.7854 1 7.69062e-11
2140 2 18.3959 18.7062 37.7854 1 5.70461e-11
2142 2 20.876 18.7062 36.3536 1 2.00857e-10
2217 2 18.3959 18.7062 34.9217 1 1.06203e-09
12578 2 17.5692 21.0445 36.3536 1 2.14277e-10
2134 2 22.5294 21.0445 36.3536 1 2.18209e-10
11559 2 23.3561 18.7062 37.7854 1 7.21071e-11
11561 2 25.8362 18.7062 36.3536 1 1.90941e-10
11562 2 23.3561 18.7062 34.9217 1 1.07412e-09
11563 2 25.0095 21.0445 34.9217 1 8.99108e-10
11624 2 25.0095 21.0445 37.7854 1 5.93118e-11
10198 2 28.3163 18.7062 34.9217 1 1.06345e-09
10247 2 28.3163 18.7062 37.7854 1 6.31362e-11
10248 2 29.9697 21.0445 37.7854 1 6.17762e-11
10251 2 29.9697 21.0445 34.9217 1 9.01588e-10
11622 2 27.4896 21.0445 36.3536 1 2.20523e-10
9195 2 33.2765 18.7062 37.7854 1 6.22009e-11
9196 2 33.2765 18.7062 34.9217 1 1.06677e-09
10245 2 30.7964 18.7062 36.3536 1 1.9372e-10
10250 2 32.4498 21.0445 36.3536 1 2.33411e-10
8154 2 1.03513 25.721 36.3536 1 1.82184e-10
8707 2 3.51523 25.721 34.9217 1 1.07069e-09
8710 2 3.51523 25.721 37.7854 1 5.8727e-11
8711 2 1.86183 23.3827 37.7854 1 5.75592e-11
8740 2 1.86183 23.3827 34.9217 1 1.06638e-09
8708 2 5.99534 25.721 36.3536 1 2.05668e-10
8713 2 4.34194 23.3827 36.3536 1 2.45038e-10
9601 2 8.47545 25.721 37.7854 1 5.8624e-11
9642 2 8.47545 25.721 34.9217 1 1.07261e-09
9643 2 6.82204 23.3827 34.9217 1 1.07532e-09
9646 2 6.82204 23.3827 37.7854 1 6.23063e-11
9603 2 10.9556 25.721 36.3536 1 2.04128e-10
9644 2 9.30215 23.3827 36.3536 1 2.27611e-10
10903 2 11.7823 23.3827 37.7854 1 6.8932e-11
10956 2 11.7823 23.3827 34.9217 1 1.08233e-09
10899 2 13.4357 25.721 34.9217 1 1.10877e-09
10900 2 15.9158 25.721 36.3536 1 2.00919e-10
10902 2 13.4357 25.721 37.7854 1 9.3839e-11
10905 2 14.2624 23.3827 36.3536 1 2.29916e-10
12572 2 16.7425 23.3827 34.9217 1 1.06368e-09
12575 2 16.7425 23.3827 37.7854 1 5.51384e-11
12508 2 18.3959 25.721 37.7854 1 6.63247e-11
12510 2 20.876 25.721 36.3536 1 1.97501e-10
12571 2 18.3959 25.721 34.9217 1 1.0757e-09
12573 2 19.2226 23.3827 36.3536 1 2.51024e-10
2031 2 23.3561 25.721 34.9217 1 1.06285e-09
2034 2 25.8362 25.721 36.3536 1 2.03681e-10
2037 2 23.3561 25.721 37.7854 1 5.64069e-11
2038 2 21.7027 23.3827 37.7854 1 7.39955e-11
2041 2 24.1828 23.3827 36.3536 1 2.18546e-10
2132 2 21.7027 23.3827 34.9217 1 1.08126e-09
11625 2 26.6629 23.3827 37.7854 1 7.66498e-11
11627 2 29.143 23.3827 36.3536 1 2.07685e-10
11628 2 26.6629 23.3827 34.9217 1 1.08351e-09
11629 2 28.3163 25.721 34.9217 1 1.04811e-09
11690 2 28.3163 25.721 37.7854 1 4.29143e-11
10252 2 31.6231 23.3827 34.9217 1 1.09287e-09
10299 2 34.1032 23.3827 36.3536 1 2.10095e-10
10301 2 31.6231 23.3827 37.7854 1 8.31486e-11
10302 2 33.2765 25.721 37.7854 1 5.62663e-11
10303 2 33.2765 25.721 34.9217 1 1.06474e-09
11688 2 30.7964 25.721 36.3536 1 1.94266e-10
8131 2 1.86183 30.3975 37.7854 1 3.18297e-11
8148 2 1.86183 30.3975 34.9217 1 1.0405e-09
8149 2 0.208424 28.0593 34.9217 1 8.67132e-10
8150 2 2.68853 28.0593 36.3536 1 1.82451e-10
8152 2 0.208425 28.0593 37.7854 1 2.38499e-11
8133 2 4.34194 30.3975 36.3536 1 1.94295e-10
8673 2 6.82204 30.3975 34.9217 1 1.04497e-09
8676 2 6.82204 30.3975 37.7854 1 3.21589e-11
8677 2 5.16864 28.0593 37.7854 1 4.39295e-11
8679 2 7.64875 28.0593 36.3536 1 1.9895e-10
8706 2 5.16864 28.0593 34.9217 1 8.89742e-10
8674 2 9.30215 30.3975 36.3536 1 1.85879e-10
9555 2 11.7823 30.3975 37.7854 1 3.65363e-11
9596 2 11.7823 30.3975 34.9217 1 1.05008e-09
9597 2 10.1289 28.0593 34.9217 1 9.05172e-10
9598 2 12.609 28.0593 36.3536 1 1.84599e-10
9600 2 10.1289 28.0593 37.7854 1 5.74274e-11
9557 2 14.2624 30.3975 36.3536 1 1.87284e-10
10841 2 16.7425 30.3975 34.9217 1 1.03895e-09
10844 2 16.7425 30.3975 37.7854 1 3.05242e-11
10845 2 15.0891 28.0593 37.7854 1 5.76679e-11
10898 2 15.0891 28.0593 34.9217 1 9.03162e-10
10842 2 19.2226 30.3975 36.3536 1 1.98896e-10
10847 2 17.5692 28.0593 36.3536 1 1.79504e-10
12504 2 20.0493 28.0593 34.9217 1 8.69454e-10
12507 2 20.0493 28.0593 37.7854 1 2.79786e-11
1936 2 25.0095 28.0593 37.7854 1 2.47188e-11
2030 2 25.0095 28.0593 34.9217 1 8.65148e-10
12440 2 21.7027 30.3975 37.7854 1 3.79509e-11
12442 2 24.1828 30.3975 36.3536 1 1.8269e-10
12503 2 21.7027 30.3975 34.9217 1 1.04518e-09
12505 2 22.5294 28.0593 36.3536 1 1.75859e-10
1930 2 26.6629 30.3975 34.9217 1 1.04502e-09
1931 2 29.143 30.3975 36.3536 1 1.75671e-10
1934 2 26.6629 30.3975 37.7854 1 3.85384e-11
1939 2 27.4896 28.0593 36.3536 1 1.76802e-10
11691 2 29.9697 28.0593 37.7854 1 2.49604e-11
11694 2 29.9697 28.0593 34.9217 1 8.66319e-10
11693 2 32.4498 28.0593 36.3536 1 1.8681e-10
11695 2 31.6231 30.3975 34.9217 1 1.05197e-09
11754 2 34.1032 30.3975 36.3536 1 1.73689e-10
11756 2 31.6231 30.3975 37.7854 1 4.14736e-11
7964 2 1.03513 32.7358 36.3536 1 1.87856e-10
8127 2 3.51523 32.7358 34.9217 1 1.08063e-09
8130 2 3.51523 32.7358 37.7854 1 6.72173e-11
8128 2 5.99534 32.7358 36.3536 1 2.13558e-10
8643 2 8.47545 32.7358 37.7854 1 6.59088e-11
8672 2 8.47545 32.7358 34.9217 1 1.08103e-09
8645 2 10.9556 32.7358 36.3536 1 2.10441e-10
9551 2 13.4357 32.7358 34.9217 1 1.11875e-09
9552 2 15.9158 32.7358 36.3536 1 2.06382e-10
9554 2 13.4357 32.7358 37.7854 1 1.02535e-10
10787 2 18.3959 32.7358 37.7854 1 7.46264e-11
10789 2 20.876 32.7358 36.3536 1 2.05299e-10
10840 2 18.3959 32.7358 34.9217 1 1.08504e-09
12436 2 23.3561 32.7358 34.9217 1 1.07134e-09
12437 2 25.8362 32.7358 36.3536 1 2.12205e-10
12439 2 23.3561 32.7358 37.7854 1 6.3032e-11
482 2 28.3163 32.7358 37.7854 1 4.93013e-11
1929 2 28.3163 32.7358 34.9217 1 1.05507e-09
487 2 30.7964 32.7358 36.3536 1 2.0242e-10
11757 2 33.2765 32.7358 37.7854 1 6.35349e-11
11758 2 33.2765 32.7358 34.9217 1 1.07404e-09
12851 2 1.86183 2.33832 40.6492 1 2.39498e-11
12852 2 0.208425 4.83926e-05 40.6492 1 2.13349e-11
12853 2 2.68853 4.83756e-05 42.0811 1 1.89967e-11
12854 2 2.68853 4.83755e-05 39.2173 1 1.9074e-11
28 2 7.64875 4.74474e-05 42.0811 1 4.02472e-11
4052 2 6.82204 2.33832 40.6492 1 2.03376e-11
12314 2 7.64875 4.74474e-05 39.2173 1 4.03206e-11
12790 2 4.34194 2.33832 42.0811 1 1.25377e-11
12849 2 4.34194 2.33832 39.2173 1 1.2978e-11
12877 2 5.16864 4.80603e-05 40.6492 1 4.02689e-11
4056 2 9.30215 2.33832 42.0811 1 1.22993e-11
4060 2 9.30215 2.33832 39.2173 1 1.25927e-11
11374 2 12.609 4.73382e-05 39.2173 1 2.46028e-11
11375 2 12.609 4.73383e-05 42.0811 1 2.45272e-11
11376 2 10.1289 4.76601e-05 40.6492 1 5.13264e-11
11377 2 11.7823 2.33832 40.6492 1 2.2799e-11
10034 2 15.0891 4.75166e-05 40.6492 1 5.38354e-11
10081 2 16.7425 2.33832 40.6492 1 2.38279e-11
11379 2 14.2624 2.33832 39.2173 1 1.34895e-11
11422 2 14.2624 2.33832 42.0811 1 1.32417e-11
9064 2 20.0493 4.75325e-05 40.6492 1 2.33838e-11
10036 2 17.5692 4.73378e-05 39.2173 1 1.87053e-11
10075 2 17.5692 4.73378e-05 42.0811 1 1.86292e-11
10079 2 19.2226 2.33832 39.2173 1 1.64474e-11
10080 2 19.2226 2.33832 42.0811 1 1.60986e-11
8372 2 25.0095 4.79272e-05 40.6492 1 2.49202e-11
9062 2 22.5294 4.7729e-05 39.2173 1 1.28704e-11
9063 2 22.5294 4.7729e-05 42.0811 1 1.27928e-11
9065 2 21.7027 2.33832 40.6492 1 2.06067e-11
9067 2 24.1828 2.33832 39.2173 1 1.50071e-11
9100 2 24.1828 2.33832 42.0811 1 1.5031e-11
8212 2 29.9697 4.82048e-05 40.6492 1 2.4497e-11
8374 2 27.4896 4.82555e-05 39.2173 1 1.32109e-11
8395 2 27.4896 4.82555e-05 42.0811 1 1.31352e-11
8399 2 29.143 2.33832 39.2173 1 1.1265e-11
8400 2 29.143 2.33832 42.0811 1 1.13532e-11
8401 2 26.6629 2.33832 40.6492 1 1.93136e-11
8207 2 32.4498 4.84252e-05 39.2173 1 2.26474e-11
8211 2 32.4498 4.84253e-05 42.0811 1 2.25669e-11
8213 2 31.6231 2.33832 40.6492 1 1.9116e-11
8215 2 34.1032 2.33832 39.2173 1 5.85723e-12
8224 2 34.1032 2.33832 42.0811 1 5.77126e-12
11081 2 0.208425 7.01485 40.6492 1 1.38817e-11
11082 2 2.68853 7.01485 42.0811 1 1.12962e-11
11083 2 2.68853 7.01485 39.2173 1 1.13718e-11
11086 2 1.03513 4.67658 42.0811 1 6.68394e-12
11135 2 1.03513 4.67658 39.2173 1 6.64935e-12
12784 2 3.51523 4.67659 40.6492 1 1.43168e-11
4049 2 8.47545 4.67658 40.6492 1 2.25768e-11
12722 2 7.64875 7.01485 42.0811 1 2.83572e-11
12781 2 7.64875 7.01485 39.2173 1 2.8436e-11
12783 2 5.16864 7.01485 40.6492 1 3.37755e-11
12785 2 5.99534 4.67658 42.0811 1 1.60221e-11
12786 2 5.99534 4.67658 39.2173 1 1.60551e-11
2437 2 10.1289 7.01485 40.6492 1 4.69943e-11
2438 2 12.609 7.01485 42.0811 1 1.38024e-11
2439 2 12.609 7.01485 39.2173 1 1.38725e-11
2443 2 10.9556 4.67658 42.0811 1 2.47648e-11
3642 2 10.9556 4.67658 39.2173 1 2.45752e-11
11426 2 15.9158 4.67658 39.2173 1 2.59499e-11
11427 2 15.9158 4.67658 42.0811 1 2.61929e-11
11428 2 13.4357 4.67658 40.6492 1 4.77034e-11
11429 2 15.0891 7.01485 40.6492 1 4.75328e-11
10082 2 18.3959 4.67658 40.6492 1 2.32278e-11
10084 2 20.876 4.67658 39.2173 1 9.65413e-12
10129 2 20.876 4.67658 42.0811 1 9.61178e-12
10135 2 20.0493 7.01485 40.6492 1 1.77489e-11
11431 2 17.5692 7.01485 39.2173 1 9.01602e-12
11482 2 17.5692 7.01485 42.0811 1 8.94121e-12
9104 2 25.8362 4.67659 39.2173 1 9.12263e-12
9105 2 25.8362 4.67659 42.0811 1 8.84278e-12
9106 2 23.3561 4.67658 40.6492 1 2.44481e-11
9107 2 25.0095 7.01485 40.6492 1 1.51244e-11
10133 2 22.5294 7.01485 39.2173 1 5.31076e-12
10134 2 22.5294 7.01485 42.0811 1 5.23423e-12
8402 2 28.3163 4.67658 40.6492 1 1.32111e-11
8431 2 29.9697 7.01485 40.6492 1 1.53417e-11
9109 2 27.4896 7.01485 39.2173 1 6.13062e-12
9142 2 27.4896 7.01485 42.0811 1 6.05672e-12
8228 2 33.2765 4.67659 40.6492 1 2.03198e-11
8404 2 30.7964 4.67659 39.2173 1 5.36254e-12
8425 2 30.7964 4.67659 42.0811 1 5.19331e-12
8429 2 32.4498 7.01485 39.2173 1 1.63023e-11
8430 2 32.4498 7.01485 42.0811 1 1.62251e-11
9702 2 1.03513 11.6914 42.0811 1 5.00823e-11
9739 2 1.03513 11.6914 39.2173 1 4.98363e-11
11023 2 3.51523 11.6914 40.6492 1 3.37083e-11
11080 2 1.86183 9.35312 40.6492 1 3.93254e-11
11024 2 5.99534 11.6914 42.0811 1 4.25278e-11
11025 2 5.99534 11.6914 39.2173 1 4.23428e-11
11029 2 4.34194 9.35312 42.0811 1 1.39363e-11
11078 2 4.34194 9.35312 39.2173 1 1.4289e-11
12715 2 8.47545 11.6914 40.6492 1 5.22069e-11
12716 2 6.82204 9.35312 40.6492 1 3.32415e-11
2436 2 11.7823 9.35312 40.6492 1 3.44996e-11
12654 2 10.9556 11.6914 42.0811 1 6.41926e-11
12713 2 10.9556 11.6914 39.2173 1 6.37861e-11
12717 2 9.30215 9.35312 42.0811 1 1.8746e-11
12718 2 9.30215 9.35312 39.2173 1 1.89593e-11
2226 2 13.4357 11.6914 40.6492 1 6.52082e-11
2227 2 15.9158 11.6914 42.0811 1 7.08784e-11
2228 2 15.9158 11.6914 39.2173 1 7.04195e-11
2232 2 14.2624 9.35312 42.0811 1 1.92665e-11
2431 2 14.2624 9.35312 39.2173 1 1.94287e-11
11488 2 16.7425 9.35312 40.6492 1 3.982e-11
11486 2 19.2226 9.35312 39.2173 1 1.69721e-11
11487 2 19.2226 9.35312 42.0811 1 1.67091e-11
11489 2 18.3959 11.6914 40.6492 1 4.43439e-11
11491 2 20.876 11.6914 39.2173 1 3.74459e-11
11548 2 20.876 11.6914 42.0811 1 3.76211e-11
10136 2 21.7027 9.35312 40.6492 1 3.02626e-11
10138 2 24.1828 9.35312 39.2173 1 2.47241e-11
10183 2 24.1828 9.35312 42.0811 1 2.48304e-11
10187 2 25.8362 11.6914 39.2173 1 2.82822e-11
10188 2 25.8362 11.6914 42.0811 1 2.82173e-11
10189 2 23.3561 11.6914 40.6492 1 5.90949e-11
9146 2 29.143 9.35312 39.2173 1 2.29071e-11
9147 2 29.143 9.35312 42.0811 1 2.30808e-11
9148 2 26.6629 9.35312 40.6492 1 2.78177e-11
9149 2 28.3163 11.6914 40.6492 1 5.02997e-11
8432 2 31.6231 9.35312 40.6492 1 2.56591e-11
8434 2 34.1032 9.35312 39.2173 1 1.52596e-11
8455 2 34.1032 9.35312 42.0811 1 1.52581e-11
8774 2 33.2765 11.6914 40.6492 1 4.96796e-11
9151 2 30.7964 11.6914 39.2173 1 3.0998e-11
9184 2 30.7964 11.6914 42.0811 1 3.1047e-11
9696 2 1.86183 16.3679 40.6492 1 2.29638e-11
9697 2 0.208425 14.0297 40.6492 1 2.10569e-11
9698 2 2.68853 14.0297 42.0811 1 1.80377e-11
9699 2 2.68853 14.0297 39.2173 1 1.8117e-11
9657 2 4.34194 16.3679 42.0811 1 1.29158e-11
9694 2 4.34194 16.3679 39.2173 1 1.3363e-11
10965 2 6.82204 16.3679 40.6492 1 1.95888e-11
10971 2 7.64875 14.0297 42.0811 1 2.76796e-11
11020 2 7.64875 14.0297 39.2173 1 2.77561e-11
11022 2 5.16864 14.0297 40.6492 1 4.26663e-11
10966 2 9.30215 16.3679 42.0811 1 1.21874e-11
10967 2 9.30215 16.3679 39.2173 1 1.24916e-11
12647 2 11.7823 16.3679 40.6492 1 2.218e-11
12648 2 10.1289 14.0297 40.6492 1 5.96788e-11
12649 2 12.609 14.0297 42.0811 1 1.51885e-11
12650 2 12.609 14.0297 39.2173 1 1.52609e-11
2145 2 16.7425 16.3679 40.6492 1 2.2783e-11
2225 2 15.0891 14.0297 40.6492 1 5.67517e-11
12586 2 14.2624 16.3679 42.0811 1 1.31718e-11
12645 2 14.2624 16.3679 39.2173 1 1.34261e-11
2146 2 19.2226 16.3679 42.0811 1 1.65559e-11
2149 2 19.2226 16.3679 39.2173 1 1.69127e-11
2155 2 17.5692 14.0297 42.0811 1 1.21656e-11
2223 2 17.5692 14.0297 39.2173 1 1.22414e-11
11554 2 20.0493 14.0297 40.6492 1 2.81478e-11
10190 2 25.0095 14.0297 40.6492 1 1.81728e-11
11552 2 22.5294 14.0297 39.2173 1 1.23072e-11
11553 2 22.5294 14.0297 42.0811 1 1.22298e-11
11555 2 21.7027 16.3679 40.6492 1 2.01816e-11
11557 2 24.1828 16.3679 39.2173 1 1.45765e-11
11614 2 24.1828 16.3679 42.0811 1 1.45916e-11
9190 2 29.9697 14.0297 40.6492 1 1.9518e-11
10192 2 27.4896 14.0297 39.2173 1 1.39737e-11
10237 2 27.4896 14.0297 42.0811 1 1.38991e-11
10241 2 29.143 16.3679 39.2173 1 1.0643e-11
10242 2 29.143 16.3679 42.0811 1 1.07281e-11
10243 2 26.6629 16.3679 40.6492 1 1.89937e-11
9188 2 32.4498 14.0297 39.2173 1 2.54458e-11
9189 2 32.4498 14.0297 42.0811 1 2.53688e-11
9191 2 31.6231 16.3679 40.6492 1 1.8994e-11
9193 2 34.1032 16.3679 39.2173 1 5.45619e-12
9226 2 34.1032 16.3679 42.0811 1 5.36378e-12
8715 2 0.208425 21.0445 40.6492 1 5.61518e-11
8716 2 2.68853 21.0445 42.0811 1 5.2677e-11
8717 2 2.68853 21.0445 39.2173 1 5.27462e-11
8720 2 1.03513 18.7062 42.0811 1 4.94584e-11
8745 2 1.03513 18.7062 39.2173 1 4.92053e-11
9651 2 3.51523 18.7062 40.6492 1 3.32728e-11
9611 2 7.64875 21.0445 42.0811 1 5.46003e-11
9648 2 7.64875 21.0445 39.2173 1 5.46645e-11
9650 2 5.16864 21.0445 40.6492 1 7.95337e-11
9652 2 5.99534 18.7062 42.0811 1 4.20455e-11
9653 2 5.99534 18.7062 39.2173 1 4.18553e-11
10964 2 8.47545 18.7062 40.6492 1 5.16872e-11
10907 2 10.1289 21.0445 40.6492 1 1.00504e-10
10908 2 12.609 21.0445 42.0811 1 4.42632e-11
10909 2 12.609 21.0445 39.2173 1 4.43254e-11
10913 2 10.9556 18.7062 42.0811 1 6.36083e-11
10962 2 10.9556 18.7062 39.2173 1 6.31994e-11
12579 2 15.0891 21.0445 40.6492 1 9.3975e-11
12580 2 13.4357 18.7062 40.6492 1 6.47968e-11
12581 2 15.9158 18.7062 42.0811 1 7.02519e-11
12582 2 15.9158 18.7062 39.2173 1 6.97859e-11
2044 2 20.0493 21.0445 40.6492 1 6.65945e-11
2054 2 20.876 18.7062 42.0811 1 3.71252e-11
2141 2 20.876 18.7062 39.2173 1 3.69456e-11
2144 2 18.3959 18.7062 40.6492 1 4.38967e-11
12518 2 17.5692 21.0445 42.0811 1 4.31543e-11
12577 2 17.5692 21.0445 39.2173 1 4.32193e-11
2045 2 22.5294 21.0445 42.0811 1 4.71451e-11
2047 2 22.5294 21.0445 39.2173 1 4.72099e-11
11618 2 25.8362 18.7062 39.2173 1 2.78545e-11
11619 2 25.8362 18.7062 42.0811 1 2.7793e-11
11620 2 23.3561 18.7062 40.6492 1 5.85317e-11
11621 2 25.0095 21.0445 40.6492 1 4.89716e-11
10244 2 28.3163 18.7062 40.6492 1 4.97166e-11
10297 2 29.9697 21.0445 40.6492 1 5.14807e-11
11623 2 27.4896 21.0445 39.2173 1 4.97606e-11
11680 2 27.4896 21.0445 42.0811 1 4.96955e-11
9230 2 33.2765 18.7062 40.6492 1 4.91687e-11
10246 2 30.7964 18.7062 39.2173 1 3.05186e-11
10291 2 30.7964 18.7062 42.0811 1 3.05711e-11
10295 2 32.4498 21.0445 39.2173 1 6.25794e-11
10296 2 32.4498 21.0445 42.0811 1 6.25187e-11
8140 2 1.03513 25.721 42.0811 1 2.0423e-11
8153 2 1.03513 25.721 39.2173 1 2.05673e-11
8681 2 3.51523 25.721 40.6492 1 4.85501e-11
8714 2 1.86183 23.3827 40.6492 1 4.69859e-11
8682 2 5.99534 25.721 42.0811 1 4.418e-11
8683 2 5.99534 25.721 39.2173 1 4.43896e-11
8687 2 4.34194 23.3827 42.0811 1 8.49834e-11
8712 2 4.34194 23.3827 39.2173 1 8.57059e-11
9604 2 8.47545 25.721 40.6492 1 4.80578e-11
9605 2 6.82204 23.3827 40.6492 1 5.2072e-11
9565 2 10.9556 25.721 42.0811 1 4.18925e-11
9602 2 10.9556 25.721 39.2173 1 4.18881e-11
9606 2 9.30215 23.3827 42.0811 1 6.69024e-11
9607 2 9.30215 23.3827 39.2173 1 6.74691e-11
10906 2 11.7823 23.3827 40.6492 1 5.88373e-11
10849 2 13.4357 25.721 40.6492 1 8.35502e-11
10850 2 15.9158 25.721 42.0811 1 3.88343e-11
10851 2 15.9158 25.721 39.2173 1 3.87684e-11
10855 2 14.2624 23.3827 42.0811 1 6.93427e-11
10904 2 14.2624 23.3827 39.2173 1 6.98718e-11
12512 2 16.7425 23.3827 40.6492 1 4.46723e-11
12450 2 20.876 25.721 42.0811 1 3.64969e-11
12509 2 20.876 25.721 39.2173 1 3.67185e-11
12511 2 18.3959 25.721 40.6492 1 5.59902e-11
12513 2 19.2226 23.3827 42.0811 1 9.13542e-11
12514 2 19.2226 23.3827 39.2173 1 9.19819e-11
1942 2 23.3561 25.721 40.6492 1 4.56663e-11
1943 2 25.8362 25.721 42.0811 1 4.31012e-11
1945 2 25.8362 25.721 39.2173 1 4.35588e-11
1950 2 24.1828 23.3827 42.0811 1 5.77908e-11
2039 2 24.1828 23.3827 39.2173 1 5.80496e-11
2043 2 21.7027 23.3827 40.6492 1 6.3886e-11
11684 2 29.143 23.3827 39.2173 1 4.74857e-11
11685 2 29.143 23.3827 42.0811 1 4.7289e-11
11686 2 26.6629 23.3827 40.6492 1 6.66375e-11
11687 2 28.3163 25.721 40.6492 1 3.23388e-11
10298 2 31.6231 23.3827 40.6492 1 7.33671e-11
10300 2 34.1032 23.3827 39.2173 1 4.99903e-11
10345 2 34.1032 23.3827 42.0811 1 4.96275e-11
10349 2 33.2765 25.721 40.6492 1 4.60335e-11
11689 2 30.7964 25.721 39.2173 1 3.42665e-11
11746 2 30.7964 25.721 42.0811 1 3.39157e-11
8134 2 1.86183 30.3975 40.6492 1 2.01594e-11
8135 2 0.208425 28.0593 40.6492 1 1.34647e-11
8136 2 2.68853 28.0593 42.0811 1 1.08433e-11
8137 2 2.68853 28.0593 39.2173 1 1.09201e-11
8119 2 4.34194 30.3975 42.0811 1 3.29526e-11
8132 2 4.34194 30.3975 39.2173 1 3.35381e-11
8647 2 6.82204 30.3975 40.6492 1 2.08055e-11
8653 2 7.64875 28.0593 42.0811 1 2.72463e-11
8678 2 7.64875 28.0593 39.2173 1 2.73231e-11
8680 2 5.16864 28.0593 40.6492 1 3.35174e-11
8648 2 9.30215 30.3975 42.0811 1 2.39712e-11
8649 2 9.30215 30.3975 39.2173 1 2.44103e-11
9558 2 11.7823 30.3975 40.6492 1 2.53826e-11
9559 2 10.1289 28.0593 40.6492 1 4.70666e-11
9560 2 12.609 28.0593 42.0811 1 1.28737e-11
9561 2 12.609 28.0593 39.2173 1 1.29434e-11
9519 2 14.2624 30.3975 42.0811 1 2.5644e-11
9556 2 14.2624 30.3975 39.2173 1 2.60348e-11
10791 2 16.7425 30.3975 40.6492 1 1.89612e-11
10848 2 15.0891 28.0593 40.6492 1 4.72979e-11
10792 2 19.2226 30.3975 42.0811 1 3.78862e-11
10793 2 19.2226 30.3975 39.2173 1 3.83793e-11
10797 2 17.5692 28.0593 42.0811 1 8.17573e-12
10846 2 17.5692 28.0593 39.2173 1 8.25031e-12
12444 2 20.0493 28.0593 40.6492 1 1.76187e-11
1940 2 25.0095 28.0593 40.6492 1 1.43441e-11
12382 2 24.1828 30.3975 42.0811 1 2.08963e-11
12441 2 24.1828 30.3975 39.2173 1 2.10189e-11
12443 2 21.7027 30.3975 40.6492 1 2.67308e-11
12445 2 22.5294 28.0593 42.0811 1 4.80247e-12
12446 2 22.5294 28.0593 39.2173 1 4.87897e-12
494 2 26.6629 30.3975 40.6492 1 2.74152e-11
497 2 29.143 30.3975 42.0811 1 1.38772e-11
499 2 29.143 30.3975 39.2173 1 1.39327e-11
511 2 27.4896 28.0593 42.0811 1 5.70077e-12
1937 2 27.4896 28.0593 39.2173 1 5.7746e-12
11752 2 29.9697 28.0593 40.6492 1 1.46648e-11
11750 2 32.4498 28.0593 39.2173 1 1.60606e-11
11751 2 32.4498 28.0593 42.0811 1 1.59844e-11
11753 2 31.6231 30.3975 40.6492 1 3.06171e-11
11755 2 34.1032 30.3975 39.2173 1 1.2403e-11
11812 2 34.1032 30.3975 42.0811 1 1.21759e-11
7962 2 1.03513 32.7358 42.0811 1 2.6171e-11
7963 2 1.03513 32.7358 39.2173 1 2.63469e-11
8113 2 3.51523 32.7358 40.6492 1 5.72225e-11
8114 2 5.99534 32.7358 42.0811 1 5.19756e-11
8115 2 5.99534 32.7358 39.2173 1 5.22205e-11
8646 2 8.47545 32.7358 40.6492 1 5.54763e-11
8619 2 10.9556 32.7358 42.0811 1 4.81226e-11
8644 2 10.9556 32.7358 39.2173 1 4.8154e-11
9513 2 13.4357 32.7358 40.6492 1 9.24497e-11
9514 2 15.9158 32.7358 42.0811 1 4.44251e-11
9515 2 15.9158 32.7358 39.2173 1 4.43909e-11
10739 2 20.876 32.7358 42.0811 1 4.41142e-11
10788 2 20.876 32.7358 39.2173 1 4.43693e-11
10790 2 18.3959 32.7358 40.6492 1 6.44506e-11
12376 2 23.3561 32.7358 40.6492 1 5.24856e-11
12377 2 25.8362 32.7358 42.0811 1 5.17623e-11
12378 2 25.8362 32.7358 39.2173 1 5.22589e-11
490 2 28.3163 32.7358 40.6492 1 3.88534e-11
308 2 30.7964 32.7358 42.0811 1 4.17898e-11
486 2 30.7964 32.7358 39.2173 1 4.21728e-11
11816 2 33.2765 32.7358 40.6492 1 5.34929e-11
12788 2 1.86183 2.33832 43.513 1 2.42296e-11
12791 2 1.86183 2.33832 46.3768 1 3.65826e-11
12792 2 0.208425 4.83927e-05 46.3768 1 3.27084e-11
12794 2 2.68853 4.83757e-05 44.9449 1 1.56004e-11
12855 2 0.208425 4.83927e-05 43.513 1 2.01884e-11
1 2 6.82204 2.33832 43.513 1 2.0577e-11
10 2 5.16864 4.80604e-05 43.513 1 3.91205e-11
11 2 7.64875 4.74474e-05 44.9449 1 3.68564e-11
29 2 5.16864 4.80604e-05 46.3768 1 5.16419e-11
2583 2 6.82204 2.33832 46.3768 1 3.29295e-11
12789 2 4.34194 2.33832 44.9449 1 9.23622e-12
2591 2 9.30215 2.33832 44.9449 1 8.99464e-12
11373 2 10.1289 4.76602e-05 43.513 1 5.01822e-11
11418 2 12.609 4.73384e-05 44.9449 1 2.11303e-11
11420 2 10.1289 4.76602e-05 46.3768 1 6.27015e-11
11421 2 11.7823 2.33832 46.3768 1 3.53685e-11
11424 2 11.7823 2.33832 43.513 1 2.30213e-11
10074 2 15.0891 4.75167e-05 46.3768 1 6.52092e-11
10077 2 15.0891 4.75167e-05 43.513 1 5.26877e-11
10078 2 16.7425 2.33832 43.513 1 2.40859e-11
10127 2 16.7425 2.33832 46.3768 1 3.64417e-11
11423 2 14.2624 2.33832 44.9449 1 9.93283e-12
9061 2 20.0493 4.75325e-05 43.513 1 2.22399e-11
9098 2 20.0493 4.75325e-05 46.3768 1 3.47607e-11
10076 2 17.5692 4.73379e-05 44.9449 1 1.52336e-11
10125 2 19.2226 2.33832 44.9449 1 1.27947e-11
8394 2 25.0095 4.79272e-05 46.3768 1 3.63005e-11
8397 2 25.0095 4.79272e-05 43.513 1 2.37799e-11
9096 2 22.5294 4.77291e-05 44.9449 1 9.39844e-12
9099 2 21.7027 2.33832 46.3768 1 3.32166e-11
9101 2 24.1828 2.33832 44.9449 1 1.17059e-11
9102 2 21.7027 2.33832 43.513 1 2.08713e-11
8203 2 29.9697 4.82049e-05 43.513 1 2.3349e-11
8222 2 29.9697 4.82049e-05 46.3768 1 3.58712e-11
8396 2 27.4896 4.82556e-05 44.9449 1 9.74113e-12
8398 2 26.6629 2.33832 43.513 1 1.95711e-11
8421 2 29.143 2.33832 44.9449 1 8.02411e-12
8423 2 26.6629 2.33832 46.3768 1 3.19138e-11
8220 2 32.4498 4.84253e-05 44.9449 1 1.91747e-11
8223 2 31.6231 2.33832 46.3768 1 3.17059e-11
8225 2 34.1032 2.33832 44.9449 1 2.45236e-12
8226 2 31.6231 2.33832 43.513 1 1.93673e-11
11031 2 0.208425 7.01485 46.3768 1 2.52529e-11
11033 2 2.68853 7.01485 44.9449 1 7.90164e-12
11084 2 0.208425 7.01485 43.513 1 1.2733e-11
11085 2 1.03513 4.67658 44.9449 1 3.35523e-12
12724 2 3.51523 4.67659 46.3768 1 2.68277e-11
12787 2 3.51523 4.67659 43.513 1 1.44927e-11
2441 2 8.47545 4.67658 43.513 1 2.27861e-11
2580 2 8.47545 4.67658 46.3768 1 3.51273e-11
12720 2 5.16864 7.01485 43.513 1 3.26354e-11
12721 2 7.64875 7.01485 44.9449 1 2.49673e-11
12723 2 5.16864 7.01485 46.3768 1 4.51554e-11
12726 2 5.99534 4.67658 44.9449 1 1.26919e-11
2234 2 10.1289 7.01485 46.3768 1 5.8364e-11
2236 2 12.609 7.01485 44.9449 1 1.04067e-11
2440 2 10.1289 7.01485 43.513 1 4.58445e-11
2442 2 10.9556 4.67658 44.9449 1 2.14235e-11
11425 2 13.4357 4.67658 43.513 1 4.79353e-11
11478 2 15.9158 4.67658 44.9449 1 2.28498e-11
11480 2 13.4357 4.67658 46.3768 1 6.0264e-11
11481 2 15.0891 7.01485 46.3768 1 5.89102e-11
11484 2 15.0891 7.01485 43.513 1 4.63897e-11
10128 2 18.3959 4.67658 46.3768 1 3.5773e-11
10130 2 20.876 4.67658 44.9449 1 6.28364e-12
10131 2 18.3959 4.67658 43.513 1 2.34377e-11
10132 2 20.0493 7.01485 43.513 1 1.66044e-11
10181 2 20.0493 7.01485 46.3768 1 2.91249e-11
11483 2 17.5692 7.01485 44.9449 1 5.54738e-12
9103 2 23.3561 4.67658 43.513 1 2.46957e-11
9138 2 25.8362 4.67659 44.9449 1 5.52976e-12
9140 2 23.3561 4.67658 46.3768 1 3.70386e-11
9141 2 25.0095 7.01485 46.3768 1 2.65088e-11
9144 2 25.0095 7.01485 43.513 1 1.39891e-11
10179 2 22.5294 7.01485 44.9449 1 1.84139e-12
8424 2 28.3163 4.67658 46.3768 1 2.57545e-11
8427 2 28.3163 4.67658 43.513 1 1.34071e-11
8428 2 29.9697 7.01485 43.513 1 1.4195e-11
8453 2 29.9697 7.01485 46.3768 1 2.67166e-11
9143 2 27.4896 7.01485 44.9449 1 2.6635e-12
8227 2 33.2765 4.67659 43.513 1 2.04688e-11
8238 2 33.2765 4.67659 46.3768 1 3.28113e-11
8426 2 30.7964 4.67659 44.9449 1 1.87296e-12
8451 2 32.4498 7.01485 44.9449 1 1.28331e-11
9701 2 1.03513 11.6914 44.9449 1 4.67631e-11
10973 2 3.51523 11.6914 46.3768 1 4.64179e-11
11026 2 3.51523 11.6914 43.513 1 3.40654e-11
11027 2 1.86183 9.35312 43.513 1 3.96721e-11
11030 2 1.86183 9.35312 46.3768 1 5.20331e-11
10975 2 5.99534 11.6914 44.9449 1 3.92072e-11
11028 2 4.34194 9.35312 44.9449 1 1.06381e-11
12652 2 8.47545 11.6914 43.513 1 5.2602e-11
12655 2 8.47545 11.6914 46.3768 1 6.49594e-11
12656 2 6.82204 9.35312 46.3768 1 4.59198e-11
12719 2 6.82204 9.35312 43.513 1 3.3561e-11
2230 2 11.7823 9.35312 43.513 1 3.47909e-11
2233 2 11.7823 9.35312 46.3768 1 4.71459e-11
12653 2 10.9556 11.6914 44.9449 1 6.08621e-11
12658 2 9.30215 9.35312 44.9449 1 1.54447e-11
2159 2 13.4357 11.6914 46.3768 1 7.79699e-11
2161 2 15.9158 11.6914 44.9449 1 6.75452e-11
2229 2 13.4357 11.6914 43.513 1 6.56242e-11
2231 2 14.2624 9.35312 44.9449 1 1.59616e-11
11485 2 16.7425 9.35312 43.513 1 4.0151e-11
11546 2 16.7425 9.35312 46.3768 1 5.25139e-11
11544 2 19.2226 9.35312 44.9449 1 1.34095e-11
11547 2 18.3959 11.6914 46.3768 1 5.70893e-11
11549 2 20.876 11.6914 44.9449 1 3.43031e-11
11550 2 18.3959 11.6914 43.513 1 4.47371e-11
10182 2 21.7027 9.35312 46.3768 1 4.29521e-11
10184 2 24.1828 9.35312 44.9449 1 2.15098e-11
10185 2 21.7027 9.35312 43.513 1 3.05994e-11
10186 2 23.3561 11.6914 43.513 1 5.95251e-11
10233 2 25.8362 11.6914 44.9449 1 2.49151e-11
10235 2 23.3561 11.6914 46.3768 1 7.1885e-11
9145 2 26.6629 9.35312 43.513 1 2.81501e-11
9180 2 29.143 9.35312 44.9449 1 1.97552e-11
9182 2 26.6629 9.35312 46.3768 1 4.04998e-11
9183 2 28.3163 11.6914 46.3768 1 6.30417e-11
9186 2 28.3163 11.6914 43.513 1 5.06773e-11
8454 2 31.6231 9.35312 46.3768 1 3.83336e-11
8456 2 34.1032 9.35312 44.9449 1 1.19426e-11
8457 2 31.6231 9.35312 43.513 1 2.59884e-11
8773 2 33.2765 11.6914 43.513 1 5.00189e-11
8832 2 33.2765 11.6914 46.3768 1 6.23774e-11
9185 2 30.7964 11.6914 44.9449 1 2.77362e-11
9655 2 1.86183 16.3679 43.513 1 2.32424e-11
9658 2 1.86183 16.3679 46.3768 1 3.55964e-11
9659 2 0.208425 14.0297 46.3768 1 3.2428e-11
9661 2 2.68853 14.0297 44.9449 1 1.46428e-11
9700 2 0.208425 14.0297 43.513 1 1.99079e-11
9656 2 4.34194 16.3679 44.9449 1 9.61286e-12
10915 2 6.82204 16.3679 46.3768 1 3.21856e-11
10968 2 6.82204 16.3679 43.513 1 1.98333e-11
10969 2 5.16864 14.0297 43.513 1 4.15209e-11
10970 2 7.64875 14.0297 44.9449 1 2.42867e-11
10972 2 5.16864 14.0297 46.3768 1 5.40417e-11
10917 2 9.30215 16.3679 44.9449 1 8.88313e-12
12584 2 11.7823 16.3679 43.513 1 2.23941e-11
12587 2 11.7823 16.3679 46.3768 1 3.47424e-11
12588 2 10.1289 14.0297 46.3768 1 7.10486e-11
12590 2 12.609 14.0297 44.9449 1 1.17928e-11
12651 2 10.1289 14.0297 43.513 1 5.8529e-11
2056 2 16.7425 16.3679 46.3768 1 3.54006e-11
2150 2 16.7425 16.3679 43.513 1 2.30447e-11
2152 2 15.0891 14.0297 43.513 1 5.56065e-11
2156 2 15.0891 14.0297 46.3768 1 6.81274e-11
12585 2 14.2624 16.3679 44.9449 1 9.86244e-12
2059 2 19.2226 16.3679 44.9449 1 1.32499e-11
2154 2 17.5692 14.0297 44.9449 1 8.77108e-12
11551 2 20.0493 14.0297 43.513 1 2.69984e-11
11612 2 20.0493 14.0297 46.3768 1 3.95195e-11
10236 2 25.0095 14.0297 46.3768 1 2.9554e-11
10239 2 25.0095 14.0297 43.513 1 1.70338e-11
11610 2 22.5294 14.0297 44.9449 1 8.83486e-12
11613 2 21.7027 16.3679 46.3768 1 3.27886e-11
11615 2 24.1828 16.3679 44.9449 1 1.12672e-11
11616 2 21.7027 16.3679 43.513 1 2.04426e-11
9187 2 29.9697 14.0297 43.513 1 1.83623e-11
9224 2 29.9697 14.0297 46.3768 1 3.08851e-11
10238 2 27.4896 14.0297 44.9449 1 1.05036e-11
10240 2 26.6629 16.3679 43.513 1 1.92527e-11
10287 2 29.143 16.3679 44.9449 1 7.39929e-12
10289 2 26.6629 16.3679 46.3768 1 3.15953e-11
9222 2 32.4498 14.0297 44.9449 1 2.19726e-11
9225 2 31.6231 16.3679 46.3768 1 3.15784e-11
9227 2 34.1032 16.3679 44.9449 1 2.04535e-12
9228 2 31.6231 16.3679 43.513 1 1.92391e-11
8689 2 0.208425 21.0445 46.3768 1 6.75322e-11
8691 2 2.68853 21.0445 44.9449 1 4.92875e-11
8718 2 0.208425 21.0445 43.513 1 5.50112e-11
8719 2 1.03513 18.7062 44.9449 1 4.61476e-11
9613 2 3.51523 18.7062 46.3768 1 4.59933e-11
9654 2 3.51523 18.7062 43.513 1 3.36409e-11
9609 2 5.16864 21.0445 43.513 1 7.83983e-11
9610 2 7.64875 21.0445 44.9449 1 5.12095e-11
9612 2 5.16864 21.0445 46.3768 1 9.09197e-11
9615 2 5.99534 18.7062 44.9449 1 3.87301e-11
10911 2 8.47545 18.7062 43.513 1 5.20971e-11
10914 2 8.47545 18.7062 46.3768 1 6.44544e-11
10857 2 10.1289 21.0445 46.3768 1 1.1189e-10
10859 2 12.609 21.0445 44.9449 1 4.08715e-11
10910 2 10.1289 21.0445 43.513 1 9.93695e-11
10912 2 10.9556 18.7062 44.9449 1 6.02845e-11
12516 2 15.0891 21.0445 43.513 1 9.28382e-11
12519 2 15.0891 21.0445 46.3768 1 1.0536e-10
12520 2 13.4357 18.7062 46.3768 1 7.75666e-11
12522 2 15.9158 18.7062 44.9449 1 6.69254e-11
12583 2 13.4357 18.7062 43.513 1 6.52206e-11
1954 2 20.0493 21.0445 46.3768 1 7.79769e-11
2048 2 20.0493 21.0445 43.513 1 6.5455e-11
2049 2 18.3959 18.7062 43.513 1 4.43028e-11
2051 2 20.876 18.7062 44.9449 1 3.38132e-11
2055 2 18.3959 18.7062 46.3768 1 5.66548e-11
12517 2 17.5692 21.0445 44.9449 1 3.97629e-11
1957 2 22.5294 21.0445 44.9449 1 4.37536e-11
11617 2 23.3561 18.7062 43.513 1 5.89768e-11
11676 2 25.8362 18.7062 44.9449 1 2.44966e-11
11678 2 23.3561 18.7062 46.3768 1 7.13367e-11
11679 2 25.0095 21.0445 46.3768 1 6.03633e-11
11682 2 25.0095 21.0445 43.513 1 4.78427e-11
10290 2 28.3163 18.7062 46.3768 1 6.2477e-11
10293 2 28.3163 18.7062 43.513 1 5.0113e-11
10294 2 29.9697 21.0445 43.513 1 5.03404e-11
10343 2 29.9697 21.0445 46.3768 1 6.2863e-11
11681 2 27.4896 21.0445 44.9449 1 4.63038e-11
9229 2 33.2765 18.7062 43.513 1 4.95171e-11
9264 2 33.2765 18.7062 46.3768 1 6.18762e-11
10292 2 30.7964 18.7062 44.9449 1 2.72673e-11
10341 2 32.4498 21.0445 44.9449 1 5.9126e-11
8139 2 1.03513 25.721 44.9449 1 1.70842e-11
8655 2 3.51523 25.721 46.3768 1 6.08907e-11
8684 2 3.51523 25.721 43.513 1 4.85702e-11
8685 2 1.86183 23.3827 43.513 1 4.70142e-11
8688 2 1.86183 23.3827 46.3768 1 5.93452e-11
8657 2 5.99534 25.721 44.9449 1 4.08417e-11
8686 2 4.34194 23.3827 44.9449 1 8.16634e-11
9563 2 8.47545 25.721 43.513 1 4.81182e-11
9566 2 8.47545 25.721 46.3768 1 6.04444e-11
9567 2 6.82204 23.3827 46.3768 1 6.43926e-11
9608 2 6.82204 23.3827 43.513 1 5.20631e-11
9564 2 10.9556 25.721 44.9449 1 3.85424e-11
9569 2 9.30215 23.3827 44.9449 1 6.35801e-11
10853 2 11.7823 23.3827 43.513 1 5.88034e-11
10856 2 11.7823 23.3827 46.3768 1 7.11282e-11
10799 2 13.4357 25.721 46.3768 1 9.59435e-11
10801 2 15.9158 25.721 44.9449 1 3.54813e-11
10852 2 13.4357 25.721 43.513 1 8.36296e-11
10854 2 14.2624 23.3827 44.9449 1 6.60139e-11
12452 2 16.7425 23.3827 46.3768 1 5.70158e-11
12515 2 16.7425 23.3827 43.513 1 4.46831e-11
12448 2 18.3959 25.721 43.513 1 5.60499e-11
12449 2 20.876 25.721 44.9449 1 3.31598e-11
12451 2 18.3959 25.721 46.3768 1 6.837e-11
12454 2 19.2226 23.3827 44.9449 1 8.80322e-11
518 2 23.3561 25.721 46.3768 1 5.80857e-11
524 2 25.8362 25.721 44.9449 1 3.97789e-11
1946 2 23.3561 25.721 43.513 1 4.57573e-11
1948 2 21.7027 23.3827 43.513 1 6.38944e-11
1949 2 24.1828 23.3827 44.9449 1 5.4449e-11
1952 2 21.7027 23.3827 46.3768 1 7.6218e-11
11683 2 26.6629 23.3827 43.513 1 6.66501e-11
11742 2 29.143 23.3827 44.9449 1 4.39431e-11
11744 2 26.6629 23.3827 46.3768 1 7.89695e-11
11745 2 28.3163 25.721 46.3768 1 4.47128e-11
11748 2 28.3163 25.721 43.513 1 3.23804e-11
10344 2 31.6231 23.3827 46.3768 1 8.56838e-11
10346 2 34.1032 23.3827 44.9449 1 4.62904e-11
10347 2 31.6231 23.3827 43.513 1 7.33677e-11
10348 2 33.2765 25.721 43.513 1 4.6032e-11
10395 2 33.2765 25.721 46.3768 1 5.83592e-11
11747 2 30.7964 25.721 44.9449 1 3.05862e-11
8117 2 1.86183 30.3975 43.513 1 2.03126e-11
8120 2 1.86183 30.3975 46.3768 1 3.26546e-11
8121 2 0.208425 28.0593 46.3768 1 2.4841e-11
8123 2 2.68853 28.0593 44.9449 1 7.44994e-12
8138 2 0.208425 28.0593 43.513 1 1.23206e-11
8118 2 4.34194 30.3975 44.9449 1 2.96379e-11
8621 2 6.82204 30.3975 46.3768 1 3.32653e-11
8650 2 6.82204 30.3975 43.513 1 2.09251e-11
8651 2 5.16864 28.0593 43.513 1 3.23766e-11
8652 2 7.64875 28.0593 44.9449 1 2.38579e-11
8654 2 5.16864 28.0593 46.3768 1 4.48978e-11
8623 2 9.30215 30.3975 44.9449 1 2.06555e-11
9517 2 11.7823 30.3975 43.513 1 2.54688e-11
9520 2 11.7823 30.3975 46.3768 1 3.78053e-11
9521 2 10.1289 28.0593 46.3768 1 5.8438e-11
9523 2 12.609 28.0593 44.9449 1 9.47997e-12
9562 2 10.1289 28.0593 43.513 1 4.59177e-11
9518 2 14.2624 30.3975 44.9449 1 2.23217e-11
10741 2 16.7425 30.3975 46.3768 1 3.14416e-11
10794 2 16.7425 30.3975 43.513 1 1.90977e-11
10795 2 15.0891 28.0593 43.513 1 4.61582e-11
10798 2 15.0891 28.0593 46.3768 1 5.86794e-11
10743 2 19.2226 30.3975 44.9449 1 3.45674e-11
10796 2 17.5692 28.0593 44.9449 1 4.78353e-12
12384 2 20.0493 28.0593 46.3768 1 2.89965e-11
12447 2 20.0493 28.0593 43.513 1 1.64753e-11
505 2 25.0095 28.0593 43.513 1 1.321e-11
513 2 25.0095 28.0593 46.3768 1 2.57306e-11
12380 2 21.7027 30.3975 43.513 1 2.68646e-11
12381 2 24.1828 30.3975 44.9449 1 1.75598e-11
12383 2 21.7027 30.3975 46.3768 1 3.91989e-11
12386 2 22.5294 28.0593 44.9449 1 1.41042e-12
315 2 26.6629 30.3975 46.3768 1 3.98812e-11
321 2 29.143 30.3975 44.9449 1 1.05366e-11
501 2 26.6629 30.3975 43.513 1 2.75508e-11
508 2 27.4896 28.0593 44.9449 1 2.30803e-12
11749 2 29.9697 28.0593 43.513 1 1.35154e-11
11810 2 29.9697 28.0593 46.3768 1 2.60384e-11
11808 2 32.4498 28.0593 44.9449 1 1.25922e-11
11811 2 31.6231 30.3975 46.3768 1 4.30643e-11
11813 2 34.1032 30.3975 44.9449 1 8.84537e-12
11814 2 31.6231 30.3975 43.513 1 3.0737e-11
7961 2 1.03513 32.7358 44.9449 1 2.28245e-11
8099 2 3.51523 32.7358 46.3768 1 6.95224e-11
8116 2 3.51523 32.7358 43.513 1 5.72042e-11
8101 2 5.99534 32.7358 44.9449 1 4.86269e-11
8617 2 8.47545 32.7358 43.513 1 5.55097e-11
8620 2 8.47545 32.7358 46.3768 1 6.78326e-11
8618 2 10.9556 32.7358 44.9449 1 4.47629e-11
9475 2 13.4357 32.7358 46.3768 1 1.04799e-10
9477 2 15.9158 32.7358 44.9449 1 4.10625e-11
9516 2 13.4357 32.7358 43.513 1 9.24864e-11
10737 2 18.3959 32.7358 43.513 1 6.44752e-11
10738 2 20.876 32.7358 44.9449 1 4.07667e-11
10740 2 18.3959 32.7358 46.3768 1 7.67928e-11
12316 2 23.3561 32.7358 46.3768 1 6.48678e-11
12318 2 25.8362 32.7358 44.9449 1 4.84305e-11
12379 2 23.3561 32.7358 43.513 1 5.25417e-11
304 2 28.3163 32.7358 43.513 1 3.88677e-11
311 2 28.3163 32.7358 46.3768 1 5.11971e-11
307 2 30.7964 32.7358 44.9449 1 3.84506e-11
11815 2 33.2765 32.7358 43.513 1 5.34545e-11
11874 2 33.2765 32.7358 46.3768 1 6.57796e-11
12728 2 1.86183 2.33832 49.2406 1 2.05582e-11
12793 2 2.68853 4.83756e-05 47.8087 1 1.96719e-11
12795 2 0.208425 4.83926e-05 49.2406 1 1.66764e-11
2595 2 6.82204 2.33832 49.2406 1 1.68978e-11
2599 2 5.16864 4.80603e-05 49.2406 1 3.5604e-11
2607 2 7.64875 4.74474e-05 47.8087 1 4.09212e-11
12730 2 4.34194 2.33832 47.8087 1 1.33135e-11
2587 2 9.30215 2.33832 47.8087 1 1.30663e-11
11417 2 10.1289 4.76601e-05 49.2406 1 4.66639e-11
11419 2 12.609 4.73383e-05 47.8087 1 2.52028e-11
11476 2 11.7823 2.33832 49.2406 1 1.93468e-11
10123 2 15.0891 4.75166e-05 49.2406 1 4.91712e-11
10124 2 16.7425 2.33832 49.2406 1 2.04167e-11
11474 2 14.2624 2.33832 47.8087 1 1.40055e-11
9095 2 20.0493 4.75324e-05 49.2406 1 1.87263e-11
10121 2 17.5692 4.73378e-05 47.8087 1 1.93044e-11
10126 2 19.2226 2.33832 47.8087 1 1.68672e-11
8419 2 25.0095 4.79272e-05 49.2406 1 2.02666e-11
9097 2 22.5294 4.7729e-05 47.8087 1 1.34684e-11
9134 2 24.1828 2.33832 47.8087 1 1.57739e-11
9136 2 21.7027 2.33832 49.2406 1 1.71903e-11
8219 2 29.9697 4.82048e-05 49.2406 1 1.98362e-11
8417 2 27.4896 4.82555e-05 47.8087 1 1.38114e-11
8420 2 26.6629 2.33832 49.2406 1 1.58904e-11
8422 2 29.143 2.33832 47.8087 1 1.20911e-11
8221 2 32.4498 4.84253e-05 47.8087 1 2.32419e-11
8234 2 34.1032 2.33832 47.8087 1 6.5221e-12
8236 2 31.6231 2.33832 49.2406 1 1.56802e-11
11032 2 2.68853 7.01485 47.8087 1 1.19715e-11
11034 2 0.208425 7.01485 49.2406 1 9.2205e-12
11036 2 1.03513 4.67658 47.8087 1 7.42313e-12
12727 2 3.51523 4.67659 49.2406 1 1.08012e-11
2238 2 8.47545 4.67658 49.2406 1 1.90997e-11
12660 2 5.16864 7.01485 49.2406 1 2.91167e-11
12662 2 7.64875 7.01485 47.8087 1 2.9032e-11
12725 2 5.99534 4.67658 47.8087 1 1.67606e-11
2235 2 12.609 7.01485 47.8087 1 1.44776e-11
2237 2 10.1289 7.01485 49.2406 1 4.23259e-11
2240 2 10.9556 4.67658 47.8087 1 2.54883e-11
11477 2 13.4357 4.67658 49.2406 1 4.4239e-11
11479 2 15.9158 4.67658 47.8087 1 2.6914e-11
11542 2 15.0891 7.01485 49.2406 1 4.28718e-11
10175 2 20.876 4.67658 47.8087 1 1.0353e-11
10177 2 18.3959 4.67658 49.2406 1 1.97495e-11
10178 2 20.0493 7.01485 49.2406 1 1.30902e-11
11540 2 17.5692 7.01485 47.8087 1 9.61664e-12
9137 2 23.3561 4.67658 49.2406 1 2.10102e-11
9139 2 25.8362 4.67659 47.8087 1 9.60314e-12
9178 2 25.0095 7.01485 49.2406 1 1.04745e-11
10180 2 22.5294 7.01485 47.8087 1 5.91023e-12
8449 2 28.3163 4.67658 49.2406 1 9.72876e-12
8450 2 29.9697 7.01485 49.2406 1 1.06812e-11
9176 2 27.4896 7.01485 47.8087 1 6.73265e-12
8237 2 33.2765 4.67659 49.2406 1 1.67894e-11
8447 2 30.7964 4.67659 47.8087 1 5.94479e-12
8452 2 32.4498 7.01485 47.8087 1 1.69003e-11
9664 2 1.03513 11.6914 47.8087 1 5.08293e-11
10976 2 3.51523 11.6914 49.2406 1 3.03871e-11
10977 2 1.86183 9.35312 49.2406 1 3.60066e-11
10974 2 5.99534 11.6914 47.8087 1 4.32742e-11
10979 2 4.34194 9.35312 47.8087 1 1.47147e-11
12592 2 8.47545 11.6914 49.2406 1 4.89317e-11
12659 2 6.82204 9.35312 49.2406 1 2.9885e-11
2165 2 11.7823 9.35312 49.2406 1 3.11205e-11
12594 2 10.9556 11.6914 47.8087 1 6.49235e-11
12657 2 9.30215 9.35312 47.8087 1 1.95161e-11
2160 2 15.9158 11.6914 47.8087 1 7.16065e-11
2162 2 13.4357 11.6914 49.2406 1 6.19401e-11
2167 2 14.2624 9.35312 47.8087 1 2.00331e-11
11543 2 16.7425 9.35312 49.2406 1 3.64863e-11
11545 2 19.2226 9.35312 47.8087 1 1.74805e-11
11606 2 20.876 11.6914 47.8087 1 3.83696e-11
11608 2 18.3959 11.6914 49.2406 1 4.10622e-11
10229 2 24.1828 9.35312 47.8087 1 2.55767e-11
10231 2 21.7027 9.35312 49.2406 1 2.69228e-11
10232 2 23.3561 11.6914 49.2406 1 5.58542e-11
10234 2 25.8362 11.6914 47.8087 1 2.89856e-11
9179 2 26.6629 9.35312 49.2406 1 2.44733e-11
9181 2 29.143 9.35312 47.8087 1 2.38211e-11
9220 2 28.3163 11.6914 49.2406 1 4.70136e-11
8828 2 34.1032 9.35312 47.8087 1 1.6012e-11
8830 2 31.6231 9.35312 49.2406 1 2.23042e-11
8831 2 33.2765 11.6914 49.2406 1 4.63515e-11
9218 2 30.7964 11.6914 47.8087 1 3.18055e-11
9617 2 1.86183 16.3679 49.2406 1 1.95657e-11
9660 2 2.68853 14.0297 47.8087 1 1.87138e-11
9662 2 0.208425 14.0297 49.2406 1 1.63978e-11
9619 2 4.34194 16.3679 47.8087 1 1.36913e-11
10918 2 6.82204 16.3679 49.2406 1 1.61499e-11
10919 2 5.16864 14.0297 49.2406 1 3.80048e-11
10921 2 7.64875 14.0297 47.8087 1 2.83547e-11
10916 2 9.30215 16.3679 47.8087 1 1.29548e-11
12524 2 11.7823 16.3679 49.2406 1 1.87183e-11
12589 2 12.609 14.0297 47.8087 1 1.58642e-11
12591 2 10.1289 14.0297 49.2406 1 5.5012e-11
2060 2 16.7425 16.3679 49.2406 1 1.93697e-11
2062 2 15.0891 14.0297 49.2406 1 5.20905e-11
12526 2 14.2624 16.3679 47.8087 1 1.39355e-11
2057 2 19.2226 16.3679 47.8087 1 1.73244e-11
2065 2 17.5692 14.0297 47.8087 1 1.28414e-11
11609 2 20.0493 14.0297 49.2406 1 2.34874e-11
10285 2 25.0095 14.0297 49.2406 1 1.35225e-11
11611 2 22.5294 14.0297 47.8087 1 1.29061e-11
11672 2 24.1828 16.3679 47.8087 1 1.53351e-11
11674 2 21.7027 16.3679 49.2406 1 1.67591e-11
9221 2 29.9697 14.0297 49.2406 1 1.48527e-11
10283 2 27.4896 14.0297 47.8087 1 1.45755e-11
10286 2 26.6629 16.3679 49.2406 1 1.55696e-11
10288 2 29.143 16.3679 47.8087 1 1.14656e-11
9223 2 32.4498 14.0297 47.8087 1 2.6044e-11
9260 2 34.1032 16.3679 47.8087 1 6.11475e-12
9262 2 31.6231 16.3679 49.2406 1 1.55518e-11
8690 2 2.68853 21.0445 47.8087 1 5.33549e-11
8692 2 0.208425 21.0445 49.2406 1 5.14938e-11
8694 2 1.03513 18.7062 47.8087 1 5.02071e-11
9616 2 3.51523 18.7062 49.2406 1 2.99548e-11
9571 2 5.16864 21.0445 49.2406 1 7.48749e-11
9573 2 7.64875 21.0445 47.8087 1 5.5276e-11
9614 2 5.99534 18.7062 47.8087 1 4.27931e-11
10861 2 8.47545 18.7062 49.2406 1 4.84166e-11
10858 2 12.609 21.0445 47.8087 1 4.494e-11
10860 2 10.1289 21.0445 49.2406 1 9.58429e-11
10863 2 10.9556 18.7062 47.8087 1 6.43415e-11
12456 2 15.0891 21.0445 49.2406 1 8.93153e-11
12521 2 15.9158 18.7062 47.8087 1 7.09819e-11
12523 2 13.4357 18.7062 49.2406 1 6.15297e-11
1958 2 20.0493 21.0445 49.2406 1 6.1936e-11
1960 2 18.3959 18.7062 49.2406 1 4.06196e-11
1962 2 20.876 18.7062 47.8087 1 3.78752e-11
12458 2 17.5692 21.0445 47.8087 1 4.38313e-11
1956 2 22.5294 21.0445 47.8087 1 4.78227e-11
11675 2 23.3561 18.7062 49.2406 1 5.52947e-11
11677 2 25.8362 18.7062 47.8087 1 2.85626e-11
11740 2 25.0095 21.0445 49.2406 1 4.43246e-11
10339 2 28.3163 18.7062 49.2406 1 4.64377e-11
10340 2 29.9697 21.0445 49.2406 1 4.6823e-11
11738 2 27.4896 21.0445 47.8087 1 5.03734e-11
9263 2 33.2765 18.7062 49.2406 1 4.58411e-11
10337 2 30.7964 18.7062 47.8087 1 3.13312e-11
10342 2 32.4498 21.0445 47.8087 1 6.31947e-11
8126 2 1.03513 25.721 47.8087 1 2.11554e-11
8658 2 3.51523 25.721 49.2406 1 4.48658e-11
8659 2 1.86183 23.3827 49.2406 1 4.33246e-11
8656 2 5.99534 25.721 47.8087 1 4.49113e-11
8661 2 4.34194 23.3827 47.8087 1 8.57497e-11
9525 2 8.47545 25.721 49.2406 1 4.44164e-11
9570 2 6.82204 23.3827 49.2406 1 4.83671e-11
9527 2 10.9556 25.721 47.8087 1 4.26097e-11
9568 2 9.30215 23.3827 47.8087 1 6.76587e-11
10803 2 11.7823 23.3827 49.2406 1 5.51158e-11
10800 2 15.9158 25.721 47.8087 1 3.95482e-11
10802 2 13.4357 25.721 49.2406 1 7.99197e-11
10805 2 14.2624 23.3827 47.8087 1 7.00965e-11
12455 2 16.7425 23.3827 49.2406 1 4.09952e-11
12388 2 18.3959 25.721 49.2406 1 5.23474e-11
12390 2 20.876 25.721 47.8087 1 3.72315e-11
12453 2 19.2226 23.3827 47.8087 1 9.21126e-11
521 2 25.8362 25.721 47.8087 1 4.38548e-11
1856 2 23.3561 25.721 49.2406 1 4.20602e-11
1858 2 21.7027 23.3827 49.2406 1 6.01974e-11
1860 2 24.1828 23.3827 47.8087 1 5.85236e-11
11741 2 26.6629 23.3827 49.2406 1 6.29514e-11
11743 2 29.143 23.3827 47.8087 1 4.80174e-11
11806 2 28.3163 25.721 49.2406 1 2.869e-11
10391 2 34.1032 23.3827 47.8087 1 5.03673e-11
10393 2 31.6231 23.3827 49.2406 1 6.96643e-11
10394 2 33.2765 25.721 49.2406 1 4.23398e-11
11804 2 30.7964 25.721 47.8087 1 3.46608e-11
8103 2 1.86183 30.3975 49.2406 1 1.66339e-11
8122 2 2.68853 28.0593 47.8087 1 1.15191e-11
8124 2 0.208425 28.0593 49.2406 1 8.80625e-12
8105 2 4.34194 30.3975 47.8087 1 3.37229e-11
8624 2 6.82204 30.3975 49.2406 1 1.72401e-11
8625 2 5.16864 28.0593 49.2406 1 2.88563e-11
8627 2 7.64875 28.0593 47.8087 1 2.79214e-11
8622 2 9.30215 30.3975 47.8087 1 2.47328e-11
9479 2 11.7823 30.3975 49.2406 1 2.17929e-11
9522 2 12.609 28.0593 47.8087 1 1.35495e-11
9524 2 10.1289 28.0593 49.2406 1 4.23979e-11
9481 2 14.2624 30.3975 47.8087 1 2.64021e-11
10744 2 16.7425 30.3975 49.2406 1 1.54208e-11
10745 2 15.0891 28.0593 49.2406 1 4.26378e-11
10742 2 19.2226 30.3975 47.8087 1 3.86488e-11
10747 2 17.5692 28.0593 47.8087 1 8.85144e-12
12387 2 20.0493 28.0593 49.2406 1 1.29599e-11
326 2 25.0095 28.0593 49.2406 1 9.69392e-12
12320 2 21.7027 30.3975 49.2406 1 2.31797e-11
12322 2 24.1828 30.3975 47.8087 1 2.16342e-11
12385 2 22.5294 28.0593 47.8087 1 5.47882e-12
318 2 29.143 30.3975 47.8087 1 1.46096e-11
323 2 26.6629 30.3975 49.2406 1 2.38654e-11
334 2 27.4896 28.0593 47.8087 1 6.37688e-12
11807 2 29.9697 28.0593 49.2406 1 1.00009e-11
11809 2 32.4498 28.0593 47.8087 1 1.66598e-11
11870 2 34.1032 30.3975 47.8087 1 1.2921e-11
11872 2 31.6231 30.3975 49.2406 1 2.7048e-11
7960 2 1.03513 32.7358 47.8087 1 2.69019e-11
8102 2 3.51523 32.7358 49.2406 1 5.35102e-11
8100 2 5.99534 32.7358 47.8087 1 5.27052e-11
8591 2 8.47545 32.7358 49.2406 1 5.18142e-11
8593 2 10.9556 32.7358 47.8087 1 4.88384e-11
9476 2 15.9158 32.7358 47.8087 1 4.51374e-11
9478 2 13.4357 32.7358 49.2406 1 8.87879e-11
10687 2 18.3959 32.7358 49.2406 1 6.07823e-11
10689 2 20.876 32.7358 47.8087 1 4.48466e-11
12317 2 25.8362 32.7358 47.8087 1 5.25147e-11
12319 2 23.3561 32.7358 49.2406 1 4.88515e-11
183 2 28.3163 32.7358 49.2406 1 3.51834e-11
185 2 30.7964 32.7358 47.8087 1 4.25326e-11
11873 2 33.2765 32.7358 49.2406 1 4.97713e-11
12731 2 1.86183 2.33832 52.1044 1 1.44776e-11
12732 2 0.208425 4.83926e-05 52.1044 1 1.05996e-11
12733 2 2.68853 4.83754e-05 53.5362 1 1.58026e-11
12734 2 2.68853 4.83755e-05 50.6725 1 2.04839e-11
2242 2 6.82204 2.33832 52.1044 1 1.08184e-11
2248 2 7.64875 4.74473e-05 53.5362 1 3.70484e-11
2603 2 7.64875 4.74473e-05 50.6725 1 4.17304e-11
2611 2 5.16864 4.80603e-05 52.1044 1 2.95248e-11
12670 2 4.34194 2.33832 53.5362 1 9.4329e-12
12729 2 4.34194 2.33832 50.6725 1 1.41221e-11
2243 2 9.30215 2.33832 53.5362 1 9.1869e-12
2244 2 9.30215 2.33832 50.6725 1 1.38741e-11
11470 2 12.609 4.73383e-05 50.6725 1 2.60105e-11
11471 2 12.609 4.73382e-05 53.5362 1 2.13288e-11
11472 2 10.1289 4.766e-05 52.1044 1 4.05795e-11
11473 2 11.7823 2.33832 52.1044 1 1.32652e-11
10120 2 15.0891 4.75166e-05 52.1044 1 4.30895e-11
10173 2 16.7425 2.33832 52.1044 1 1.43344e-11
11475 2 14.2624 2.33832 50.6725 1 1.48128e-11
11532 2 14.2624 2.33832 53.5362 1 1.01274e-11
9132 2 20.0493 4.75324e-05 52.1044 1 1.26481e-11
10122 2 17.5692 4.73377e-05 50.6725 1 2.01126e-11
10167 2 17.5692 4.73376e-05 53.5362 1 1.54346e-11
10171 2 19.2226 2.33832 50.6725 1 1.76736e-11
10172 2 19.2226 2.33832 53.5362 1 1.29888e-11
8416 2 25.0095 4.79271e-05 52.1044 1 1.41909e-11
9130 2 22.5294 4.7729e-05 50.6725 1 1.42781e-11
9131 2 22.5294 4.77289e-05 53.5362 1 9.59888e-12
9133 2 21.7027 2.33832 52.1044 1 1.11107e-11
9135 2 24.1828 2.33832 50.6725 1 1.65839e-11
9168 2 24.1828 2.33832 53.5362 1 1.19051e-11
8232 2 29.9697 4.82048e-05 52.1044 1 1.37604e-11
8418 2 27.4896 4.82555e-05 50.6725 1 1.46206e-11
8439 2 27.4896 4.82554e-05 53.5362 1 9.9403e-12
8443 2 29.143 2.33832 50.6725 1 1.29012e-11
8444 2 29.143 2.33832 53.5362 1 8.21747e-12
8445 2 26.6629 2.33832 52.1044 1 9.81012e-12
8230 2 32.4498 4.84253e-05 50.6725 1 2.40548e-11
8231 2 32.4498 4.84252e-05 53.5362 1 1.9373e-11
8233 2 31.6231 2.33832 52.1044 1 9.60147e-12
8235 2 34.1032 2.33832 50.6725 1 7.33059e-12
8244 2 34.1032 2.33832 53.5362 1 2.64562e-12
10981 2 0.208425 7.01485 52.1044 1 3.14423e-12
10982 2 2.68853 7.01485 53.5362 1 8.09609e-12
10983 2 2.68853 7.01485 50.6725 1 1.27823e-11
10986 2 1.03513 4.67658 53.5362 1 3.5441e-12
11035 2 1.03513 4.67658 50.6725 1 8.23319e-12
12664 2 3.51523 4.67659 52.1044 1 4.72069e-12
2241 2 8.47545 4.67658 52.1044 1 1.30143e-11
12602 2 7.64875 7.01485 53.5362 1 2.51533e-11
12661 2 7.64875 7.01485 50.6725 1 2.98399e-11
12663 2 5.16864 7.01485 52.1044 1 2.3039e-11
12665 2 5.99534 4.67658 53.5362 1 1.2879e-11
12666 2 5.99534 4.67658 50.6725 1 1.75715e-11
2170 2 10.1289 7.01485 52.1044 1 3.62417e-11
2171 2 12.609 7.01485 53.5362 1 1.05979e-11
2172 2 12.609 7.01485 50.6725 1 1.52842e-11
2176 2 10.9556 4.67658 53.5362 1 2.16053e-11
2239 2 10.9556 4.67658 50.6725 1 2.62945e-11
11536 2 15.9158 4.67658 50.6725 1 2.7725e-11
11537 2 15.9158 4.67658 53.5362 1 2.30392e-11
11538 2 13.4357 4.67658 52.1044 1 3.81587e-11
11539 2 15.0891 7.01485 52.1044 1 3.67916e-11
10174 2 18.3959 4.67658 52.1044 1 1.36671e-11
10176 2 20.876 4.67658 50.6725 1 1.11617e-11
10221 2 20.876 4.67658 53.5362 1 6.47951e-12
10227 2 20.0493 7.01485 52.1044 1 7.01294e-12
11541 2 17.5692 7.01485 50.6725 1 1.04231e-11
11598 2 17.5692 7.01485 53.5362 1 5.74098e-12
9172 2 25.8362 4.67659 50.6725 1 1.04115e-11
9173 2 25.8362 4.67659 53.5362 1 5.7251e-12
9174 2 23.3561 4.67658 52.1044 1 1.49297e-11
9175 2 25.0095 7.01485 52.1044 1 4.3979e-12
10225 2 22.5294 7.01485 50.6725 1 6.71821e-12
10226 2 22.5294 7.01485 53.5362 1 2.03562e-12
8446 2 28.3163 4.67658 52.1044 1 3.64514e-12
8826 2 29.9697 7.01485 52.1044 1 4.60489e-12
9177 2 27.4896 7.01485 50.6725 1 7.54026e-12
9210 2 27.4896 7.01485 53.5362 1 2.85602e-12
8248 2 33.2765 4.67659 52.1044 1 1.07072e-11
8448 2 30.7964 4.67659 50.6725 1 6.75357e-12
8806 2 30.7964 4.67659 53.5362 1 2.0652e-12
8813 2 32.4498 7.01485 50.6725 1 1.77117e-11
8825 2 32.4498 7.01485 53.5362 1 1.30258e-11
9626 2 1.03513 11.6914 53.5362 1 4.69539e-11
9663 2 1.03513 11.6914 50.6725 1 5.16437e-11
10923 2 3.51523 11.6914 52.1044 1 2.43058e-11
10980 2 1.86183 9.35312 52.1044 1 2.99273e-11
10924 2 5.99534 11.6914 53.5362 1 3.93993e-11
10925 2 5.99534 11.6914 50.6725 1 4.40847e-11
10929 2 4.34194 9.35312 53.5362 1 1.08391e-11
10978 2 4.34194 9.35312 50.6725 1 1.55246e-11
12595 2 8.47545 11.6914 52.1044 1 4.28473e-11
12596 2 6.82204 9.35312 52.1044 1 2.38062e-11
2168 2 11.7823 9.35312 52.1044 1 2.50399e-11
12534 2 10.9556 11.6914 53.5362 1 6.10405e-11
12593 2 10.9556 11.6914 50.6725 1 6.57298e-11
12597 2 9.30215 9.35312 53.5362 1 1.56433e-11
12598 2 9.30215 9.35312 50.6725 1 2.03272e-11
2068 2 13.4357 11.6914 52.1044 1 5.58585e-11
2069 2 15.9158 11.6914 53.5362 1 6.77397e-11
2071 2 15.9158 11.6914 50.6725 1 7.24209e-11
2076 2 14.2624 9.35312 53.5362 1 1.61605e-11
2166 2 14.2624 9.35312 50.6725 1 2.08422e-11
11604 2 16.7425 9.35312 52.1044 1 3.04052e-11
11602 2 19.2226 9.35312 50.6725 1 1.82882e-11
11603 2 19.2226 9.35312 53.5362 1 1.3607e-11
11605 2 18.3959 11.6914 52.1044 1 3.49777e-11
11607 2 20.876 11.6914 50.6725 1 3.91796e-11
11664 2 20.876 11.6914 53.5362 1 3.45021e-11
10228 2 21.7027 9.35312 52.1044 1 2.08442e-11
10230 2 24.1828 9.35312 50.6725 1 2.63886e-11
10275 2 24.1828 9.35312 53.5362 1 2.17144e-11
10279 2 25.8362 11.6914 50.6725 1 2.97952e-11
10280 2 25.8362 11.6914 53.5362 1 2.5111e-11
10281 2 23.3561 11.6914 52.1044 1 4.97735e-11
9214 2 29.143 9.35312 50.6725 1 2.46337e-11
9215 2 29.143 9.35312 53.5362 1 1.99545e-11
9216 2 26.6629 9.35312 52.1044 1 1.83933e-11
9217 2 28.3163 11.6914 52.1044 1 4.09309e-11
8827 2 31.6231 9.35312 52.1044 1 1.62262e-11
8829 2 34.1032 9.35312 50.6725 1 1.68229e-11
8856 2 34.1032 9.35312 53.5362 1 1.21403e-11
8860 2 33.2765 11.6914 52.1044 1 4.02712e-11
9219 2 30.7964 11.6914 50.6725 1 3.2616e-11
9252 2 30.7964 11.6914 53.5362 1 2.79309e-11
9620 2 1.86183 16.3679 52.1044 1 1.3486e-11
9621 2 0.208425 14.0297 52.1044 1 1.03212e-11
9622 2 2.68853 14.0297 53.5362 1 1.4833e-11
9623 2 2.68853 14.0297 50.6725 1 1.95248e-11
9581 2 4.34194 16.3679 53.5362 1 9.81197e-12
9618 2 4.34194 16.3679 50.6725 1 1.45006e-11
10865 2 6.82204 16.3679 52.1044 1 1.00702e-11
10871 2 7.64875 14.0297 53.5362 1 2.44726e-11
10920 2 7.64875 14.0297 50.6725 1 2.9162e-11
10922 2 5.16864 14.0297 52.1044 1 3.19287e-11
10866 2 9.30215 16.3679 53.5362 1 9.07573e-12
10867 2 9.30215 16.3679 50.6725 1 1.37626e-11
12527 2 11.7823 16.3679 52.1044 1 1.26359e-11
12528 2 10.1289 14.0297 52.1044 1 4.89274e-11
12529 2 12.609 14.0297 53.5362 1 1.19814e-11
12530 2 12.609 14.0297 50.6725 1 1.66713e-11
1967 2 16.7425 16.3679 52.1044 1 1.32877e-11
2066 2 15.0891 14.0297 52.1044 1 4.60124e-11
12466 2 14.2624 16.3679 53.5362 1 1.00575e-11
12525 2 14.2624 16.3679 50.6725 1 1.47429e-11
1968 2 19.2226 16.3679 53.5362 1 1.34466e-11
1969 2 19.2226 16.3679 50.6725 1 1.81311e-11
1975 2 17.5692 14.0297 53.5362 1 8.96191e-12
2063 2 17.5692 14.0297 50.6725 1 1.36476e-11
11670 2 20.0493 14.0297 52.1044 1 1.74108e-11
10282 2 25.0095 14.0297 52.1044 1 7.44311e-12
11668 2 22.5294 14.0297 50.6725 1 1.37137e-11
11669 2 22.5294 14.0297 53.5362 1 9.02873e-12
11671 2 21.7027 16.3679 52.1044 1 1.068e-11
11673 2 24.1828 16.3679 50.6725 1 1.61448e-11
11730 2 24.1828 16.3679 53.5362 1 1.14661e-11
9258 2 29.9697 14.0297 52.1044 1 8.77413e-12
10284 2 27.4896 14.0297 50.6725 1 1.53831e-11
10329 2 27.4896 14.0297 53.5362 1 1.06948e-11
10333 2 29.143 16.3679 50.6725 1 1.22755e-11
10334 2 29.143 16.3679 53.5362 1 7.59216e-12
10335 2 26.6629 16.3679 52.1044 1 9.48934e-12
9256 2 32.4498 14.0297 50.6725 1 2.68547e-11
9257 2 32.4498 14.0297 53.5362 1 2.21652e-11
9259 2 31.6231 16.3679 52.1044 1 9.47273e-12
9261 2 34.1032 16.3679 50.6725 1 6.92316e-12
9744 2 34.1032 16.3679 53.5362 1 2.2389e-12
8663 2 0.208425 21.0445 52.1044 1 4.54053e-11
8664 2 2.68853 21.0445 53.5362 1 4.94566e-11
8665 2 2.68853 21.0445 50.6725 1 5.41549e-11
8668 2 1.03513 18.7062 53.5362 1 4.63176e-11
8693 2 1.03513 18.7062 50.6725 1 5.10116e-11
9575 2 3.51523 18.7062 52.1044 1 2.3868e-11
9535 2 7.64875 21.0445 53.5362 1 5.13832e-11
9572 2 7.64875 21.0445 50.6725 1 5.60742e-11
9574 2 5.16864 21.0445 52.1044 1 6.87853e-11
9576 2 5.99534 18.7062 53.5362 1 3.89061e-11
9577 2 5.99534 18.7062 50.6725 1 4.35959e-11
10864 2 8.47545 18.7062 52.1044 1 4.23268e-11
10807 2 10.1289 21.0445 52.1044 1 8.9741e-11
10808 2 12.609 21.0445 53.5362 1 4.10442e-11
10809 2 12.609 21.0445 50.6725 1 4.57383e-11
10813 2 10.9556 18.7062 53.5362 1 6.04432e-11
10862 2 10.9556 18.7062 50.6725 1 6.51388e-11
12459 2 15.0891 21.0445 52.1044 1 8.3223e-11
12460 2 13.4357 18.7062 52.1044 1 5.54445e-11
12461 2 15.9158 18.7062 53.5362 1 6.70987e-11
12462 2 15.9158 18.7062 50.6725 1 7.17866e-11
1863 2 20.0493 21.0445 52.1044 1 5.58469e-11
1872 2 20.876 18.7062 53.5362 1 3.39958e-11
1961 2 20.876 18.7062 50.6725 1 3.86774e-11
1965 2 18.3959 18.7062 52.1044 1 3.45302e-11
12398 2 17.5692 21.0445 53.5362 1 3.99366e-11
12457 2 17.5692 21.0445 50.6725 1 4.4627e-11
1864 2 22.5294 21.0445 53.5362 1 4.39304e-11
1866 2 22.5294 21.0445 50.6725 1 4.86186e-11
11734 2 25.8362 18.7062 50.6725 1 2.9365e-11
11735 2 25.8362 18.7062 53.5362 1 2.46786e-11
11736 2 23.3561 18.7062 52.1044 1 4.92089e-11
11737 2 25.0095 21.0445 52.1044 1 3.82338e-11
10336 2 28.3163 18.7062 52.1044 1 4.03475e-11
10389 2 29.9697 21.0445 52.1044 1 4.07334e-11
11739 2 27.4896 21.0445 50.6725 1 5.11694e-11
11796 2 27.4896 21.0445 53.5362 1 4.64762e-11
9751 2 33.2765 18.7062 52.1044 1 3.97531e-11
10338 2 30.7964 18.7062 50.6725 1 3.21337e-11
10383 2 30.7964 18.7062 53.5362 1 2.74461e-11
10387 2 32.4498 21.0445 50.6725 1 6.39929e-11
10388 2 32.4498 21.0445 53.5362 1 5.93002e-11
8112 2 1.03513 25.721 53.5362 1 1.72719e-11
8125 2 1.03513 25.721 50.6725 1 2.19578e-11
8629 2 3.51523 25.721 52.1044 1 3.87787e-11
8662 2 1.86183 23.3827 52.1044 1 3.72306e-11
8630 2 5.99534 25.721 53.5362 1 4.10206e-11
8631 2 5.99534 25.721 50.6725 1 4.57163e-11
8635 2 4.34194 23.3827 53.5362 1 8.18415e-11
8660 2 4.34194 23.3827 50.6725 1 8.65446e-11
9528 2 8.47545 25.721 52.1044 1 3.83229e-11
9529 2 6.82204 23.3827 52.1044 1 4.22765e-11
9489 2 10.9556 25.721 53.5362 1 3.87262e-11
9526 2 10.9556 25.721 50.6725 1 4.34107e-11
9530 2 9.30215 23.3827 53.5362 1 6.37508e-11
9531 2 9.30215 23.3827 50.6725 1 6.84481e-11
10806 2 11.7823 23.3827 52.1044 1 4.90213e-11
10749 2 13.4357 25.721 52.1044 1 7.38317e-11
10750 2 15.9158 25.721 53.5362 1 3.56673e-11
10751 2 15.9158 25.721 50.6725 1 4.0352e-11
10755 2 14.2624 23.3827 53.5362 1 6.61931e-11
10804 2 14.2624 23.3827 50.6725 1 7.089e-11
12392 2 16.7425 23.3827 52.1044 1 3.49021e-11
12330 2 20.876 25.721 53.5362 1 3.33494e-11
12389 2 20.876 25.721 50.6725 1 3.80332e-11
12391 2 18.3959 25.721 52.1044 1 4.6259e-11
12393 2 19.2226 23.3827 53.5362 1 8.82086e-11
12394 2 19.2226 23.3827 50.6725 1 9.29039e-11
338 2 23.3561 25.721 52.1044 1 3.59723e-11
342 2 25.8362 25.721 53.5362 1 3.99679e-11
345 2 25.8362 25.721 50.6725 1 4.46555e-11
356 2 24.1828 23.3827 53.5362 1 5.4634e-11
1859 2 24.1828 23.3827 50.6725 1 5.93215e-11
1862 2 21.7027 23.3827 52.1044 1 5.4101e-11
11800 2 29.143 23.3827 50.6725 1 4.88151e-11
11801 2 29.143 23.3827 53.5362 1 4.41237e-11
11802 2 26.6629 23.3827 52.1044 1 5.68566e-11
11803 2 28.3163 25.721 52.1044 1 2.26002e-11
10390 2 31.6231 23.3827 52.1044 1 6.35686e-11
10392 2 34.1032 23.3827 50.6725 1 5.11627e-11
10437 2 34.1032 23.3827 53.5362 1 4.6474e-11
10441 2 33.2765 25.721 52.1044 1 3.62508e-11
11805 2 30.7964 25.721 50.6725 1 3.54624e-11
11862 2 30.7964 25.721 53.5362 1 3.07722e-11
8106 2 1.86183 30.3975 52.1044 1 1.05522e-11
8107 2 0.208425 28.0593 52.1044 1 2.72976e-12
8108 2 2.68853 28.0593 53.5362 1 7.64362e-12
8109 2 2.68853 28.0593 50.6725 1 1.23297e-11
8091 2 4.34194 30.3975 53.5362 1 2.98383e-11
8104 2 4.34194 30.3975 50.6725 1 3.45324e-11
8595 2 6.82204 30.3975 52.1044 1 1.11594e-11
8601 2 7.64875 28.0593 53.5362 1 2.40425e-11
8626 2 7.64875 28.0593 50.6725 1 2.87288e-11
8628 2 5.16864 28.0593 52.1044 1 2.27793e-11
8596 2 9.30215 30.3975 53.5362 1 2.08472e-11
8597 2 9.30215 30.3975 50.6725 1 2.55381e-11
9482 2 11.7823 30.3975 52.1044 1 1.5709e-11
9483 2 10.1289 28.0593 52.1044 1 3.63143e-11
9484 2 12.609 28.0593 53.5362 1 9.67008e-12
9485 2 12.609 28.0593 50.6725 1 1.43558e-11
9443 2 14.2624 30.3975 53.5362 1 2.25192e-11
9480 2 14.2624 30.3975 50.6725 1 2.72092e-11
10691 2 16.7425 30.3975 52.1044 1 9.33737e-12
10748 2 15.0891 28.0593 52.1044 1 3.65586e-11
10692 2 19.2226 30.3975 53.5362 1 3.47664e-11
10693 2 19.2226 30.3975 50.6725 1 3.94554e-11
10697 2 17.5692 28.0593 53.5362 1 4.97624e-12
10746 2 17.5692 28.0593 50.6725 1 9.65772e-12
12324 2 20.0493 28.0593 52.1044 1 6.8828e-12
335 2 25.0095 28.0593 52.1044 1 3.61627e-12
12268 2 24.1828 30.3975 53.5362 1 1.77608e-11
12321 2 24.1828 30.3975 50.6725 1 2.24437e-11
12323 2 21.7027 30.3975 52.1044 1 1.70983e-11
12325 2 22.5294 28.0593 53.5362 1 1.6051e-12
12326 2 22.5294 28.0593 50.6725 1 6.28683e-12
187 2 26.6629 30.3975 52.1044 1 1.77841e-11
188 2 29.143 30.3975 53.5362 1 1.07313e-11
189 2 29.143 30.3975 50.6725 1 1.54185e-11
193 2 27.4896 28.0593 53.5362 1 2.50075e-12
331 2 27.4896 28.0593 50.6725 1 7.1845e-12
11868 2 29.9697 28.0593 52.1044 1 3.9236e-12
11866 2 32.4498 28.0593 50.6725 1 1.7471e-11
11867 2 32.4498 28.0593 53.5362 1 1.27854e-11
11869 2 31.6231 30.3975 52.1044 1 2.0967e-11
11871 2 34.1032 30.3975 50.6725 1 1.37285e-11
11922 2 34.1032 30.3975 53.5362 1 9.04262e-12
7958 2 1.03513 32.7358 53.5362 1 2.3026e-11
7959 2 1.03513 32.7358 50.6725 1 2.77105e-11
8085 2 3.51523 32.7358 52.1044 1 4.74297e-11
8086 2 5.99534 32.7358 53.5362 1 4.88237e-11
8087 2 5.99534 32.7358 50.6725 1 5.35189e-11
8594 2 8.47545 32.7358 52.1044 1 4.57271e-11
8567 2 10.9556 32.7358 53.5362 1 4.49621e-11
8592 2 10.9556 32.7358 50.6725 1 4.96468e-11
9437 2 13.4357 32.7358 52.1044 1 8.27081e-11
9438 2 15.9158 32.7358 53.5362 1 4.12617e-11
9439 2 15.9158 32.7358 50.6725 1 4.59475e-11
10640 2 20.876 32.7358 53.5362 1 4.0974e-11
10688 2 20.876 32.7358 50.6725 1 4.56567e-11
10690 2 18.3959 32.7358 52.1044 1 5.47011e-11
12262 2 23.3561 32.7358 52.1044 1 4.27703e-11
12263 2 25.8362 32.7358 53.5362 1 4.86398e-11
12264 2 25.8362 32.7358 50.6725 1 5.33245e-11
186 2 28.3163 32.7358 52.1044 1 2.90981e-11
135 2 30.7964 32.7358 53.5362 1 3.86548e-11
184 2 30.7964 32.7358 50.6725 1 4.33426e-11
11926 2 33.2765 32.7358 52.1044 1 4.36865e-11
12668 2 1.86183 2.33832 54.9681 1 1.90637e-11
12671 2 1.86183 2.33832 57.8319 1 1.86253e-11
12672 2 0.208425 4.83927e-05 57.8319 1 1.47075e-11
12674 2 2.68853 4.83765e-05 56.4 1 2.21609e-11
12735 2 0.208425 4.83926e-05 54.9681 1 1.51847e-11
2178 2 6.82204 2.33832 57.8319 1 1.50208e-11
2245 2 6.82204 2.33832 54.9681 1 1.54132e-11
2246 2 5.16864 4.80604e-05 54.9681 1 3.41061e-11
2247 2 7.64875 4.74483e-05 56.4 1 4.34042e-11
2249 2 5.16864 4.80598e-05 57.8319 1 3.37076e-11
12669 2 4.34194 2.33832 56.4 1 1.57442e-11
2180 2 9.30215 2.33832 56.4 1 1.55157e-11
11469 2 10.1289 4.76602e-05 54.9681 1 4.51517e-11
11528 2 12.609 4.73387e-05 56.4 1 2.75409e-11
11530 2 10.1289 4.76586e-05 57.8319 1 4.45421e-11
11531 2 11.7823 2.33832 57.8319 1 1.7218e-11
11534 2 11.7823 2.33832 54.9681 1 1.78523e-11
10166 2 15.0891 4.75159e-05 57.8319 1 4.6831e-11
10169 2 15.0891 4.75166e-05 54.9681 1 4.771e-11
10170 2 16.7425 2.33832 54.9681 1 1.89318e-11
10219 2 16.7425 2.33832 57.8319 1 1.81845e-11
11533 2 14.2624 2.33832 56.4 1 1.62915e-11
9129 2 20.0493 4.75325e-05 54.9681 1 1.7246e-11
9166 2 20.0493 4.75321e-05 57.8319 1 1.65198e-11
10168 2 17.5692 4.73386e-05 56.4 1 2.16045e-11
10217 2 19.2226 2.33832 56.4 1 1.92049e-11
8438 2 25.0095 4.79268e-05 57.8319 1 1.80979e-11
8441 2 25.0095 4.79273e-05 54.9681 1 1.87918e-11
9164 2 22.5294 4.77299e-05 56.4 1 1.58441e-11
9167 2 21.7027 2.33832 57.8319 1 1.50054e-11
9169 2 24.1828 2.33832 56.4 1 1.81123e-11
9170 2 21.7027 2.33832 54.9681 1 1.57159e-11
8229 2 29.9697 4.82049e-05 54.9681 1 1.83637e-11
8242 2 29.9697 4.82046e-05 57.8319 1 1.7672e-11
8440 2 27.4896 4.82565e-05 56.4 1 1.61621e-11
8442 2 26.6629 2.33832 54.9681 1 1.44082e-11
8802 2 29.143 2.33832 56.4 1 1.4393e-11
8804 2 26.6629 2.33832 57.8319 1 1.37078e-11
8240 2 32.4498 4.84264e-05 56.4 1 2.56244e-11
8243 2 31.6231 2.33832 57.8319 1 1.35368e-11
8245 2 34.1032 2.33832 56.4 1 8.91228e-12
8246 2 31.6231 2.33832 54.9681 1 1.42014e-11
10931 2 0.208425 7.01485 57.8319 1 7.27091e-12
10933 2 2.68853 7.01485 56.4 1 1.44357e-11
10984 2 0.208425 7.01485 54.9681 1 7.73178e-12
10985 2 1.03513 4.67658 56.4 1 9.82498e-12
12604 2 3.51523 4.67659 57.8319 1 8.88383e-12
12667 2 3.51523 4.67659 54.9681 1 9.2871e-12
2174 2 8.47545 4.67658 54.9681 1 1.75767e-11
2177 2 8.47545 4.67658 57.8319 1 1.7137e-11
12600 2 5.16864 7.01485 54.9681 1 2.76249e-11
12601 2 7.64875 7.01485 56.4 1 3.14926e-11
12603 2 5.16864 7.01485 57.8319 1 2.72149e-11
12606 2 5.99534 4.67658 56.4 1 1.91569e-11
2080 2 10.1289 7.01485 57.8319 1 4.01908e-11
2083 2 12.609 7.01485 56.4 1 1.67957e-11
2173 2 10.1289 7.01485 54.9681 1 4.08208e-11
2175 2 10.9556 4.67658 56.4 1 2.78453e-11
11535 2 13.4357 4.67658 54.9681 1 4.27443e-11
11594 2 15.9158 4.67658 56.4 1 2.91146e-11
11596 2 13.4357 4.67658 57.8319 1 4.19716e-11
11597 2 15.0891 7.01485 57.8319 1 4.05226e-11
11600 2 15.0891 7.01485 54.9681 1 4.14162e-11
10220 2 18.3959 4.67658 57.8319 1 1.75153e-11
10222 2 20.876 4.67658 56.4 1 1.26721e-11
10223 2 18.3959 4.67658 54.9681 1 1.82358e-11
10224 2 20.0493 7.01485 54.9681 1 1.16136e-11
10273 2 20.0493 7.01485 57.8319 1 1.08825e-11
11599 2 17.5692 7.01485 56.4 1 1.18907e-11
9171 2 23.3561 4.67658 54.9681 1 1.95104e-11
9206 2 25.8362 4.67659 56.4 1 1.19169e-11
9208 2 23.3561 4.67658 57.8319 1 1.88715e-11
9209 2 25.0095 7.01485 57.8319 1 8.3387e-12
9212 2 25.0095 7.01485 54.9681 1 9.00175e-12
10271 2 22.5294 7.01485 56.4 1 8.26217e-12
8805 2 28.3163 4.67658 57.8319 1 7.57577e-12
8808 2 28.3163 4.67658 54.9681 1 8.21981e-12
8809 2 29.9697 7.01485 54.9681 1 9.21017e-12
8854 2 29.9697 7.01485 57.8319 1 8.5465e-12
9211 2 27.4896 7.01485 56.4 1 9.06165e-12
8247 2 33.2765 4.67659 54.9681 1 1.52706e-11
8258 2 33.2765 4.67659 57.8319 1 1.47552e-11
8807 2 30.7964 4.67659 56.4 1 8.25119e-12
8852 2 32.4498 7.01485 56.4 1 1.92541e-11
9625 2 1.03513 11.6914 56.4 1 5.32356e-11
10873 2 3.51523 11.6914 57.8319 1 2.85685e-11
10926 2 3.51523 11.6914 54.9681 1 2.88622e-11
10927 2 1.86183 9.35312 54.9681 1 3.45099e-11
10930 2 1.86183 9.35312 57.8319 1 3.41003e-11
10875 2 5.99534 11.6914 56.4 1 4.56832e-11
10928 2 4.34194 9.35312 56.4 1 1.72049e-11
12532 2 8.47545 11.6914 54.9681 1 4.73982e-11
12535 2 8.47545 11.6914 57.8319 1 4.70028e-11
12536 2 6.82204 9.35312 57.8319 1 2.80337e-11
12599 2 6.82204 9.35312 54.9681 1 2.83994e-11
2074 2 11.7823 9.35312 54.9681 1 2.96243e-11
2078 2 11.7823 9.35312 57.8319 1 2.90054e-11
12533 2 10.9556 11.6914 56.4 1 6.72633e-11
12538 2 9.30215 9.35312 56.4 1 2.20211e-11
1978 2 13.4357 11.6914 57.8319 1 5.9798e-11
1980 2 15.9158 11.6914 56.4 1 7.37879e-11
2072 2 13.4357 11.6914 54.9681 1 6.04254e-11
2075 2 14.2624 9.35312 56.4 1 2.23736e-11
11601 2 16.7425 9.35312 54.9681 1 3.49996e-11
11662 2 16.7425 9.35312 57.8319 1 3.42813e-11
11660 2 19.2226 9.35312 56.4 1 1.98719e-11
11663 2 18.3959 11.6914 57.8319 1 3.88909e-11
11665 2 20.876 11.6914 56.4 1 4.06845e-11
11666 2 18.3959 11.6914 54.9681 1 3.95348e-11
10274 2 21.7027 9.35312 57.8319 1 2.47776e-11
10276 2 24.1828 9.35312 56.4 1 2.79602e-11
10277 2 21.7027 9.35312 54.9681 1 2.5443e-11
10278 2 23.3561 11.6914 54.9681 1 5.43422e-11
10325 2 25.8362 11.6914 56.4 1 3.13039e-11
10327 2 23.3561 11.6914 57.8319 1 5.37619e-11
9213 2 26.6629 9.35312 54.9681 1 2.29852e-11
9248 2 29.143 9.35312 56.4 1 2.61632e-11
9250 2 26.6629 9.35312 57.8319 1 2.23366e-11
9251 2 28.3163 11.6914 57.8319 1 4.4901e-11
9254 2 28.3163 11.6914 54.9681 1 4.54946e-11
8855 2 31.6231 9.35312 57.8319 1 2.0215e-11
8857 2 34.1032 9.35312 56.4 1 1.84443e-11
8858 2 31.6231 9.35312 54.9681 1 2.08177e-11
8859 2 33.2765 11.6914 54.9681 1 4.48216e-11
8882 2 33.2765 11.6914 57.8319 1 4.43543e-11
9253 2 30.7964 11.6914 56.4 1 3.4119e-11
9579 2 1.86183 16.3679 54.9681 1 1.80854e-11
9582 2 1.86183 16.3679 57.8319 1 1.75287e-11
9583 2 0.208425 14.0297 57.8319 1 1.43221e-11
9585 2 2.68853 14.0297 56.4 1 2.11626e-11
9624 2 0.208425 14.0297 54.9681 1 1.49299e-11
9580 2 4.34194 16.3679 56.4 1 1.61581e-11
10815 2 6.82204 16.3679 57.8319 1 1.41459e-11
10868 2 6.82204 16.3679 54.9681 1 1.46811e-11
10869 2 5.16864 14.0297 54.9681 1 3.65318e-11
10870 2 7.64875 14.0297 56.4 1 3.07813e-11
10872 2 5.16864 14.0297 57.8319 1 3.59783e-11
10817 2 9.30215 16.3679 56.4 1 1.54255e-11
12464 2 11.7823 16.3679 54.9681 1 1.72396e-11
12467 2 11.7823 16.3679 57.8319 1 1.64669e-11
12468 2 10.1289 14.0297 57.8319 1 5.2764e-11
12470 2 12.609 14.0297 56.4 1 1.81556e-11
12531 2 10.1289 14.0297 54.9681 1 5.3525e-11
1875 2 16.7425 16.3679 57.8319 1 1.70217e-11
1970 2 16.7425 16.3679 54.9681 1 1.79018e-11
1972 2 15.0891 14.0297 54.9681 1 5.06506e-11
1976 2 15.0891 14.0297 57.8319 1 4.96401e-11
12465 2 14.2624 16.3679 56.4 1 1.62446e-11
1878 2 19.2226 16.3679 56.4 1 1.97033e-11
1974 2 17.5692 14.0297 56.4 1 1.50811e-11
11667 2 20.0493 14.0297 54.9681 1 2.2031e-11
11728 2 20.0493 14.0297 57.8319 1 2.11444e-11
10328 2 25.0095 14.0297 57.8319 1 1.12586e-11
10331 2 25.0095 14.0297 54.9681 1 1.20715e-11
11726 2 22.5294 14.0297 56.4 1 1.52339e-11
11729 2 21.7027 16.3679 57.8319 1 1.44883e-11
11731 2 24.1828 16.3679 56.4 1 1.76821e-11
11732 2 21.7027 16.3679 54.9681 1 1.5295e-11
9255 2 29.9697 14.0297 54.9681 1 1.34041e-11
9742 2 29.9697 14.0297 57.8319 1 1.25781e-11
10330 2 27.4896 14.0297 56.4 1 1.68899e-11
10332 2 26.6629 16.3679 54.9681 1 1.40956e-11
10379 2 29.143 16.3679 56.4 1 1.37667e-11
10381 2 26.6629 16.3679 57.8319 1 1.33023e-11
9705 2 32.4498 14.0297 56.4 1 2.83783e-11
9743 2 31.6231 16.3679 57.8319 1 1.33202e-11
9745 2 34.1032 16.3679 56.4 1 8.51283e-12
9746 2 31.6231 16.3679 54.9681 1 1.40802e-11
8637 2 0.208425 21.0445 57.8319 1 4.93539e-11
8639 2 2.68853 21.0445 56.4 1 5.58826e-11
8666 2 0.208425 21.0445 54.9681 1 5.004e-11
8667 2 1.03513 18.7062 56.4 1 5.261e-11
9537 2 3.51523 18.7062 57.8319 1 2.81724e-11
9578 2 3.51523 18.7062 54.9681 1 2.84098e-11
9533 2 5.16864 21.0445 54.9681 1 7.3414e-11
9534 2 7.64875 21.0445 56.4 1 5.77664e-11
9536 2 5.16864 21.0445 57.8319 1 7.27834e-11
9539 2 5.99534 18.7062 56.4 1 4.51934e-11
10811 2 8.47545 18.7062 54.9681 1 4.68623e-11
10814 2 8.47545 18.7062 57.8319 1 4.65375e-11
10757 2 10.1289 21.0445 57.8319 1 9.35411e-11
10759 2 12.609 21.0445 56.4 1 4.73011e-11
10810 2 10.1289 21.0445 54.9681 1 9.43672e-11
10812 2 10.9556 18.7062 56.4 1 6.66749e-11
12396 2 15.0891 21.0445 54.9681 1 8.78844e-11
12399 2 15.0891 21.0445 57.8319 1 8.68192e-11
12400 2 13.4357 18.7062 57.8319 1 5.94078e-11
12402 2 15.9158 18.7062 56.4 1 7.31587e-11
12463 2 13.4357 18.7062 54.9681 1 5.99963e-11
361 2 20.0493 21.0445 57.8319 1 5.95167e-11
1869 2 20.0493 21.0445 54.9681 1 6.04928e-11
1870 2 18.3959 18.7062 54.9681 1 3.9072e-11
1871 2 20.876 18.7062 56.4 1 4.01823e-11
1874 2 18.3959 18.7062 57.8319 1 3.84867e-11
12397 2 17.5692 21.0445 56.4 1 4.6133e-11
368 2 22.5294 21.0445 56.4 1 5.02225e-11
11733 2 23.3561 18.7062 54.9681 1 5.37612e-11
11792 2 25.8362 18.7062 56.4 1 3.08713e-11
11794 2 23.3561 18.7062 57.8319 1 5.32568e-11
11795 2 25.0095 21.0445 57.8319 1 4.2002e-11
11798 2 25.0095 21.0445 54.9681 1 4.28893e-11
10382 2 28.3163 18.7062 57.8319 1 4.43949e-11
10385 2 28.3163 18.7062 54.9681 1 4.48956e-11
10386 2 29.9697 21.0445 54.9681 1 4.53905e-11
10435 2 29.9697 21.0445 57.8319 1 4.44777e-11
11797 2 27.4896 21.0445 56.4 1 5.27687e-11
9747 2 33.2765 18.7062 54.9681 1 4.42891e-11
9834 2 33.2765 18.7062 57.8319 1 4.39031e-11
10384 2 30.7964 18.7062 56.4 1 3.36378e-11
10433 2 32.4498 21.0445 56.4 1 6.56018e-11
8111 2 1.03513 25.721 56.4 1 2.35428e-11
8603 2 3.51523 25.721 57.8319 1 4.30301e-11
8632 2 3.51523 25.721 54.9681 1 4.33162e-11
8633 2 1.86183 23.3827 54.9681 1 4.18669e-11
8636 2 1.86183 23.3827 57.8319 1 4.12352e-11
8605 2 5.99534 25.721 56.4 1 4.72909e-11
8634 2 4.34194 23.3827 56.4 1 8.82482e-11
9487 2 8.47545 25.721 54.9681 1 4.28581e-11
9490 2 8.47545 25.721 57.8319 1 4.25743e-11
9491 2 6.82204 23.3827 57.8319 1 4.62854e-11
9532 2 6.82204 23.3827 54.9681 1 4.69184e-11
9488 2 10.9556 25.721 56.4 1 4.49743e-11
9493 2 9.30215 23.3827 56.4 1 7.01583e-11
10753 2 11.7823 23.3827 54.9681 1 5.36591e-11
10756 2 11.7823 23.3827 57.8319 1 5.28275e-11
10699 2 13.4357 25.721 57.8319 1 7.77173e-11
10701 2 15.9158 25.721 56.4 1 4.17568e-11
10752 2 13.4357 25.721 54.9681 1 7.83963e-11
10754 2 14.2624 23.3827 56.4 1 7.24397e-11
12332 2 16.7425 23.3827 57.8319 1 3.85524e-11
12395 2 16.7425 23.3827 54.9681 1 3.95528e-11
12328 2 18.3959 25.721 54.9681 1 5.08007e-11
12329 2 20.876 25.721 56.4 1 3.95477e-11
12331 2 18.3959 25.721 57.8319 1 5.02135e-11
12334 2 19.2226 23.3827 56.4 1 9.45494e-11
195 2 23.3561 25.721 57.8319 1 4.00199e-11
197 2 25.8362 25.721 56.4 1 4.61596e-11
347 2 23.3561 25.721 54.9681 1 4.05269e-11
349 2 21.7027 23.3827 54.9681 1 5.87584e-11
353 2 24.1828 23.3827 56.4 1 6.09244e-11
360 2 21.7027 23.3827 57.8319 1 5.78679e-11
11799 2 26.6629 23.3827 54.9681 1 6.15004e-11
11858 2 29.143 23.3827 56.4 1 5.03753e-11
11860 2 26.6629 23.3827 57.8319 1 6.06113e-11
11861 2 28.3163 25.721 57.8319 1 2.66279e-11
11864 2 28.3163 25.721 54.9681 1 2.71469e-11
10436 2 31.6231 23.3827 57.8319 1 6.73403e-11
10438 2 34.1032 23.3827 56.4 1 5.28238e-11
10439 2 31.6231 23.3827 54.9681 1 6.82202e-11
10440 2 33.2765 25.721 54.9681 1 4.07871e-11
10485 2 33.2765 25.721 57.8319 1 4.04158e-11
11863 2 30.7964 25.721 56.4 1 3.69535e-11
8089 2 1.86183 30.3975 54.9681 1 1.51614e-11
8092 2 1.86183 30.3975 57.8319 1 1.45968e-11
8093 2 0.208425 28.0593 57.8319 1 6.73979e-12
8095 2 2.68853 28.0593 56.4 1 1.39925e-11
8110 2 0.208425 28.0593 54.9681 1 7.32947e-12
8090 2 4.34194 30.3975 56.4 1 3.61466e-11
8569 2 6.82204 30.3975 57.8319 1 1.52348e-11
8598 2 6.82204 30.3975 54.9681 1 1.57772e-11
8599 2 5.16864 28.0593 54.9681 1 2.73714e-11
8600 2 7.64875 28.0593 56.4 1 3.03694e-11
8602 2 5.16864 28.0593 57.8319 1 2.68632e-11
8571 2 9.30215 30.3975 56.4 1 2.71644e-11
9441 2 11.7823 30.3975 54.9681 1 2.03211e-11
9444 2 11.7823 30.3975 57.8319 1 1.95589e-11
9445 2 10.1289 28.0593 57.8319 1 4.01858e-11
9447 2 12.609 28.0593 56.4 1 1.58605e-11
9486 2 10.1289 28.0593 54.9681 1 4.08977e-11
9442 2 14.2624 30.3975 56.4 1 2.86746e-11
10642 2 16.7425 30.3975 57.8319 1 1.30584e-11
10694 2 16.7425 30.3975 54.9681 1 1.39607e-11
10695 2 15.0891 28.0593 54.9681 1 4.11873e-11
10698 2 15.0891 28.0593 57.8319 1 4.02188e-11
10644 2 19.2226 30.3975 56.4 1 4.09968e-11
10696 2 17.5692 28.0593 56.4 1 1.11216e-11
12270 2 20.0493 28.0593 57.8319 1 1.06507e-11
12327 2 20.0493 28.0593 54.9681 1 1.1494e-11
191 2 25.0095 28.0593 54.9681 1 8.23438e-12
194 2 25.0095 28.0593 57.8319 1 7.42973e-12
12266 2 21.7027 30.3975 54.9681 1 2.17268e-11
12267 2 24.1828 30.3975 56.4 1 2.39612e-11
12269 2 21.7027 30.3975 57.8319 1 2.08983e-11
12272 2 22.5294 28.0593 56.4 1 7.83274e-12
137 2 26.6629 30.3975 57.8319 1 2.15804e-11
139 2 29.143 30.3975 56.4 1 1.6896e-11
190 2 26.6629 30.3975 54.9681 1 2.24023e-11
192 2 27.4896 28.0593 56.4 1 8.71339e-12
11865 2 29.9697 28.0593 54.9681 1 8.54437e-12
11920 2 29.9697 28.0593 57.8319 1 7.73303e-12
11918 2 32.4498 28.0593 56.4 1 1.90229e-11
11921 2 31.6231 30.3975 57.8319 1 2.47896e-11
11923 2 34.1032 30.3975 56.4 1 1.53008e-11
11924 2 31.6231 30.3975 54.9681 1 2.559e-11
7957 2 1.03513 32.7358 56.4 1 2.92865e-11
8071 2 3.51523 32.7358 57.8319 1 5.15733e-11
8088 2 3.51523 32.7358 54.9681 1 5.19837e-11
8073 2 5.99534 32.7358 56.4 1 5.5078e-11
8565 2 8.47545 32.7358 54.9681 1 5.02784e-11
8568 2 8.47545 32.7358 57.8319 1 4.98877e-11
8566 2 10.9556 32.7358 56.4 1 5.12006e-11
9399 2 13.4357 32.7358 57.8319 1 8.64698e-11
9401 2 15.9158 32.7358 56.4 1 4.73443e-11
9440 2 13.4357 32.7358 54.9681 1 8.72894e-11
10638 2 18.3959 32.7358 54.9681 1 5.92589e-11
10639 2 20.876 32.7358 56.4 1 4.7158e-11
10641 2 18.3959 32.7358 57.8319 1 5.85532e-11
12216 2 23.3561 32.7358 57.8319 1 4.67292e-11
12218 2 25.8362 32.7358 56.4 1 5.48127e-11
12265 2 23.3561 32.7358 54.9681 1 4.73404e-11
133 2 28.3163 32.7358 54.9681 1 3.36612e-11
136 2 28.3163 32.7358 57.8319 1 3.30516e-11
134 2 30.7964 32.7358 56.4 1 4.48198e-11
11925 2 33.2765 32.7358 54.9681 1 4.82403e-11
11970 2 33.2765 32.7358 57.8319 1 4.77703e-11
12608 2 1.86183 2.33832 60.6957 1 1.5839e-11
12614 2 2.68853 4.83689e-05 62.1276 1 2.04017e-11
12673 2 2.68853 4.8376e-05 59.2638 1 4.01009e-11
12675 2 0.208425 4.83974e-05 60.6957 1 1.21238e-11
2181 2 6.82204 2.33832 60.6957 1 1.20324e-11
2182 2 5.16864 4.8063e-05 60.6957 1 3.10125e-11
2183 2 7.64875 4.74452e-05 62.1276 1 4.2075e-11
2184 2 7.64875 4.74457e-05 59.2638 1 6.13469e-11
12609 2 4.34194 2.33832 62.1276 1 1.2661e-11
12610 2 4.34194 2.33832 59.2638 1 3.35935e-11
2095 2 9.30215 2.33832 62.1276 1 1.29615e-11
2179 2 9.30215 2.33832 59.2638 1 3.295e-11
11527 2 10.1289 4.76613e-05 60.6957 1 4.18724e-11
11529 2 12.609 4.73376e-05 59.2638 1 4.47983e-11
11586 2 12.609 4.73378e-05 62.1276 1 2.60428e-11
11592 2 11.7823 2.33832 60.6957 1 1.42569e-11
10215 2 15.0891 4.75171e-05 60.6957 1 4.37438e-11
10216 2 16.7425 2.33832 60.6957 1 1.47719e-11
11590 2 14.2624 2.33832 59.2638 1 3.29109e-11
11591 2 14.2624 2.33832 62.1276 1 1.40855e-11
9163 2 20.0493 4.75376e-05 60.6957 1 1.31086e-11
10213 2 17.5692 4.73383e-05 59.2638 1 3.75565e-11
10214 2 17.5692 4.733e-05 62.1276 1 2.04466e-11
10218 2 19.2226 2.33832 59.2638 1 3.48473e-11
10263 2 19.2226 2.33832 62.1276 1 1.72811e-11
8800 2 25.0095 4.79305e-05 60.6957 1 1.48741e-11
9165 2 22.5294 4.77286e-05 59.2638 1 3.1947e-11
9198 2 22.5294 4.77254e-05 62.1276 1 1.56531e-11
9202 2 24.1828 2.33832 59.2638 1 3.42551e-11
9203 2 24.1828 2.33832 62.1276 1 1.73575e-11
9204 2 21.7027 2.33832 60.6957 1 1.15498e-11
8239 2 29.9697 4.82103e-05 60.6957 1 1.48368e-11
8779 2 27.4896 4.82543e-05 59.2638 1 3.2715e-11
8799 2 27.4896 4.82513e-05 62.1276 1 1.50411e-11
8801 2 26.6629 2.33832 60.6957 1 1.04713e-11
8803 2 29.143 2.33832 59.2638 1 3.09932e-11
8838 2 29.143 2.33832 62.1276 1 1.23597e-11
8241 2 32.4498 4.8425e-05 59.2638 1 4.30192e-11
8250 2 32.4498 4.84191e-05 62.1276 1 2.39222e-11
8254 2 34.1032 2.33832 59.2638 1 2.62393e-11
8255 2 34.1032 2.33832 62.1276 1 6.26918e-12
8256 2 31.6231 2.33832 60.6957 1 1.08681e-11
10883 2 2.68853 7.01485 62.1276 1 1.1695e-11
10932 2 2.68853 7.01485 59.2638 1 3.23261e-11
10934 2 0.208425 7.01485 60.6957 1 4.69417e-12
10935 2 1.03513 4.67658 62.1276 1 7.37068e-12
10936 2 1.03513 4.67658 59.2638 1 2.79706e-11
12607 2 3.51523 4.67659 60.6957 1 6.08732e-12
2086 2 8.47545 4.67658 60.6957 1 1.40697e-11
12540 2 5.16864 7.01485 60.6957 1 2.45098e-11
12541 2 7.64875 7.01485 62.1276 1 2.92075e-11
12542 2 7.64875 7.01485 59.2638 1 4.93464e-11
12546 2 5.99534 4.67658 62.1276 1 1.65331e-11
12605 2 5.99534 4.67658 59.2638 1 3.75706e-11
1992 2 12.609 7.01485 62.1276 1 1.42779e-11
2082 2 12.609 7.01485 59.2638 1 3.4002e-11
2084 2 10.1289 7.01485 60.6957 1 3.75127e-11
2087 2 10.9556 4.67658 62.1276 1 2.54161e-11
2088 2 10.9556 4.67658 59.2638 1 4.56522e-11
11593 2 13.4357 4.67658 60.6957 1 3.88236e-11
11595 2 15.9158 4.67658 59.2638 1 4.58819e-11
11652 2 15.9158 4.67658 62.1276 1 2.73389e-11
11658 2 15.0891 7.01485 60.6957 1 3.74181e-11
10267 2 20.876 4.67658 59.2638 1 2.88894e-11
10268 2 20.876 4.67658 62.1276 1 1.17982e-11
10269 2 18.3959 4.67658 60.6957 1 1.38333e-11
10270 2 20.0493 7.01485 60.6957 1 7.51248e-12
11656 2 17.5692 7.01485 59.2638 1 2.78031e-11
11657 2 17.5692 7.01485 62.1276 1 9.75091e-12
9205 2 23.3561 4.67658 60.6957 1 1.54153e-11
9207 2 25.8362 4.67659 59.2638 1 2.87176e-11
9240 2 25.8362 4.67659 62.1276 1 1.05121e-11
9246 2 25.0095 7.01485 60.6957 1 5.07756e-12
10272 2 22.5294 7.01485 59.2638 1 2.43061e-11
10317 2 22.5294 7.01485 62.1276 1 7.01718e-12
8847 2 28.3163 4.67658 60.6957 1 4.37365e-12
8851 2 29.9697 7.01485 60.6957 1 5.70892e-12
9244 2 27.4896 7.01485 59.2638 1 2.55495e-11
9245 2 27.4896 7.01485 62.1276 1 6.92367e-12
8257 2 33.2765 4.67659 60.6957 1 1.18732e-11
8842 2 30.7964 4.67659 59.2638 1 2.57007e-11
8843 2 30.7964 4.67659 62.1276 1 6.0917e-12
8853 2 32.4498 7.01485 59.2638 1 3.65885e-11
8874 2 32.4498 7.01485 62.1276 1 1.67099e-11
9587 2 1.03513 11.6914 62.1276 1 5.10405e-11
9588 2 1.03513 11.6914 59.2638 1 7.15599e-11
10876 2 3.51523 11.6914 60.6957 1 2.55533e-11
10877 2 1.86183 9.35312 60.6957 1 3.14912e-11
10825 2 5.99534 11.6914 62.1276 1 4.34161e-11
10874 2 5.99534 11.6914 59.2638 1 6.41209e-11
10878 2 4.34194 9.35312 62.1276 1 1.46433e-11
10879 2 4.34194 9.35312 59.2638 1 3.54e-11
12472 2 8.47545 11.6914 60.6957 1 4.38751e-11
12539 2 6.82204 9.35312 60.6957 1 2.51421e-11
1984 2 11.7823 9.35312 60.6957 1 2.61724e-11
12473 2 10.9556 11.6914 62.1276 1 6.51908e-11
12474 2 10.9556 11.6914 59.2638 1 8.53108e-11
12478 2 9.30215 9.35312 62.1276 1 2.01107e-11
12537 2 9.30215 9.35312 59.2638 1 3.98387e-11
1890 2 15.9158 11.6914 62.1276 1 7.24367e-11
1979 2 15.9158 11.6914 59.2638 1 9.07949e-11
1982 2 13.4357 11.6914 60.6957 1 5.66454e-11
1985 2 14.2624 9.35312 62.1276 1 2.07396e-11
1986 2 14.2624 9.35312 59.2638 1 3.93888e-11
11659 2 16.7425 9.35312 60.6957 1 3.10095e-11
11661 2 19.2226 9.35312 59.2638 1 3.58779e-11
11718 2 19.2226 9.35312 62.1276 1 1.85054e-11
11722 2 20.876 11.6914 59.2638 1 5.70571e-11
11723 2 20.876 11.6914 62.1276 1 4.03309e-11
11724 2 18.3959 11.6914 60.6957 1 3.51881e-11
10321 2 24.1828 9.35312 59.2638 1 4.45131e-11
10322 2 24.1828 9.35312 62.1276 1 2.80699e-11
10323 2 21.7027 9.35312 60.6957 1 2.14589e-11
10324 2 23.3561 11.6914 60.6957 1 5.02257e-11
10326 2 25.8362 11.6914 59.2638 1 4.82784e-11
10371 2 25.8362 11.6914 62.1276 1 3.04139e-11
9247 2 26.6629 9.35312 60.6957 1 1.92199e-11
9249 2 29.143 9.35312 59.2638 1 4.31979e-11
9282 2 29.143 9.35312 62.1276 1 2.49973e-11
9288 2 28.3163 11.6914 60.6957 1 4.15206e-11
8878 2 34.1032 9.35312 59.2638 1 3.6207e-11
8879 2 34.1032 9.35312 62.1276 1 1.65955e-11
8880 2 31.6231 9.35312 60.6957 1 1.76814e-11
8881 2 33.2765 11.6914 60.6957 1 4.13231e-11
9286 2 30.7964 11.6914 59.2638 1 5.17253e-11
9287 2 30.7964 11.6914 62.1276 1 3.23496e-11
9541 2 1.86183 16.3679 60.6957 1 1.49691e-11
9547 2 2.68853 14.0297 62.1276 1 1.7814e-11
9584 2 2.68853 14.0297 59.2638 1 3.86508e-11
9586 2 0.208425 14.0297 60.6957 1 1.17047e-11
9542 2 4.34194 16.3679 62.1276 1 1.32316e-11
9543 2 4.34194 16.3679 59.2638 1 3.37429e-11
10818 2 6.82204 16.3679 60.6957 1 1.13511e-11
10819 2 5.16864 14.0297 60.6957 1 3.32487e-11
10820 2 7.64875 14.0297 62.1276 1 2.83395e-11
10821 2 7.64875 14.0297 59.2638 1 4.82019e-11
10767 2 9.30215 16.3679 62.1276 1 1.33923e-11
10816 2 9.30215 16.3679 59.2638 1 3.26555e-11
12404 2 11.7823 16.3679 60.6957 1 1.36921e-11
12410 2 12.609 14.0297 62.1276 1 1.53293e-11
12469 2 12.609 14.0297 59.2638 1 3.49896e-11
12471 2 10.1289 14.0297 60.6957 1 5.00269e-11
1880 2 16.7425 16.3679 60.6957 1 1.38379e-11
1881 2 15.0891 14.0297 60.6957 1 4.6528e-11
12405 2 14.2624 16.3679 62.1276 1 1.4509e-11
12406 2 14.2624 16.3679 59.2638 1 3.26588e-11
392 2 19.2226 16.3679 62.1276 1 1.79371e-11
1877 2 19.2226 16.3679 59.2638 1 3.50719e-11
1882 2 17.5692 14.0297 62.1276 1 1.27416e-11
1884 2 17.5692 14.0297 59.2638 1 3.06501e-11
11725 2 20.0493 14.0297 60.6957 1 1.78035e-11
10377 2 25.0095 14.0297 60.6957 1 7.94502e-12
11727 2 22.5294 14.0297 59.2638 1 3.08662e-11
11784 2 22.5294 14.0297 62.1276 1 1.37018e-11
11788 2 24.1828 16.3679 59.2638 1 3.36798e-11
11789 2 24.1828 16.3679 62.1276 1 1.78557e-11
11790 2 21.7027 16.3679 60.6957 1 1.12042e-11
9289 2 29.9697 14.0297 60.6957 1 9.70315e-12
10375 2 27.4896 14.0297 59.2638 1 3.29485e-11
10376 2 27.4896 14.0297 62.1276 1 1.42688e-11
10378 2 26.6629 16.3679 60.6957 1 1.02464e-11
10380 2 29.143 16.3679 59.2638 1 3.02392e-11
10425 2 29.143 16.3679 62.1276 1 1.27823e-11
9741 2 32.4498 14.0297 59.2638 1 4.52694e-11
9826 2 32.4498 14.0297 62.1276 1 2.53042e-11
9830 2 34.1032 16.3679 59.2638 1 2.56721e-11
9831 2 34.1032 16.3679 62.1276 1 6.70418e-12
9832 2 31.6231 16.3679 60.6957 1 1.08199e-11
8613 2 2.68853 21.0445 62.1276 1 5.26033e-11
8638 2 2.68853 21.0445 59.2638 1 7.33226e-11
8640 2 0.208425 21.0445 60.6957 1 4.67922e-11
8641 2 1.03513 18.7062 62.1276 1 5.04254e-11
8642 2 1.03513 18.7062 59.2638 1 7.07181e-11
9540 2 3.51523 18.7062 60.6957 1 2.4688e-11
9495 2 5.16864 21.0445 60.6957 1 7.01014e-11
9496 2 7.64875 21.0445 62.1276 1 5.58097e-11
9497 2 7.64875 21.0445 59.2638 1 7.51772e-11
9501 2 5.99534 18.7062 62.1276 1 4.3026e-11
9538 2 5.99534 18.7062 59.2638 1 6.34325e-11
10761 2 8.47545 18.7062 60.6957 1 4.29412e-11
10709 2 12.609 21.0445 62.1276 1 4.47226e-11
10758 2 12.609 21.0445 59.2638 1 6.41475e-11
10760 2 10.1289 21.0445 60.6957 1 9.0826e-11
10762 2 10.9556 18.7062 62.1276 1 6.47003e-11
10763 2 10.9556 18.7062 59.2638 1 8.45211e-11
12336 2 15.0891 21.0445 60.6957 1 8.37574e-11
12342 2 15.9158 18.7062 62.1276 1 7.19207e-11
12401 2 15.9158 18.7062 59.2638 1 8.99694e-11
12403 2 13.4357 18.7062 60.6957 1 5.57837e-11
371 2 20.0493 21.0445 60.6957 1 5.62885e-11
373 2 18.3959 18.7062 60.6957 1 3.43783e-11
375 2 20.876 18.7062 62.1276 1 3.99406e-11
379 2 20.876 18.7062 59.2638 1 5.63595e-11
12337 2 17.5692 21.0445 62.1276 1 4.41439e-11
12338 2 17.5692 21.0445 59.2638 1 6.17068e-11
205 2 22.5294 21.0445 62.1276 1 4.89895e-11
365 2 22.5294 21.0445 59.2638 1 6.57752e-11
11791 2 23.3561 18.7062 60.6957 1 4.93342e-11
11793 2 25.8362 18.7062 59.2638 1 4.76435e-11
11850 2 25.8362 18.7062 62.1276 1 3.00473e-11
11856 2 25.0095 21.0445 60.6957 1 3.86947e-11
10431 2 28.3163 18.7062 60.6957 1 4.06156e-11
10432 2 29.9697 21.0445 60.6957 1 4.16668e-11
11854 2 27.4896 21.0445 59.2638 1 6.87166e-11
11855 2 27.4896 21.0445 62.1276 1 5.0224e-11
9833 2 33.2765 18.7062 60.6957 1 4.04394e-11
10429 2 30.7964 18.7062 59.2638 1 5.10378e-11
10430 2 30.7964 18.7062 62.1276 1 3.18907e-11
10434 2 32.4498 21.0445 59.2638 1 8.24052e-11
10477 2 32.4498 21.0445 62.1276 1 6.27669e-11
8097 2 1.03513 25.721 62.1276 1 2.18694e-11
8098 2 1.03513 25.721 59.2638 1 4.16898e-11
8606 2 3.51523 25.721 60.6957 1 3.97193e-11
8607 2 1.86183 23.3827 60.6957 1 3.86616e-11
8579 2 5.99534 25.721 62.1276 1 4.5258e-11
8604 2 5.99534 25.721 59.2638 1 6.58302e-11
8608 2 4.34194 23.3827 62.1276 1 8.41522e-11
8609 2 4.34194 23.3827 59.2638 1 1.05764e-10
9449 2 8.47545 25.721 60.6957 1 3.8858e-11
9494 2 6.82204 23.3827 60.6957 1 4.3674e-11
9450 2 10.9556 25.721 62.1276 1 4.31139e-11
9451 2 10.9556 25.721 59.2638 1 6.27133e-11
9455 2 9.30215 23.3827 62.1276 1 6.69843e-11
9492 2 9.30215 23.3827 59.2638 1 8.7273e-11
10703 2 11.7823 23.3827 60.6957 1 5.00783e-11
10652 2 15.9158 25.721 62.1276 1 4.04846e-11
10700 2 15.9158 25.721 59.2638 1 5.84622e-11
10702 2 13.4357 25.721 60.6957 1 7.39325e-11
10704 2 14.2624 23.3827 62.1276 1 6.97074e-11
10705 2 14.2624 23.3827 59.2638 1 8.86573e-11
12335 2 16.7425 23.3827 60.6957 1 3.54059e-11
12274 2 18.3959 25.721 60.6957 1 4.60001e-11
12275 2 20.876 25.721 62.1276 1 3.92625e-11
12276 2 20.876 25.721 59.2638 1 5.57861e-11
12280 2 19.2226 23.3827 62.1276 1 9.1464e-11
12333 2 19.2226 23.3827 59.2638 1 1.09683e-10
147 2 25.8362 25.721 62.1276 1 4.54251e-11
196 2 25.8362 25.721 59.2638 1 6.29838e-11
198 2 23.3561 25.721 60.6957 1 3.60762e-11
199 2 21.7027 23.3827 60.6957 1 5.44718e-11
200 2 24.1828 23.3827 62.1276 1 5.96713e-11
201 2 24.1828 23.3827 59.2638 1 7.67598e-11
11857 2 26.6629 23.3827 60.6957 1 5.75279e-11
11859 2 29.143 23.3827 59.2638 1 6.66495e-11
11910 2 29.143 23.3827 62.1276 1 4.80111e-11
11916 2 28.3163 25.721 60.6957 1 2.29156e-11
10481 2 34.1032 23.3827 59.2638 1 6.9752e-11
10482 2 34.1032 23.3827 62.1276 1 4.9656e-11
10483 2 31.6231 23.3827 60.6957 1 6.47847e-11
10484 2 33.2765 25.721 60.6957 1 3.69512e-11
11914 2 30.7964 25.721 59.2638 1 5.44379e-11
11915 2 30.7964 25.721 62.1276 1 3.55181e-11
8075 2 1.86183 30.3975 60.6957 1 1.18666e-11
8081 2 2.68853 28.0593 62.1276 1 1.19866e-11
8094 2 2.68853 28.0593 59.2638 1 3.15942e-11
8096 2 0.208425 28.0593 60.6957 1 4.26037e-12
8076 2 4.34194 30.3975 62.1276 1 3.22081e-11
8077 2 4.34194 30.3975 59.2638 1 5.36958e-11
8572 2 6.82204 30.3975 60.6957 1 1.23698e-11
8573 2 5.16864 28.0593 60.6957 1 2.42862e-11
8574 2 7.64875 28.0593 62.1276 1 2.91527e-11
8575 2 7.64875 28.0593 59.2638 1 4.79874e-11
8545 2 9.30215 30.3975 62.1276 1 2.40632e-11
8570 2 9.30215 30.3975 59.2638 1 4.43029e-11
9403 2 11.7823 30.3975 60.6957 1 1.66462e-11
9409 2 12.609 28.0593 62.1276 1 1.43706e-11
9446 2 12.609 28.0593 59.2638 1 3.28195e-11
9448 2 10.1289 28.0593 60.6957 1 3.76138e-11
9404 2 14.2624 30.3975 62.1276 1 2.59394e-11
9405 2 14.2624 30.3975 59.2638 1 4.49592e-11
10645 2 16.7425 30.3975 60.6957 1 9.74406e-12
10646 2 15.0891 28.0593 60.6957 1 3.72532e-11
10602 2 19.2226 30.3975 62.1276 1 3.8093e-11
10643 2 19.2226 30.3975 59.2638 1 5.62555e-11
10647 2 17.5692 28.0593 62.1276 1 1.00311e-11
10648 2 17.5692 28.0593 59.2638 1 2.67874e-11
12273 2 20.0493 28.0593 60.6957 1 7.37648e-12
141 2 25.0095 28.0593 60.6957 1 4.29176e-12
12220 2 21.7027 30.3975 60.6957 1 1.74245e-11
12221 2 24.1828 30.3975 62.1276 1 2.27627e-11
12222 2 24.1828 30.3975 59.2638 1 3.97957e-11
12226 2 22.5294 28.0593 62.1276 1 7.63655e-12
12271 2 22.5294 28.0593 59.2638 1 2.35943e-11
97 2 29.143 30.3975 62.1276 1 1.45885e-11
138 2 29.143 30.3975 59.2638 1 3.31739e-11
140 2 26.6629 30.3975 60.6957 1 1.83636e-11
142 2 27.4896 28.0593 62.1276 1 7.43126e-12
143 2 27.4896 28.0593 59.2638 1 2.49053e-11
11917 2 29.9697 28.0593 60.6957 1 5.00162e-12
11919 2 32.4498 28.0593 59.2638 1 3.60551e-11
11962 2 32.4498 28.0593 62.1276 1 1.71245e-11
11966 2 34.1032 30.3975 59.2638 1 3.22775e-11
11967 2 34.1032 30.3975 62.1276 1 1.22488e-11
11968 2 31.6231 30.3975 60.6957 1 2.21025e-11
7955 2 1.03513 32.7358 62.1276 1 2.76081e-11
7956 2 1.03513 32.7358 59.2638 1 4.74367e-11
8074 2 3.51523 32.7358 60.6957 1 4.85626e-11
8059 2 5.99534 32.7358 62.1276 1 5.30607e-11
8072 2 5.99534 32.7358 59.2638 1 7.36498e-11
8539 2 8.47545 32.7358 60.6957 1 4.64431e-11
8540 2 10.9556 32.7358 62.1276 1 4.93672e-11
8541 2 10.9556 32.7358 59.2638 1 6.89429e-11
9364 2 15.9158 32.7358 62.1276 1 4.61022e-11
9400 2 15.9158 32.7358 59.2638 1 6.40487e-11
9402 2 13.4357 32.7358 60.6957 1 8.29344e-11
10596 2 18.3959 32.7358 60.6957 1 5.45618e-11
10597 2 20.876 32.7358 62.1276 1 4.68468e-11
10598 2 20.876 32.7358 59.2638 1 6.34092e-11
12180 2 25.8362 32.7358 62.1276 1 5.40257e-11
12217 2 25.8362 32.7358 59.2638 1 7.16466e-11
12219 2 23.3561 32.7358 60.6957 1 4.30143e-11
91 2 28.3163 32.7358 60.6957 1 2.9621e-11
92 2 30.7964 32.7358 62.1276 1 4.33423e-11
93 2 30.7964 32.7358 59.2638 1 6.23133e-11
11969 2 33.2765 32.7358 60.6957 1 4.46056e-11
12548 2 1.86183 2.33832 66.4233 1 2.47653e-11
12611 2 1.86183 2.33832 63.5595 1 2.00813e-11
12612 2 0.208425 4.84051e-05 63.5595 1 1.7146e-11
12613 2 2.68853 4.84502e-05 64.9914 1 1.88163e-11
12615 2 0.208425 4.83988e-05 66.4233 1 1.65792e-11
2093 2 6.82204 2.33832 63.5595 1 1.69553e-11
2096 2 6.82204 2.33832 66.4233 1 2.3678e-11
2098 2 5.16864 4.81163e-05 66.4233 1 4.05119e-11
2101 2 7.64875 4.74907e-05 64.9914 1 4.27402e-11
2185 2 5.16864 4.80838e-05 63.5595 1 3.61863e-11
12550 2 4.34194 2.33832 64.9914 1 1.38988e-11
2094 2 9.30215 2.33832 64.9914 1 1.44356e-11
11585 2 10.1289 4.77706e-05 66.4233 1 5.12241e-11
11587 2 12.609 4.74082e-05 64.9914 1 2.65636e-11
11588 2 10.1289 4.76922e-05 63.5595 1 4.82287e-11
11589 2 11.7823 2.33832 63.5595 1 2.01913e-11
11650 2 11.7823 2.33832 66.4233 1 2.43295e-11
10212 2 15.0891 4.75388e-05 63.5595 1 4.97734e-11
10261 2 15.0891 4.76199e-05 66.4233 1 5.26301e-11
10262 2 16.7425 2.33832 66.4233 1 2.22349e-11
10265 2 16.7425 2.33832 63.5595 1 1.97838e-11
11648 2 14.2624 2.33832 64.9914 1 1.4336e-11
9197 2 20.0493 4.75349e-05 66.4233 1 1.6471e-11
9200 2 20.0493 4.75469e-05 63.5595 1 1.7554e-11
10259 2 17.5692 4.73779e-05 64.9914 1 1.82425e-11
10264 2 19.2226 2.33832 64.9914 1 1.50935e-11
8775 2 25.0095 4.79512e-05 63.5595 1 1.92588e-11
8836 2 25.0095 4.79585e-05 66.4233 1 1.87988e-11
9199 2 22.5294 4.7793e-05 64.9914 1 1.11716e-11
9201 2 21.7027 2.33832 63.5595 1 1.59643e-11
9236 2 24.1828 2.33832 64.9914 1 1.42254e-11
9238 2 21.7027 2.33832 66.4233 1 1.7556e-11
8249 2 29.9697 4.81918e-05 66.4233 1 1.89663e-11
8252 2 29.9697 4.82242e-05 63.5595 1 1.99499e-11
8834 2 27.4896 4.83407e-05 64.9914 1 1.15684e-11
8837 2 26.6629 2.33832 66.4233 1 1.44108e-11
8839 2 29.143 2.33832 64.9914 1 1.03104e-11
8840 2 26.6629 2.33832 63.5595 1 1.45521e-11
8251 2 32.4498 4.8482e-05 64.9914 1 2.14043e-11
8253 2 31.6231 2.33832 63.5595 1 1.61215e-11
8264 2 34.1032 2.33832 64.9914 1 5.25172e-12
8266 2 31.6231 2.33832 66.4233 1 1.58967e-11
10881 2 0.208425 7.01485 63.5595 1 9.50827e-12
10882 2 2.68853 7.01485 64.9914 1 1.15604e-11
10884 2 0.208425 7.01485 66.4233 1 1.08135e-11
10886 2 1.03513 4.67658 64.9914 1 7.06661e-12
12544 2 3.51523 4.67659 63.5595 1 1.33034e-11
12547 2 3.51523 4.67659 66.4233 1 1.70149e-11
1996 2 8.47545 4.67658 66.4233 1 2.62749e-11
2091 2 8.47545 4.67658 63.5595 1 2.14428e-11
12480 2 5.16864 7.01485 66.4233 1 3.76961e-11
12482 2 7.64875 7.01485 64.9914 1 3.09864e-11
12543 2 5.16864 7.01485 63.5595 1 2.98756e-11
12545 2 5.99534 4.67658 64.9914 1 1.78224e-11
1989 2 10.1289 7.01485 63.5595 1 4.4235e-11
1990 2 12.609 7.01485 64.9914 1 1.54812e-11
1995 2 10.1289 7.01485 66.4233 1 5.06156e-11
1998 2 10.9556 4.67658 64.9914 1 2.85213e-11
11651 2 13.4357 4.67658 66.4233 1 5.44444e-11
11653 2 15.9158 4.67658 64.9914 1 2.79419e-11
11654 2 13.4357 4.67658 63.5595 1 4.73298e-11
11655 2 15.0891 7.01485 63.5595 1 4.36478e-11
11716 2 15.0891 7.01485 66.4233 1 4.91646e-11
10266 2 18.3959 4.67658 63.5595 1 2.06824e-11
10313 2 20.876 4.67658 64.9914 1 1.02346e-11
10315 2 18.3959 4.67658 66.4233 1 2.12392e-11
10316 2 20.0493 7.01485 66.4233 1 1.23747e-11
10319 2 20.0493 7.01485 63.5595 1 1.20215e-11
11714 2 17.5692 7.01485 64.9914 1 8.40653e-12
9239 2 23.3561 4.67658 66.4233 1 2.10217e-11
9241 2 25.8362 4.67659 64.9914 1 8.48552e-12
9242 2 23.3561 4.67658 63.5595 1 2.11678e-11
9243 2 25.0095 7.01485 63.5595 1 9.11234e-12
9280 2 25.0095 7.01485 66.4233 1 8.98643e-12
10318 2 22.5294 7.01485 64.9914 1 3.81208e-12
8841 2 28.3163 4.67658 63.5595 1 1.09874e-11
8872 2 28.3163 4.67658 66.4233 1 8.59665e-12
8873 2 29.9697 7.01485 66.4233 1 9.88396e-12
8876 2 29.9697 7.01485 63.5595 1 1.04418e-11
9278 2 27.4896 7.01485 64.9914 1 4.88327e-12
8267 2 33.2765 4.67659 66.4233 1 1.7317e-11
8268 2 33.2765 4.67659 63.5595 1 1.88236e-11
8870 2 30.7964 4.67659 64.9914 1 5.07147e-12
8875 2 32.4498 7.01485 64.9914 1 1.56696e-11
9550 2 1.03513 11.6914 64.9914 1 5.08254e-11
10823 2 3.51523 11.6914 63.5595 1 3.26983e-11
10826 2 3.51523 11.6914 66.4233 1 3.92808e-11
10827 2 1.86183 9.35312 66.4233 1 4.07697e-11
10880 2 1.86183 9.35312 63.5595 1 3.63083e-11
10824 2 5.99534 11.6914 64.9914 1 4.57863e-11
10829 2 4.34194 9.35312 64.9914 1 1.52638e-11
12412 2 8.47545 11.6914 66.4233 1 5.75681e-11
12475 2 8.47545 11.6914 63.5595 1 5.14071e-11
12476 2 6.82204 9.35312 63.5595 1 3.07612e-11
12479 2 6.82204 9.35312 66.4233 1 3.82547e-11
1893 2 11.7823 9.35312 66.4233 1 3.76549e-11
1988 2 11.7823 9.35312 63.5595 1 3.27307e-11
12414 2 10.9556 11.6914 64.9914 1 6.87472e-11
12477 2 9.30215 9.35312 64.9914 1 2.0563e-11
1888 2 13.4357 11.6914 63.5595 1 6.43583e-11
1889 2 15.9158 11.6914 64.9914 1 7.24858e-11
1892 2 13.4357 11.6914 66.4233 1 7.21476e-11
1897 2 14.2624 9.35312 64.9914 1 1.95611e-11
11717 2 16.7425 9.35312 66.4233 1 3.9339e-11
11720 2 16.7425 9.35312 63.5595 1 3.65924e-11
11719 2 19.2226 9.35312 64.9914 1 1.54107e-11
11721 2 18.3959 11.6914 63.5595 1 4.20404e-11
11780 2 20.876 11.6914 64.9914 1 3.84703e-11
11782 2 18.3959 11.6914 66.4233 1 4.37318e-11
10320 2 21.7027 9.35312 63.5595 1 2.59827e-11
10367 2 24.1828 9.35312 64.9914 1 2.40299e-11
10369 2 21.7027 9.35312 66.4233 1 2.64426e-11
10370 2 23.3561 11.6914 66.4233 1 5.8323e-11
10372 2 25.8362 11.6914 64.9914 1 2.85256e-11
10373 2 23.3561 11.6914 63.5595 1 5.64215e-11
9281 2 26.6629 9.35312 66.4233 1 2.204e-11
9283 2 29.143 9.35312 64.9914 1 2.21493e-11
9284 2 26.6629 9.35312 63.5595 1 2.33323e-11
9285 2 28.3163 11.6914 63.5595 1 4.84886e-11
9824 2 28.3163 11.6914 66.4233 1 5.02516e-11
8877 2 31.6231 9.35312 63.5595 1 2.28414e-11
8900 2 34.1032 9.35312 64.9914 1 1.49096e-11
8902 2 31.6231 9.35312 66.4233 1 2.15984e-11
8903 2 33.2765 11.6914 66.4233 1 5.159e-11
8904 2 33.2765 11.6914 63.5595 1 4.85398e-11
9822 2 30.7964 11.6914 64.9914 1 3.10744e-11
9503 2 1.86183 16.3679 66.4233 1 2.29867e-11
9544 2 1.86183 16.3679 63.5595 1 1.99477e-11
9545 2 0.208425 14.0297 63.5595 1 1.60652e-11
9546 2 2.68853 14.0297 64.9914 1 1.67991e-11
9548 2 0.208425 14.0297 66.4233 1 1.74716e-11
9505 2 4.34194 16.3679 64.9914 1 1.31936e-11
10765 2 6.82204 16.3679 63.5595 1 1.71679e-11
10768 2 6.82204 16.3679 66.4233 1 2.14307e-11
10769 2 5.16864 14.0297 66.4233 1 4.71674e-11
10771 2 7.64875 14.0297 64.9914 1 2.88637e-11
10822 2 5.16864 14.0297 63.5595 1 3.80071e-11
10766 2 9.30215 16.3679 64.9914 1 1.36937e-11
12344 2 11.7823 16.3679 66.4233 1 2.22419e-11
12407 2 11.7823 16.3679 63.5595 1 2.05219e-11
12408 2 10.1289 14.0297 63.5595 1 5.59025e-11
12409 2 12.609 14.0297 64.9914 1 1.47539e-11
12411 2 10.1289 14.0297 66.4233 1 6.37876e-11
384 2 16.7425 16.3679 63.5595 1 1.99662e-11
395 2 16.7425 16.3679 66.4233 1 2.15454e-11
398 2 15.0891 14.0297 66.4233 1 5.95154e-11
1886 2 15.0891 14.0297 63.5595 1 5.19156e-11
12346 2 14.2624 16.3679 64.9914 1 1.37892e-11
387 2 19.2226 16.3679 64.9914 1 1.47988e-11
404 2 17.5692 14.0297 64.9914 1 9.95817e-12
11783 2 20.0493 14.0297 66.4233 1 2.27596e-11
11786 2 20.0493 14.0297 63.5595 1 2.18866e-11
10374 2 25.0095 14.0297 63.5595 1 1.21307e-11
10423 2 25.0095 14.0297 66.4233 1 1.1426e-11
11785 2 22.5294 14.0297 64.9914 1 9.65091e-12
11787 2 21.7027 16.3679 63.5595 1 1.56815e-11
11846 2 24.1828 16.3679 64.9914 1 1.39404e-11
11848 2 21.7027 16.3679 66.4233 1 1.61759e-11
9825 2 29.9697 14.0297 66.4233 1 1.31516e-11
9828 2 29.9697 14.0297 63.5595 1 1.44627e-11
10421 2 27.4896 14.0297 64.9914 1 1.18408e-11
10424 2 26.6629 16.3679 66.4233 1 1.26861e-11
10426 2 29.143 16.3679 64.9914 1 1.00428e-11
10427 2 26.6629 16.3679 63.5595 1 1.43239e-11
9827 2 32.4498 14.0297 64.9914 1 2.37521e-11
9829 2 31.6231 16.3679 63.5595 1 1.59454e-11
9878 2 34.1032 16.3679 64.9914 1 4.76483e-12
9880 2 31.6231 16.3679 66.4233 1 1.34707e-11
8611 2 0.208425 21.0445 63.5595 1 5.33061e-11
8612 2 2.68853 21.0445 64.9914 1 5.64822e-11
8614 2 0.208425 21.0445 66.4233 1 5.23718e-11
8616 2 1.03513 18.7062 64.9914 1 5.25818e-11
9499 2 3.51523 18.7062 63.5595 1 3.22971e-11
9502 2 3.51523 18.7062 66.4233 1 3.76719e-11
9457 2 5.16864 21.0445 66.4233 1 8.34259e-11
9459 2 7.64875 21.0445 64.9914 1 5.85667e-11
9498 2 5.16864 21.0445 63.5595 1 7.73625e-11
9500 2 5.99534 18.7062 64.9914 1 4.69035e-11
10711 2 8.47545 18.7062 66.4233 1 5.61245e-11
10764 2 8.47545 18.7062 63.5595 1 5.07876e-11
10707 2 10.1289 21.0445 63.5595 1 9.93837e-11
10708 2 12.609 21.0445 64.9914 1 4.68096e-11
10710 2 10.1289 21.0445 66.4233 1 1.04621e-10
10713 2 10.9556 18.7062 64.9914 1 7.06497e-11
12282 2 15.0891 21.0445 66.4233 1 9.63688e-11
12339 2 15.0891 21.0445 63.5595 1 9.15257e-11
12340 2 13.4357 18.7062 63.5595 1 6.3964e-11
12341 2 15.9158 18.7062 64.9914 1 7.46025e-11
12343 2 13.4357 18.7062 66.4233 1 7.175e-11
203 2 20.0493 21.0445 63.5595 1 6.29114e-11
206 2 20.0493 21.0445 66.4233 1 6.13426e-11
207 2 18.3959 18.7062 66.4233 1 4.28817e-11
209 2 20.876 18.7062 64.9914 1 4.02818e-11
382 2 18.3959 18.7062 63.5595 1 4.16968e-11
12284 2 17.5692 21.0445 64.9914 1 4.4923e-11
204 2 22.5294 21.0445 64.9914 1 4.97344e-11
11849 2 23.3561 18.7062 66.4233 1 5.72801e-11
11851 2 25.8362 18.7062 64.9914 1 2.98134e-11
11852 2 23.3561 18.7062 63.5595 1 5.59148e-11
11853 2 25.0095 21.0445 63.5595 1 4.48359e-11
11908 2 25.0095 21.0445 66.4233 1 4.24648e-11
10428 2 28.3163 18.7062 63.5595 1 4.80618e-11
10475 2 28.3163 18.7062 66.4233 1 4.76153e-11
10476 2 29.9697 21.0445 66.4233 1 4.53003e-11
10479 2 29.9697 21.0445 63.5595 1 4.84695e-11
11906 2 27.4896 21.0445 64.9914 1 5.32471e-11
9881 2 33.2765 18.7062 66.4233 1 4.84589e-11
9882 2 33.2765 18.7062 63.5595 1 4.82175e-11
10473 2 30.7964 18.7062 64.9914 1 3.24267e-11
10478 2 32.4498 21.0445 64.9914 1 6.65607e-11
8084 2 1.03513 25.721 64.9914 1 2.28751e-11
8577 2 3.51523 25.721 63.5595 1 4.78506e-11
8580 2 3.51523 25.721 66.4233 1 5.51337e-11
8581 2 1.86183 23.3827 66.4233 1 4.30847e-11
8610 2 1.86183 23.3827 63.5595 1 4.47219e-11
8578 2 5.99534 25.721 64.9914 1 4.69603e-11
8583 2 4.34194 23.3827 64.9914 1 9.1143e-11
9411 2 8.47545 25.721 66.4233 1 5.60646e-11
9452 2 8.47545 25.721 63.5595 1 4.69493e-11
9453 2 6.82204 23.3827 63.5595 1 5.03118e-11
9456 2 6.82204 23.3827 66.4233 1 4.86071e-11
9413 2 10.9556 25.721 64.9914 1 4.71007e-11
9454 2 9.30215 23.3827 64.9914 1 7.40606e-11
10654 2 11.7823 23.3827 66.4233 1 5.45293e-11
10706 2 11.7823 23.3827 63.5595 1 5.77557e-11
10650 2 13.4357 25.721 63.5595 1 8.40483e-11
10651 2 15.9158 25.721 64.9914 1 4.26092e-11
10653 2 13.4357 25.721 66.4233 1 9.49371e-11
10656 2 14.2624 23.3827 64.9914 1 7.67343e-11
12278 2 16.7425 23.3827 63.5595 1 4.26746e-11
12281 2 16.7425 23.3827 66.4233 1 3.96502e-11
12228 2 18.3959 25.721 66.4233 1 5.78441e-11
12230 2 20.876 25.721 64.9914 1 3.98518e-11
12277 2 18.3959 25.721 63.5595 1 5.38615e-11
12279 2 19.2226 23.3827 64.9914 1 9.645e-11
145 2 23.3561 25.721 63.5595 1 4.26605e-11
146 2 25.8362 25.721 64.9914 1 4.60792e-11
148 2 23.3561 25.721 66.4233 1 4.47759e-11
149 2 21.7027 23.3827 66.4233 1 5.87349e-11
151 2 24.1828 23.3827 64.9914 1 6.08805e-11
202 2 21.7027 23.3827 63.5595 1 6.07436e-11
11909 2 26.6629 23.3827 66.4233 1 5.9957e-11
11911 2 29.143 23.3827 64.9914 1 4.98526e-11
11912 2 26.6629 23.3827 63.5595 1 6.35028e-11
11913 2 28.3163 25.721 63.5595 1 3.02374e-11
11960 2 28.3163 25.721 66.4233 1 2.98543e-11
10480 2 31.6231 23.3827 63.5595 1 7.2299e-11
11094 2 34.1032 23.3827 64.9914 1 5.27475e-11
11096 2 31.6231 23.3827 66.4233 1 6.74714e-11
11097 2 33.2765 25.721 66.4233 1 4.55313e-11
11101 2 33.2765 25.721 63.5595 1 4.44811e-11
11958 2 30.7964 25.721 64.9914 1 3.6973e-11
8061 2 1.86183 30.3975 66.4233 1 1.98725e-11
8078 2 1.86183 30.3975 63.5595 1 1.59642e-11
8079 2 0.208425 28.0593 63.5595 1 9.06516e-12
8080 2 2.68853 28.0593 64.9914 1 1.05706e-11
8082 2 0.208425 28.0593 66.4233 1 7.35431e-12
8063 2 4.34194 30.3975 64.9914 1 3.23948e-11
8543 2 6.82204 30.3975 63.5595 1 1.70909e-11
8546 2 6.82204 30.3975 66.4233 1 2.12159e-11
8547 2 5.16864 28.0593 66.4233 1 3.31274e-11
8549 2 7.64875 28.0593 64.9914 1 2.96599e-11
8576 2 5.16864 28.0593 63.5595 1 2.90366e-11
8544 2 9.30215 30.3975 64.9914 1 2.51631e-11
9366 2 11.7823 30.3975 66.4233 1 2.38873e-11
9406 2 11.7823 30.3975 63.5595 1 2.24055e-11
9407 2 10.1289 28.0593 63.5595 1 4.33736e-11
9408 2 12.609 28.0593 64.9914 1 1.43914e-11
9410 2 10.1289 28.0593 66.4233 1 4.65518e-11
9368 2 14.2624 30.3975 64.9914 1 2.64731e-11
10600 2 16.7425 30.3975 63.5595 1 1.50215e-11
10603 2 16.7425 30.3975 66.4233 1 1.65026e-11
10604 2 15.0891 28.0593 66.4233 1 4.64602e-11
10649 2 15.0891 28.0593 63.5595 1 4.26643e-11
10601 2 19.2226 30.3975 64.9914 1 3.55927e-11
10606 2 17.5692 28.0593 64.9914 1 7.60374e-12
12224 2 20.0493 28.0593 63.5595 1 1.15898e-11
12227 2 20.0493 28.0593 66.4233 1 1.01883e-11
99 2 25.0095 28.0593 66.4233 1 6.73732e-12
144 2 25.0095 28.0593 63.5595 1 8.90536e-12
12182 2 21.7027 30.3975 66.4233 1 2.365e-11
12184 2 24.1828 30.3975 64.9914 1 1.95149e-11
12223 2 21.7027 30.3975 63.5595 1 2.14304e-11
12225 2 22.5294 28.0593 64.9914 1 3.31587e-12
95 2 26.6629 30.3975 63.5595 1 2.20243e-11
96 2 29.143 30.3975 64.9914 1 1.23928e-11
98 2 26.6629 30.3975 66.4233 1 2.2222e-11
101 2 27.4896 28.0593 64.9914 1 4.45852e-12
11961 2 29.9697 28.0593 66.4233 1 7.41293e-12
11964 2 29.9697 28.0593 63.5595 1 1.02651e-11
11963 2 32.4498 28.0593 64.9914 1 1.50215e-11
11965 2 31.6231 30.3975 63.5595 1 2.69985e-11
12002 2 34.1032 30.3975 64.9914 1 1.06901e-11
12004 2 31.6231 30.3975 66.4233 1 2.63677e-11
7954 2 1.03513 32.7358 64.9914 1 2.6261e-11
8057 2 3.51523 32.7358 63.5595 1 5.58825e-11
8060 2 3.51523 32.7358 66.4233 1 6.39982e-11
8058 2 5.99534 32.7358 64.9914 1 5.17593e-11
8513 2 8.47545 32.7358 66.4233 1 6.45141e-11
8542 2 8.47545 32.7358 63.5595 1 5.36818e-11
8515 2 10.9556 32.7358 64.9914 1 5.09062e-11
9362 2 13.4357 32.7358 63.5595 1 9.2248e-11
9363 2 15.9158 32.7358 64.9914 1 4.61092e-11
9365 2 13.4357 32.7358 66.4233 1 1.05629e-10
10562 2 18.3959 32.7358 66.4233 1 6.7682e-11
10564 2 20.876 32.7358 64.9914 1 4.45e-11
10599 2 18.3959 32.7358 63.5595 1 6.15093e-11
12178 2 23.3561 32.7358 63.5595 1 4.86432e-11
12179 2 25.8362 32.7358 64.9914 1 5.10257e-11
12181 2 23.3561 32.7358 66.4233 1 5.31812e-11
57 2 28.3163 32.7358 66.4233 1 3.64936e-11
94 2 28.3163 32.7358 63.5595 1 3.61198e-11
59 2 30.7964 32.7358 64.9914 1 4.16268e-11
12005 2 33.2765 32.7358 66.4233 1 5.2276e-11
12006 2 33.2765 32.7358 63.5595 1 5.14235e-11
12551 2 1.86183 2.33832 69.2871 1 2.01823e-11
12552 2 0.208425 4.84796e-05 69.2871 1 1.83569e-11
12553 2 2.68853 4.85506e-05 70.7189 1 2.70946e-11
12554 2 2.68853 4.84995e-05 67.8552 1 1.94456e-11
2001 2 6.82204 2.33832 69.2871 1 1.70163e-11
2010 2 7.64875 4.69406e-05 70.719 1 5.70212e-11
2100 2 7.64875 4.74946e-05 67.8552 1 4.06684e-11
2102 2 5.16864 4.8007e-05 69.2871 1 3.60575e-11
12490 2 4.34194 2.33832 70.719 1 1.83251e-11
12549 2 4.34194 2.33832 67.8552 1 1.17778e-11
2003 2 9.30215 2.33832 70.719 1 2.17806e-11
2004 2 9.30215 2.33832 67.8552 1 1.26734e-11
11644 2 12.609 4.76041e-05 67.8552 1 2.36754e-11
11645 2 12.609 4.73032e-05 70.7189 1 3.88534e-11
11646 2 10.1289 4.76566e-05 69.2871 1 5.16447e-11
11647 2 11.7823 2.33832 69.2871 1 3.29846e-11
10258 2 15.0891 4.77155e-05 69.2871 1 6.57002e-11
10311 2 16.7425 2.33832 69.2871 1 3.28812e-11
11649 2 14.2624 2.33832 67.8552 1 1.47698e-11
11706 2 14.2624 2.33832 70.7189 1 2.9827e-11
9234 2 20.0493 4.75529e-05 69.2871 1 2.71172e-11
10260 2 17.5692 4.74209e-05 67.8552 1 2.20128e-11
10305 2 17.5692 4.72129e-05 70.7189 1 3.52037e-11
10309 2 19.2226 2.33832 67.8552 1 1.91609e-11
10310 2 19.2226 2.33832 70.7189 1 2.056e-11
8833 2 25.0095 4.80937e-05 69.2871 1 2.67901e-11
9232 2 22.5294 4.78172e-05 67.8552 1 1.50928e-11
9233 2 22.5294 4.77544e-05 70.7189 1 2.49029e-11
9235 2 21.7027 2.33832 69.2871 1 1.99603e-11
9237 2 24.1828 2.33832 67.8552 1 1.51187e-11
9270 2 24.1828 2.33832 70.7189 1 1.97436e-11
8262 2 29.9697 4.82245e-05 69.2871 1 2.79048e-11
8835 2 27.4896 4.83737e-05 67.8552 1 1.55221e-11
8862 2 27.4896 4.84377e-05 70.7189 1 2.68861e-11
8866 2 29.143 2.33832 67.8552 1 1.11009e-11
8867 2 29.143 2.33832 70.7189 1 1.97248e-11
8868 2 26.6629 2.33832 69.2871 1 1.90445e-11
8260 2 32.4498 4.84227e-05 67.8552 1 2.59012e-11
8261 2 32.4498 4.84267e-05 70.7189 1 4.92742e-11
8263 2 31.6231 2.33832 69.2871 1 1.65722e-11
8265 2 34.1032 2.33832 67.8552 1 5.72221e-12
8274 2 34.1032 2.33832 70.7189 1 1.80664e-11
10831 2 0.208425 7.01485 69.2871 1 6.29461e-12
10832 2 2.68853 7.01485 70.719 1 1.7108e-11
10833 2 2.68853 7.01485 67.8552 1 1.07481e-11
10836 2 1.03513 4.67659 70.7189 1 9.90002e-12
10885 2 1.03513 4.67658 67.8552 1 4.32129e-12
12484 2 3.51523 4.67659 69.2871 1 1.13986e-11
2000 2 8.47545 4.67658 69.2871 1 1.94539e-11
12422 2 7.64875 7.01485 70.719 1 3.82995e-11
12481 2 7.64875 7.01485 67.8552 1 2.70789e-11
12483 2 5.16864 7.01485 69.2871 1 2.46646e-11
12485 2 5.99534 4.67658 70.719 1 1.84168e-11
12486 2 5.99534 4.67658 67.8552 1 1.28398e-11
1900 2 10.1289 7.01485 69.2871 1 4.29899e-11
1901 2 12.609 7.01485 70.7189 1 2.64367e-11
1903 2 12.609 7.01485 67.8552 1 1.20842e-11
1909 2 10.9556 4.67658 70.7189 1 2.11152e-11
1997 2 10.9556 4.67658 67.8552 1 2.08421e-11
11710 2 15.9158 4.67658 67.8552 1 2.48601e-11
11711 2 15.9158 4.67658 70.7189 1 2.50143e-11
11712 2 13.4357 4.67658 69.2871 1 6.69561e-11
11713 2 15.0891 7.01485 69.2871 1 5.52222e-11
10312 2 18.3959 4.67658 69.2871 1 2.93943e-11
10314 2 20.876 4.67658 67.8552 1 1.09563e-11
10359 2 20.876 4.67658 70.7189 1 8.83977e-12
10365 2 20.0493 7.01485 69.2871 1 1.57631e-11
11715 2 17.5692 7.01485 67.8552 1 9.9172e-12
11772 2 17.5692 7.01485 70.7189 1 2.23835e-11
9274 2 25.8362 4.67659 67.8552 1 8.62935e-12
9275 2 25.8362 4.67659 70.7189 1 1.09979e-11
9276 2 23.3561 4.67658 69.2871 1 2.50097e-11
9277 2 25.0095 7.01485 69.2871 1 1.09275e-11
10363 2 22.5294 7.01485 67.8552 1 5.59095e-12
10364 2 22.5294 7.01485 70.7189 1 1.39088e-11
8869 2 28.3163 4.67658 69.2871 1 1.41083e-11
8898 2 29.9697 7.01485 69.2871 1 1.30608e-11
9279 2 27.4896 7.01485 67.8552 1 6.88164e-12
9792 2 27.4896 7.01485 70.7189 1 1.65856e-11
8278 2 33.2765 4.67659 69.2871 1 2.08222e-11
8871 2 30.7964 4.67659 67.8552 1 3.55001e-12
8892 2 30.7964 4.67659 70.7189 1 9.73561e-12
8896 2 32.4498 7.01485 67.8552 1 1.77048e-11
8897 2 32.4498 7.01485 70.7189 1 3.69032e-11
9512 2 1.03513 11.6914 70.7189 1 9.01902e-11
9549 2 1.03513 11.6914 67.8552 1 6.12376e-11
10773 2 3.51523 11.6914 69.2871 1 4.02546e-11
10830 2 1.86183 9.35312 69.2871 1 3.95029e-11
10774 2 5.99534 11.6914 70.719 1 7.87141e-11
10775 2 5.99534 11.6914 67.8552 1 4.80488e-11
10779 2 4.34194 9.35312 70.719 1 2.53347e-11
10828 2 4.34194 9.35312 67.8552 1 1.35686e-11
12415 2 8.47545 11.6914 69.2871 1 5.89256e-11
12416 2 6.82204 9.35312 69.2871 1 3.30387e-11
1899 2 11.7823 9.35312 69.2871 1 4.70692e-11
12354 2 10.9556 11.6914 70.7189 1 8.78719e-11
12413 2 10.9556 11.6914 67.8552 1 6.89731e-11
12417 2 9.30215 9.35312 70.719 1 3.20399e-11
12418 2 9.30215 9.35312 67.8552 1 2.01263e-11
409 2 13.4357 11.6914 69.2871 1 8.90002e-11
412 2 15.9158 11.6914 70.7189 1 9.83992e-11
417 2 15.9158 11.6914 67.8552 1 8.20726e-11
430 2 14.2624 9.35312 70.7189 1 4.03936e-11
1894 2 14.2624 9.35312 67.8552 1 2.16106e-11
11778 2 16.7425 9.35312 69.2871 1 5.06359e-11
11776 2 19.2226 9.35312 67.8552 1 1.9574e-11
11777 2 19.2226 9.35312 70.7189 1 2.52351e-11
11779 2 18.3959 11.6914 69.2871 1 5.83332e-11
11781 2 20.876 11.6914 67.8552 1 4.78725e-11
11838 2 20.876 11.6914 70.7189 1 6.38052e-11
10366 2 21.7027 9.35312 69.2871 1 3.37392e-11
10368 2 24.1828 9.35312 67.8552 1 2.57631e-11
10413 2 24.1828 9.35312 70.7189 1 3.52882e-11
10417 2 25.8362 11.6914 67.8552 1 3.55087e-11
10418 2 25.8362 11.6914 70.7189 1 5.64293e-11
10419 2 23.3561 11.6914 69.2871 1 7.12614e-11
9818 2 29.143 9.35312 67.8552 1 2.44198e-11
9819 2 29.143 9.35312 70.7189 1 3.87828e-11
9820 2 26.6629 9.35312 69.2871 1 3.29032e-11
9821 2 28.3163 11.6914 69.2871 1 6.76442e-11
8899 2 31.6231 9.35312 69.2871 1 2.877e-11
8901 2 34.1032 9.35312 67.8552 1 1.59462e-11
8922 2 34.1032 9.35312 70.7189 1 3.40889e-11
8926 2 33.2765 11.6914 69.2871 1 6.63651e-11
9823 2 30.7964 11.6914 67.8552 1 3.95428e-11
9870 2 30.7964 11.6914 70.7189 1 7.55157e-11
9506 2 1.86183 16.3679 69.2871 1 1.63313e-11
9507 2 0.208425 14.0297 69.2871 1 1.69904e-11
9508 2 2.68853 14.0297 70.7189 1 3.17805e-11
9509 2 2.68853 14.0297 67.8552 1 2.35175e-11
9467 2 4.34194 16.3679 70.7189 1 2.41204e-11
9504 2 4.34194 16.3679 67.8552 1 1.45518e-11
10715 2 6.82204 16.3679 69.2871 1 1.59798e-11
10721 2 7.64875 14.0297 70.719 1 4.45423e-11
10770 2 7.64875 14.0297 67.8552 1 3.09754e-11
10772 2 5.16864 14.0297 69.2871 1 3.30929e-11
10716 2 9.30215 16.3679 70.7189 1 2.63059e-11
10717 2 9.30215 16.3679 67.8552 1 1.22663e-11
12347 2 11.7823 16.3679 69.2871 1 2.91938e-11
12348 2 10.1289 14.0297 69.2871 1 5.3338e-11
12349 2 12.609 14.0297 70.7189 1 3.5378e-11
12350 2 12.609 14.0297 67.8552 1 1.84328e-11
213 2 16.7425 16.3679 69.2871 1 2.84113e-11
407 2 15.0891 14.0297 69.2871 1 6.33433e-11
12292 2 14.2624 16.3679 70.7189 1 2.42613e-11
12345 2 14.2624 16.3679 67.8552 1 1.58651e-11
215 2 19.2226 16.3679 70.7189 1 2.58131e-11
220 2 19.2226 16.3679 67.8552 1 2.55824e-11
231 2 17.5692 14.0297 70.7189 1 2.89162e-11
400 2 17.5692 14.0297 67.8552 1 1.63619e-11
11844 2 20.0493 14.0297 69.2871 1 2.8686e-11
10420 2 25.0095 14.0297 69.2871 1 2.05737e-11
11842 2 22.5294 14.0297 67.8552 1 1.77988e-11
11843 2 22.5294 14.0297 70.7189 1 2.72575e-11
11845 2 21.7027 16.3679 69.2871 1 2.12081e-11
11847 2 24.1828 16.3679 67.8552 1 1.59345e-11
11898 2 24.1828 16.3679 70.7189 1 2.11662e-11
9876 2 29.9697 14.0297 69.2871 1 2.40346e-11
10422 2 27.4896 14.0297 67.8552 1 2.09499e-11
10465 2 27.4896 14.0297 70.7189 1 3.2037e-11
10469 2 29.143 16.3679 67.8552 1 1.03375e-11
10470 2 29.143 16.3679 70.7189 1 2.18654e-11
10471 2 26.6629 16.3679 69.2871 1 2.22636e-11
9874 2 32.4498 14.0297 67.8552 1 3.32629e-11
9875 2 32.4498 14.0297 70.7189 1 5.45717e-11
9877 2 31.6231 16.3679 69.2871 1 2.15449e-11
9879 2 34.1032 16.3679 67.8552 1 5.34091e-12
9912 2 34.1032 16.3679 70.7189 1 2.26815e-11
8585 2 0.208425 21.0445 69.2871 1 3.31837e-11
8586 2 2.68853 21.0445 70.7189 1 3.59883e-11
8587 2 2.68853 21.0445 67.8552 1 5.9319e-11
8590 2 1.03513 18.7062 70.7189 1 3.56236e-11
8615 2 1.03513 18.7062 67.8552 1 4.43678e-11
9461 2 3.51523 18.7062 69.2871 1 2.37716e-11
9421 2 7.64875 21.0445 70.7189 1 4.74245e-11
9458 2 7.64875 21.0445 67.8552 1 5.94118e-11
9460 2 5.16864 21.0445 69.2871 1 5.14588e-11
9462 2 5.99534 18.7062 70.7189 1 3.43508e-11
9463 2 5.99534 18.7062 67.8552 1 3.4636e-11
10714 2 8.47545 18.7062 69.2871 1 4.01785e-11
10658 2 10.1289 21.0445 69.2871 1 7.7075e-11
10659 2 12.609 21.0445 70.7189 1 4.50795e-11
10660 2 12.609 21.0445 67.8552 1 5.09811e-11
10664 2 10.9556 18.7062 70.7189 1 3.72122e-11
10712 2 10.9556 18.7062 67.8552 1 5.32022e-11
12285 2 15.0891 21.0445 69.2871 1 8.57457e-11
12286 2 13.4357 18.7062 69.2871 1 7.59906e-11
12287 2 15.9158 18.7062 70.7189 1 5.12356e-11
12288 2 15.9158 18.7062 67.8552 1 6.56473e-11
153 2 20.0493 21.0445 69.2871 1 4.94408e-11
159 2 20.876 18.7062 70.7189 1 2.40637e-11
208 2 20.876 18.7062 67.8552 1 3.58874e-11
210 2 18.3959 18.7062 69.2871 1 4.23141e-11
12238 2 17.5692 21.0445 70.7189 1 3.63751e-11
12283 2 17.5692 21.0445 67.8552 1 4.88051e-11
154 2 22.5294 21.0445 70.7189 1 3.3999e-11
155 2 22.5294 21.0445 67.8552 1 5.40355e-11
11902 2 25.8362 18.7062 67.8552 1 2.55113e-11
11903 2 25.8362 18.7062 70.7189 1 2.11499e-11
11904 2 23.3561 18.7062 69.2871 1 5.07144e-11
11905 2 25.0095 21.0445 69.2871 1 3.59096e-11
10472 2 28.3163 18.7062 69.2871 1 4.25431e-11
11092 2 29.9697 21.0445 69.2871 1 3.78684e-11
11907 2 27.4896 21.0445 67.8552 1 5.83179e-11
11950 2 27.4896 21.0445 70.7189 1 3.61812e-11
9916 2 33.2765 18.7062 69.2871 1 4.32438e-11
10474 2 30.7964 18.7062 67.8552 1 2.72703e-11
11043 2 30.7964 18.7062 70.7189 1 3.08432e-11
11090 2 32.4498 21.0445 67.8552 1 7.01971e-11
11091 2 32.4498 21.0445 70.7189 1 5.67132e-11
8070 2 1.03513 25.721 70.7189 1 1.28575e-11
8083 2 1.03513 25.721 67.8552 1 1.51955e-11
8551 2 3.51523 25.721 69.2871 1 3.77648e-11
8584 2 1.86183 23.3827 69.2871 1 2.64903e-11
8552 2 5.99534 25.721 70.7189 1 3.01742e-11
8553 2 5.99534 25.721 67.8552 1 3.81622e-11
8557 2 4.34194 23.3827 70.7189 1 5.72529e-11
8582 2 4.34194 23.3827 67.8552 1 9.20632e-11
9414 2 8.47545 25.721 69.2871 1 3.86582e-11
9415 2 6.82204 23.3827 69.2871 1 3.49897e-11
9376 2 10.9556 25.721 70.7189 1 2.29113e-11
9412 2 10.9556 25.721 67.8552 1 3.74923e-11
9416 2 9.30215 23.3827 70.7189 1 5.39171e-11
9417 2 9.30215 23.3827 67.8552 1 7.18027e-11
10657 2 11.7823 23.3827 69.2871 1 4.89243e-11
10608 2 13.4357 25.721 69.2871 1 8.94863e-11
10609 2 15.9158 25.721 70.7189 1 3.38803e-11
10610 2 15.9158 25.721 67.8552 1 3.65552e-11
10614 2 14.2624 23.3827 70.7189 1 4.41583e-11
10655 2 14.2624 23.3827 67.8552 1 7.66238e-11
12232 2 16.7425 23.3827 69.2871 1 3.65956e-11
12192 2 20.876 25.721 70.7189 1 2.24587e-11
12229 2 20.876 25.721 67.8552 1 3.62662e-11
12231 2 18.3959 25.721 69.2871 1 5.1113e-11
12233 2 19.2226 23.3827 70.7189 1 5.81447e-11
12234 2 19.2226 23.3827 67.8552 1 1.07045e-10
103 2 23.3561 25.721 69.2871 1 3.97539e-11
104 2 25.8362 25.721 70.7189 1 2.8807e-11
105 2 25.8362 25.721 67.8552 1 4.06858e-11
109 2 24.1828 23.3827 70.7189 1 4.03659e-11
150 2 24.1828 23.3827 67.8552 1 6.62607e-11
152 2 21.7027 23.3827 69.2871 1 4.48983e-11
11954 2 29.143 23.3827 67.8552 1 5.33775e-11
11955 2 29.143 23.3827 70.7189 1 3.81916e-11
11956 2 26.6629 23.3827 69.2871 1 4.86232e-11
11957 2 28.3163 25.721 69.2871 1 2.86735e-11
11093 2 31.6231 23.3827 69.2871 1 5.3459e-11
11095 2 34.1032 23.3827 67.8552 1 5.83083e-11
11190 2 34.1032 23.3827 70.7189 1 4.43405e-11
11194 2 33.2765 25.721 69.2871 1 4.16106e-11
11959 2 30.7964 25.721 67.8552 1 2.92972e-11
11994 2 30.7964 25.721 70.7189 1 2.24475e-11
8064 2 1.86183 30.3975 69.2871 1 1.62367e-11
8065 2 0.208425 28.0593 69.2871 1 7.82509e-12
8066 2 2.68853 28.0593 70.7189 1 1.79034e-11
8067 2 2.68853 28.0593 67.8552 1 1.13843e-11
8049 2 4.34194 30.3975 70.7189 1 4.96362e-11
8062 2 4.34194 30.3975 67.8552 1 4.1557e-11
8517 2 6.82204 30.3975 69.2871 1 2.20388e-11
8523 2 7.64875 28.0593 70.7189 1 4.01915e-11
8548 2 7.64875 28.0593 67.8552 1 2.54097e-11
8550 2 5.16864 28.0593 69.2871 1 2.52668e-11
8518 2 9.30215 30.3975 70.7189 1 4.68693e-11
8519 2 9.30215 30.3975 67.8552 1 3.0838e-11
9369 2 11.7823 30.3975 69.2871 1 3.78734e-11
9370 2 10.1289 28.0593 69.2871 1 4.33353e-11
9371 2 12.609 28.0593 70.7189 1 2.68635e-11
9372 2 12.609 28.0593 67.8552 1 1.05596e-11
9338 2 14.2624 30.3975 70.7189 1 4.26373e-11
9367 2 14.2624 30.3975 67.8552 1 3.48566e-11
10566 2 16.7425 30.3975 69.2871 1 2.94892e-11
10607 2 15.0891 28.0593 69.2871 1 5.64128e-11
10567 2 19.2226 30.3975 70.7189 1 5.37126e-11
10568 2 19.2226 30.3975 67.8552 1 5.47358e-11
10572 2 17.5692 28.0593 70.7189 1 2.05163e-11
10605 2 17.5692 28.0593 67.8552 1 8.95142e-12
12186 2 20.0493 28.0593 69.2871 1 1.94373e-11
102 2 25.0095 28.0593 69.2871 1 1.47403e-11
12154 2 24.1828 30.3975 70.7189 1 3.50814e-11
12183 2 24.1828 30.3975 67.8552 1 2.95281e-11
12185 2 21.7027 30.3975 69.2871 1 2.91788e-11
12187 2 22.5294 28.0593 70.7189 1 1.48711e-11
12188 2 22.5294 28.0593 67.8552 1 6.40514e-12
61 2 26.6629 30.3975 69.2871 1 3.0748e-11
62 2 29.143 30.3975 70.7189 1 3.14814e-11
63 2 29.143 30.3975 67.8552 1 2.00188e-11
67 2 27.4896 28.0593 70.7189 1 1.78711e-11
100 2 27.4896 28.0593 67.8552 1 8.38496e-12
12000 2 29.9697 28.0593 69.2871 1 1.65718e-11
11998 2 32.4498 28.0593 67.8552 1 1.97575e-11
11999 2 32.4498 28.0593 70.7189 1 4.12979e-11
12001 2 31.6231 30.3975 69.2871 1 3.27514e-11
12003 2 34.1032 30.3975 67.8552 1 1.98462e-11
12030 2 34.1032 30.3975 70.7189 1 3.63152e-11
7952 2 1.03513 32.7358 70.7189 1 4.26293e-11
7953 2 1.03513 32.7358 67.8552 1 2.87093e-11
8043 2 3.51523 32.7358 69.2871 1 6.66139e-11
8044 2 5.99534 32.7358 70.7189 1 6.99942e-11
8045 2 5.99534 32.7358 67.8552 1 5.72667e-11
8516 2 8.47545 32.7358 69.2871 1 6.41474e-11
8490 2 10.9556 32.7358 70.7189 1 6.02797e-11
8514 2 10.9556 32.7358 67.8552 1 5.32074e-11
9332 2 13.4357 32.7358 69.2871 1 1.2315e-10
9333 2 15.9158 32.7358 70.7189 1 6.5149e-11
9334 2 15.9158 32.7358 67.8552 1 4.95207e-11
10538 2 20.876 32.7358 70.7189 1 6.42985e-11
10563 2 20.876 32.7358 67.8552 1 5.46258e-11
10565 2 18.3959 32.7358 69.2871 1 8.1171e-11
12148 2 23.3561 32.7358 69.2871 1 6.27195e-11
12149 2 25.8362 32.7358 70.7189 1 7.53995e-11
12150 2 25.8362 32.7358 67.8552 1 6.17191e-11
60 2 28.3163 32.7358 69.2871 1 4.76841e-11
33 2 30.7964 32.7358 70.7189 1 5.86716e-11
58 2 30.7964 32.7358 67.8552 1 4.79516e-11
12034 2 33.2765 32.7358 69.2871 1 6.30205e-11
12488 2 1.86183 2.33832 72.1508 1 3.35456e-11
12491 2 1.86183 2.33832 75.0146 1 1.39051e-10
12492 2 0.208421 4.87338e-05 75.0146 1 1.51465e-10
12494 2 2.68853 4.83282e-05 73.5827 1 5.61215e-11
12555 2 0.208425 4.8945e-05 72.1508 1 2.65602e-11
1912 2 6.82205 2.33831 75.0146 1 9.87596e-11
2006 2 6.82204 2.33832 72.1508 1 1.79076e-11
2007 2 5.16864 4.79324e-05 72.1508 1 3.27648e-11
2008 2 7.64875 4.61744e-05 73.5827 1 7.98212e-11
2012 2 5.16864 4.72763e-05 75.0146 1 1.29365e-10
12489 2 4.34194 2.33832 73.5827 1 4.02146e-11
1915 2 9.30215 2.33831 73.5827 1 3.44508e-11
11643 2 10.1289 4.70619e-05 72.1508 1 8.04125e-11
11702 2 12.609 4.58998e-05 73.5827 1 8.82464e-11
11704 2 10.1289 4.49808e-05 75.0146 1 1.71662e-10
11705 2 11.7823 2.33831 75.0146 1 1.0165e-10
11708 2 11.7823 2.33832 72.1508 1 4.98366e-11
10304 2 15.0891 4.4998e-05 75.0146 1 2.29271e-10
10307 2 15.0891 4.7103e-05 72.1508 1 1.25363e-10
10308 2 16.7425 2.33832 72.1508 1 6.55204e-11
10357 2 16.7425 2.33831 75.0146 1 1.42268e-10
11707 2 14.2624 2.33831 73.5827 1 5.88451e-11
9231 2 20.0493 4.73865e-05 72.1508 1 4.29428e-11
9268 2 20.0493 4.60528e-05 75.0146 1 1.41141e-10
10306 2 17.5692 4.59488e-05 73.5827 1 8.03825e-11
10355 2 19.2226 2.33831 73.5827 1 5.25595e-11
8861 2 25.0095 4.75128e-05 75.0146 1 1.31383e-10
8864 2 25.0095 4.83005e-05 72.1508 1 2.57375e-11
9266 2 22.5294 4.71177e-05 73.5827 1 4.69439e-11
9269 2 21.7027 2.33831 75.0146 1 1.03192e-10
9271 2 24.1828 2.33832 73.5827 1 3.25871e-11
9272 2 21.7027 2.33832 72.1508 1 1.93469e-11
8259 2 29.9697 4.86707e-05 72.1508 1 4.19002e-11
8272 2 29.9697 4.85623e-05 75.0146 1 1.82153e-10
8863 2 27.4896 4.82643e-05 73.5827 1 5.67251e-11
8865 2 26.6629 2.33832 72.1508 1 3.057e-11
8888 2 29.143 2.33832 73.5827 1 5.07352e-11
8890 2 26.6629 2.33832 75.0146 1 1.00374e-10
8270 2 32.4498 4.84722e-05 73.5827 1 1.00446e-10
8273 2 31.6231 2.33832 75.0146 1 1.87318e-10
8275 2 34.1032 2.33832 73.5827 1 6.6478e-11
8276 2 31.6231 2.33832 72.1508 1 3.90435e-11
10781 2 0.20842 7.01485 75.0146 1 1.14129e-10
10783 2 2.68853 7.01485 73.5827 1 4.16319e-11
10834 2 0.208425 7.01485 72.1508 1 2.00141e-11
10835 2 1.03513 4.67659 73.5827 1 4.19986e-11
12424 2 3.51523 4.67659 75.0146 1 6.87883e-11
12487 2 3.51523 4.67659 72.1508 1 1.55223e-11
1905 2 8.47545 4.67658 72.1508 1 2.29029e-11
1911 2 8.47545 4.67658 75.0146 1 1.14915e-10
12420 2 5.16864 7.01485 72.1508 1 2.35122e-11
12421 2 7.64875 7.01485 73.5827 1 5.26447e-11
12423 2 5.16864 7.01485 75.0146 1 9.08401e-11
12426 2 5.99534 4.67658 73.5827 1 4.12161e-11
434 2 10.1289 7.01485 75.0146 1 2.0027e-10
441 2 12.609 7.01485 73.5827 1 7.03055e-11
1904 2 10.1289 7.01485 72.1508 1 7.49684e-11
1908 2 10.9556 4.67658 73.5827 1 7.18463e-11
11709 2 13.4357 4.67658 72.1508 1 1.01875e-10
11768 2 15.9158 4.67658 73.5827 1 6.04223e-11
11770 2 13.4357 4.67658 75.0146 1 2.22595e-10
11771 2 15.0891 7.01485 75.0146 1 2.21785e-10
11774 2 15.0891 7.01485 72.1508 1 1.08103e-10
10358 2 18.3959 4.67658 75.0146 1 1.17112e-10
10360 2 20.876 4.67658 73.5827 1 2.80206e-11
10361 2 18.3959 4.67658 72.1508 1 6.05738e-11
10362 2 20.0493 7.01485 72.1508 1 2.96221e-11
10411 2 20.0493 7.01485 75.0146 1 1.13139e-10
11773 2 17.5692 7.01485 73.5827 1 6.12143e-11
9273 2 23.3561 4.67658 72.1508 1 2.31791e-11
9788 2 25.8362 4.67659 73.5827 1 3.02206e-11
9790 2 23.3561 4.67658 75.0146 1 1.08472e-10
9791 2 25.0095 7.01485 75.0146 1 8.34124e-11
9797 2 25.0095 7.01485 72.1508 1 1.14895e-11
10409 2 22.5294 7.01485 73.5827 1 2.18292e-11
8891 2 28.3163 4.67659 75.0146 1 1.13114e-10
8894 2 28.3163 4.67659 72.1508 1 3.14699e-11
8895 2 29.9697 7.01485 72.1508 1 2.99247e-11
8920 2 29.9697 7.01485 75.0146 1 1.15259e-10
9793 2 27.4896 7.01485 73.5827 1 3.36889e-11
8277 2 33.2765 4.67659 72.1508 1 3.78546e-11
8288 2 33.2765 4.67659 75.0146 1 9.13995e-11
8893 2 30.7964 4.67659 73.5827 1 4.56978e-11
8918 2 32.4498 7.01485 73.5827 1 7.67956e-11
9511 2 1.03513 11.6914 73.5827 1 1.20725e-10
10723 2 3.51523 11.6914 75.0146 1 1.70582e-10
10776 2 3.51523 11.6914 72.1508 1 6.79987e-11
10777 2 1.86183 9.35312 72.1508 1 4.5953e-11
10780 2 1.86183 9.35312 75.0146 1 1.25953e-10
10725 2 5.99534 11.6914 73.5827 1 9.53981e-11
10778 2 4.34194 9.35312 73.5827 1 4.86864e-11
12352 2 8.47545 11.6914 72.1508 1 9.81567e-11
12355 2 8.47545 11.6914 75.0146 1 3.88522e-10
12356 2 6.82204 9.35312 75.0146 1 1.03923e-10
12419 2 6.82204 9.35312 72.1508 1 2.44613e-11
423 2 11.7823 9.35312 72.1508 1 5.41375e-11
433 2 11.7823 9.35312 75.0146 1 1.53434e-10
12353 2 10.9556 11.6914 73.5827 1 1.17457e-10
12358 2 9.30215 9.35312 73.5827 1 4.98863e-11
235 2 13.4357 11.6914 75.0146 1 2.73308e-10
242 2 15.9158 11.6914 73.5827 1 1.75752e-10
420 2 13.4357 11.6914 72.1508 1 1.32572e-10
425 2 14.2624 9.35312 73.5827 1 7.36182e-11
11775 2 16.7425 9.35312 72.1508 1 7.33828e-11
11836 2 16.7425 9.35312 75.0146 1 1.87582e-10
11834 2 19.2226 9.35312 73.5827 1 6.23322e-11
11837 2 18.3959 11.6914 75.0146 1 2.86715e-10
11839 2 20.876 11.6914 73.5827 1 1.07526e-10
11840 2 18.3959 11.6914 72.1508 1 8.8763e-11
10412 2 21.7027 9.35312 75.0146 1 1.16712e-10
10414 2 24.1828 9.35312 73.5827 1 4.98669e-11
10415 2 21.7027 9.35312 72.1508 1 2.6414e-11
10416 2 23.3561 11.6914 72.1508 1 8.44008e-11
10461 2 25.8362 11.6914 73.5827 1 8.71997e-11
10463 2 23.3561 11.6914 75.0146 1 2.81559e-10
9817 2 26.6629 9.35312 72.1508 1 4.22642e-11
9866 2 29.143 9.35312 73.5827 1 6.94743e-11
9868 2 26.6629 9.35312 75.0146 1 9.95268e-11
9869 2 28.3163 11.6914 75.0146 1 2.72252e-10
9872 2 28.3163 11.6914 72.1508 1 1.09625e-10
8921 2 31.6231 9.35312 75.0146 1 1.68236e-10
8923 2 34.1032 9.35312 73.5827 1 9.0726e-11
8924 2 31.6231 9.35312 72.1508 1 5.04744e-11
8925 2 33.2765 11.6914 72.1508 1 1.14748e-10
8946 2 33.2765 11.6914 75.0146 1 3.78763e-10
9871 2 30.7964 11.6914 73.5827 1 1.16017e-10
9465 2 1.86183 16.3679 72.1508 1 4.31173e-11
9468 2 1.86183 16.3679 75.0146 1 2.57911e-10
9469 2 0.20842 14.0297 75.0146 1 1.16501e-10
9471 2 2.68853 14.0297 73.5827 1 7.44071e-11
9510 2 0.208425 14.0297 72.1508 1 5.05e-11
9466 2 4.34194 16.3679 73.5827 1 5.53928e-11
10666 2 6.82204 16.3679 75.0146 1 3.99444e-10
10718 2 6.82204 16.3679 72.1508 1 4.66357e-11
10719 2 5.16864 14.0297 72.1508 1 6.10288e-11
10720 2 7.64875 14.0297 73.5827 1 8.7332e-11
10722 2 5.16864 14.0297 75.0146 1 1.75592e-10
10668 2 9.30215 16.3679 73.5827 1 6.30444e-11
12290 2 11.7823 16.3679 72.1508 1 5.08077e-11
12293 2 11.7823 16.3679 75.0146 1 1.65099e-10
12294 2 10.1289 14.0297 75.0146 1 1.90486e-10
12296 2 12.609 14.0297 73.5827 1 8.50097e-11
12351 2 10.1289 14.0297 72.1508 1 1.09773e-10
161 2 16.7425 16.3679 75.0146 1 4.08908e-10
222 2 16.7425 16.3679 72.1508 1 7.35016e-11
226 2 15.0891 14.0297 72.1508 1 1.61886e-10
234 2 15.0891 14.0297 75.0146 1 4.36327e-10
12291 2 14.2624 16.3679 73.5827 1 6.6866e-11
163 2 19.2226 16.3679 73.5827 1 7.92708e-11
227 2 17.5692 14.0297 73.5827 1 8.87249e-11
11841 2 20.0493 14.0297 72.1508 1 7.59764e-11
11896 2 20.0493 14.0297 75.0146 1 2.66957e-10
10464 2 25.0095 14.0297 75.0146 1 2.08729e-10
10467 2 25.0095 14.0297 72.1508 1 4.51324e-11
11894 2 22.5294 14.0297 73.5827 1 5.43404e-11
11897 2 21.7027 16.3679 75.0146 1 3.50393e-10
11899 2 24.1828 16.3679 73.5827 1 5.88e-11
11900 2 21.7027 16.3679 72.1508 1 5.1428e-11
9873 2 29.9697 14.0297 72.1508 1 6.4664e-11
9910 2 29.9697 14.0297 75.0146 1 2.23157e-10
10466 2 27.4896 14.0297 73.5827 1 7.05481e-11
10468 2 26.6629 16.3679 72.1508 1 7.52287e-11
10505 2 29.143 16.3679 73.5827 1 7.1506e-11
11038 2 26.6629 16.3679 75.0146 1 3.36383e-10
9908 2 32.4498 14.0297 73.5827 1 1.28761e-10
9911 2 31.6231 16.3679 75.0146 1 4.92386e-10
9913 2 34.1032 16.3679 73.5827 1 9.94793e-11
9914 2 31.6231 16.3679 72.1508 1 9.27117e-11
8559 2 0.208421 21.0445 75.0146 1 1.37703e-10
8561 2 2.68853 21.0445 73.5827 1 6.19519e-11
8588 2 0.208425 21.0445 72.1508 1 4.13012e-11
8589 2 1.03513 18.7062 73.5827 1 6.02703e-11
9423 2 3.51523 18.7062 75.0146 1 2.07388e-10
9464 2 3.51523 18.7062 72.1508 1 2.38195e-11
9419 2 5.16864 21.0445 72.1508 1 5.2776e-11
9420 2 7.64875 21.0445 73.5827 1 9.63038e-11
9422 2 5.16864 21.0445 75.0146 1 2.04545e-10
9425 2 5.99534 18.7062 73.5827 1 6.48533e-11
10662 2 8.47545 18.7062 72.1508 1 5.81132e-11
10665 2 8.47545 18.7062 75.0146 1 4.67442e-10
10616 2 10.1289 21.0445 75.0146 1 1.91147e-10
10618 2 12.609 21.0445 73.5827 1 8.53574e-11
10661 2 10.1289 21.0445 72.1508 1 1.00974e-10
10663 2 10.9556 18.7062 73.5827 1 5.49142e-11
12236 2 15.0891 21.0445 72.1508 1 1.57192e-10
12239 2 15.0891 21.0445 75.0146 1 4.49095e-10
12240 2 13.4357 18.7062 75.0146 1 3.21028e-10
12242 2 15.9158 18.7062 73.5827 1 1.24222e-10
12289 2 13.4357 18.7062 72.1508 1 1.02741e-10
111 2 20.0493 21.0445 75.0146 1 2.82065e-10
156 2 20.0493 21.0445 72.1508 1 6.9509e-11
157 2 18.3959 18.7062 72.1508 1 5.28818e-11
158 2 20.876 18.7062 73.5827 1 7.51829e-11
160 2 18.3959 18.7062 75.0146 1 3.26441e-10
12237 2 17.5692 21.0445 73.5827 1 8.90296e-11
113 2 22.5294 21.0445 73.5827 1 5.41723e-11
11901 2 23.3561 18.7062 72.1508 1 3.47453e-11
11946 2 25.8362 18.7062 73.5827 1 6.35368e-11
11948 2 23.3561 18.7062 75.0146 1 3.29723e-10
11949 2 25.0095 21.0445 75.0146 1 2.35011e-10
11952 2 25.0095 21.0445 72.1508 1 3.85658e-11
11039 2 28.3163 18.7062 75.0146 1 2.92016e-10
11088 2 28.3163 18.7062 72.1508 1 4.61458e-11
11089 2 29.9697 21.0445 72.1508 1 5.57628e-11
11188 2 29.9697 21.0445 75.0146 1 2.55169e-10
11951 2 27.4896 21.0445 73.5827 1 6.24569e-11
9915 2 33.2765 18.7062 72.1508 1 6.63474e-11
9936 2 33.2765 18.7062 75.0146 1 4.23655e-10
11087 2 30.7964 18.7062 73.5827 1 8.53272e-11
11159 2 32.4498 21.0445 73.5827 1 1.21863e-10
8069 2 1.03513 25.721 73.5827 1 5.16428e-11
8525 2 3.51523 25.721 75.0146 1 2.26996e-10
8554 2 3.51523 25.721 72.1508 1 2.85947e-11
8555 2 1.86183 23.3827 72.1508 1 3.52695e-11
8558 2 1.86183 23.3827 75.0146 1 2.21513e-10
8527 2 5.99534 25.721 73.5827 1 7.18082e-11
8556 2 4.34194 23.3827 73.5827 1 4.93362e-11
9374 2 8.47545 25.721 72.1508 1 5.58479e-11
9377 2 8.47545 25.721 75.0146 1 4.50342e-10
9378 2 6.82204 23.3827 75.0146 1 3.20626e-10
9418 2 6.82204 23.3827 72.1508 1 3.93103e-11
9375 2 10.9556 25.721 73.5827 1 5.08304e-11
9380 2 9.30215 23.3827 73.5827 1 5.87614e-11
10612 2 11.7823 23.3827 72.1508 1 5.54818e-11
10615 2 11.7823 23.3827 75.0146 1 1.13928e-10
10574 2 13.4357 25.721 75.0146 1 3.16025e-10
10576 2 15.9158 25.721 73.5827 1 1.00993e-10
10611 2 13.4357 25.721 72.1508 1 1.11397e-10
10613 2 14.2624 23.3827 73.5827 1 7.14645e-11
12194 2 16.7425 23.3827 75.0146 1 3.18572e-10
12235 2 16.7425 23.3827 72.1508 1 6.79649e-11
12190 2 18.3959 25.721 72.1508 1 6.26997e-11
12191 2 20.876 25.721 73.5827 1 6.92897e-11
12193 2 18.3959 25.721 75.0146 1 3.1517e-10
12196 2 19.2226 23.3827 73.5827 1 6.81143e-11
69 2 23.3561 25.721 75.0146 1 3.28659e-10
71 2 25.8362 25.721 73.5827 1 7.26489e-11
106 2 23.3561 25.721 72.1508 1 2.94838e-11
107 2 21.7027 23.3827 72.1508 1 4.62333e-11
108 2 24.1828 23.3827 73.5827 1 5.60834e-11
110 2 21.7027 23.3827 75.0146 1 2.71486e-10
11953 2 26.6629 23.3827 72.1508 1 6.74404e-11
11990 2 29.143 23.3827 73.5827 1 7.05499e-11
11992 2 26.6629 23.3827 75.0146 1 2.7018e-10
11993 2 28.3163 25.721 75.0146 1 3.01983e-10
11996 2 28.3163 25.721 72.1508 1 3.59993e-11
11189 2 31.6231 23.3827 75.0146 1 4.26346e-10
11191 2 34.1032 23.3827 73.5827 1 9.29239e-11
11192 2 31.6231 23.3827 72.1508 1 8.46342e-11
11193 2 33.2765 25.721 72.1508 1 6.69448e-11
11217 2 33.2765 25.721 75.0146 1 4.29241e-10
11995 2 30.7964 25.721 73.5827 1 9.22608e-11
8047 2 1.86183 30.3975 72.1508 1 4.37993e-11
8050 2 1.86183 30.3975 75.0146 1 2.20951e-10
8051 2 0.208421 28.0593 75.0146 1 1.99041e-10
8053 2 2.68853 28.0593 73.5827 1 5.53085e-11
8068 2 0.208425 28.0593 72.1508 1 3.56306e-11
8048 2 4.34194 30.3975 73.5827 1 6.57019e-11
8492 2 6.82204 30.3975 75.0146 1 2.89794e-10
8520 2 6.82204 30.3975 72.1508 1 4.86199e-11
8521 2 5.16864 28.0593 72.1508 1 5.09016e-11
8522 2 7.64875 28.0593 73.5827 1 8.25664e-11
8524 2 5.16864 28.0593 75.0146 1 2.63289e-10
8494 2 9.30215 30.3975 73.5827 1 6.57804e-11
9336 2 11.7823 30.3975 72.1508 1 6.73544e-11
9339 2 11.7823 30.3975 75.0146 1 9.87505e-11
9340 2 10.1289 28.0593 75.0146 1 2.17971e-10
9342 2 12.609 28.0593 73.5827 1 8.42751e-11
9373 2 10.1289 28.0593 72.1508 1 9.97766e-11
9337 2 14.2624 30.3975 73.5827 1 8.66193e-11
10540 2 16.7425 30.3975 75.0146 1 2.72523e-10
10569 2 16.7425 30.3975 72.1508 1 7.55849e-11
10570 2 15.0891 28.0593 72.1508 1 1.63648e-10
10573 2 15.0891 28.0593 75.0146 1 4.95737e-10
10542 2 19.2226 30.3975 73.5827 1 9.10132e-11
10571 2 17.5692 28.0593 73.5827 1 8.11659e-11
12156 2 20.0493 28.0593 75.0146 1 3.35976e-10
12189 2 20.0493 28.0593 72.1508 1 7.0238e-11
65 2 25.0095 28.0593 72.1508 1 3.73199e-11
68 2 25.0095 28.0593 75.0146 1 3.00478e-10
12152 2 21.7027 30.3975 72.1508 1 5.51878e-11
12153 2 24.1828 30.3975 73.5827 1 5.84189e-11
12155 2 21.7027 30.3975 75.0146 1 2.4053e-10
12158 2 22.5294 28.0593 73.5827 1 4.86217e-11
35 2 26.6629 30.3975 75.0146 1 2.45974e-10
37 2 29.143 30.3975 73.5827 1 6.67077e-11
64 2 26.6629 30.3975 72.1508 1 7.41711e-11
66 2 27.4896 28.0593 73.5827 1 5.79441e-11
11997 2 29.9697 28.0593 72.1508 1 5.26227e-11
12028 2 29.9697 28.0593 75.0146 1 3.27989e-10
12026 2 32.4498 28.0593 73.5827 1 1.11453e-10
12029 2 31.6231 30.3975 75.0146 1 4.00106e-10
12031 2 34.1032 30.3975 73.5827 1 8.74213e-11
12032 2 31.6231 30.3975 72.1508 1 9.15105e-11
7951 2 1.03513 32.7358 73.5827 1 8.04667e-11
8029 2 3.51523 32.7358 75.0146 1 2.44762e-10
8046 2 3.51523 32.7358 72.1508 1 7.97462e-11
8031 2 5.99534 32.7358 73.5827 1 1.17179e-10
8488 2 8.47545 32.7358 72.1508 1 9.15671e-11
8491 2 8.47545 32.7358 75.0146 1 3.48565e-10
8489 2 10.9556 32.7358 73.5827 1 1.02855e-10
9310 2 13.4357 32.7358 75.0146 1 3.78307e-10
9312 2 15.9158 32.7358 73.5827 1 1.05296e-10
9335 2 13.4357 32.7358 72.1508 1 1.79872e-10
10536 2 18.3959 32.7358 72.1508 1 1.32722e-10
10537 2 20.876 32.7358 73.5827 1 1.00244e-10
10539 2 18.3959 32.7358 75.0146 1 2.83466e-10
12126 2 23.3561 32.7358 75.0146 1 2.89037e-10
12128 2 25.8362 32.7358 73.5827 1 1.17193e-10
12151 2 23.3561 32.7358 72.1508 1 7.68415e-11
31 2 28.3163 32.7358 72.1508 1 7.01982e-11
34 2 28.3163 32.7358 75.0146 1 2.7032e-10
32 2 30.7964 32.7358 73.5827 1 1.26773e-10
12033 2 33.2765 32.7358 72.1508 1 9.96651e-11
12054 2 33.2765 32.7358 75.0146 1 3.0516e-10
12428 2 1.86181 2.33831 77.8784 1 1.81912e-09
12434 5 2.68852 4.58913e-05 79.3103 1 2.61461e-09
12493 2 2.68853 4.53278e-05 76.4465 1 3.03314e-10
12495 2 0.208408 4.44613e-05 77.8784 1 2.29126e-09
1917 2 6.82204 2.33831 77.8784 1 5.01649e-10
1918 2 5.16863 4.28859e-05 77.8784 1 3.87331e-10
1919 5 7.64874 4.58913e-05 79.3103 1 5.82701e-09
1921 2 7.64875 4.24531e-05 76.4465 1 9.31794e-10
12429 5 4.34193 2.33831 79.3103 1 1.6181e-09
12430 2 4.34193 2.33831 76.4465 1 1.55446e-10
464 5 9.30215 2.33831 79.3103 1 7.42199e-09
1913 2 9.30216 2.33831 76.4465 1 5.04711e-10
11701 2 10.1289 3.99484e-05 77.8784 1 1.05161e-08
11703 2 12.609 4.09374e-05 76.4465 1 7.49848e-10
11760 5 12.609 4.58913e-05 79.3103 1 1.71188e-08
11766 2 11.7823 2.33831 77.8784 1 3.42588e-09
10353 2 15.0891 4.01216e-05 77.8784 1 6.00818e-10
10354 2 16.7425 2.33831 77.8784 1 2.35847e-10
11764 2 14.2624 2.33831 76.4465 1 4.39312e-10
11765 5 14.2624 2.33831 79.3103 1 2.73154e-09
9265 2 20.0493 4.21102e-05 77.8784 1 3.09968e-10
10351 2 17.5692 4.2159e-05 76.4465 1 2.49663e-10
10352 5 17.5692 4.58913e-05 79.3103 1 1.42929e-09
10356 2 19.2226 2.33831 76.4465 1 1.13037e-10
10401 5 19.2226 2.33831 79.3103 1 7.9621e-10
8886 2 25.0095 4.26723e-05 77.8784 1 3.37821e-10
9267 2 22.5294 4.35928e-05 76.4465 1 2.20896e-10
9780 5 22.5294 4.58913e-05 79.3103 1 1.0527e-09
9784 2 24.1828 2.33831 76.4465 1 1.06916e-10
9785 5 24.1828 2.33831 79.3103 1 6.75083e-10
9786 2 21.7027 2.33831 77.8784 1 1.70261e-10
8269 2 29.9697 4.43417e-05 77.8784 1 3.51158e-10
8884 2 27.4896 4.51342e-05 76.4465 1 2.06512e-10
8885 5 27.4896 4.58913e-05 79.3103 1 1.25263e-09
8887 2 26.6629 2.33831 77.8784 1 2.07995e-10
8889 2 29.143 2.33832 76.4465 1 1.59199e-10
8910 5 29.143 2.33831 79.3103 1 1.22676e-09
8271 2 32.4498 4.59902e-05 76.4465 1 6.86856e-10
8280 5 32.4498 4.58913e-05 79.3103 1 5.57862e-09
8284 2 34.1032 2.33832 76.4465 1 7.0416e-10
8285 5 34.1032 2.33831 79.3103 1 1.1417e-08
8286 2 31.6231 2.33832 77.8784 1 5.88876e-10
10733 5 2.68852 7.01485 79.3103 1 2.2712e-09
10782 2 2.68853 7.01485 76.4465 1 2.40036e-10
10784 2 0.208409 7.01485 77.8784 1 2.1624e-09
10785 5 1.03512 4.67658 79.3103 1 4.04832e-09
10786 2 1.03512 4.67659 76.4465 1 2.4235e-10
12427 2 3.51523 4.67658 77.8784 1 4.22322e-10
447 2 8.47546 4.67658 77.8784 1 4.48838e-09
12360 2 5.16863 7.01485 77.8784 1 2.46285e-10
12361 5 7.64874 7.01485 79.3103 1 5.24413e-09
12362 2 7.64875 7.01485 76.4465 1 6.16573e-10
12366 5 5.99534 4.67658 79.3103 1 2.06158e-09
12425 2 5.99534 4.67658 76.4465 1 3.17193e-10
266 5 12.609 7.01485 79.3103 1 1.65588e-08
437 2 12.609 7.01485 76.4465 1 6.24407e-10
444 2 10.1289 7.01485 77.8784 1 1.04846e-08
449 5 10.9556 4.67658 79.3103 1 3.00651e-08
452 2 10.9556 4.67658 76.4465 1 9.96849e-10
11767 2 13.4357 4.67658 77.8784 1 5.47376e-10
11769 2 15.9158 4.67658 76.4465 1 1.63921e-10
11826 5 15.9158 4.67658 79.3103 1 1.25177e-09
11832 2 15.0891 7.01485 77.8784 1 4.0791e-10
10405 2 20.876 4.67658 76.4465 1 9.15602e-11
10406 5 20.876 4.67658 79.3103 1 6.36422e-10
10407 2 18.3959 4.67658 77.8784 1 1.93648e-10
10408 2 20.0493 7.01485 77.8784 1 1.73183e-10
11830 2 17.5692 7.01485 76.4465 1 1.32889e-10
11831 5 17.5692 7.01485 79.3103 1 9.98759e-10
9787 2 23.3561 4.67658 77.8784 1 1.8985e-10
9789 2 25.8362 4.67658 76.4465 1 1.16074e-10
9858 5 25.8362 4.67658 79.3103 1 6.97796e-10
9864 2 25.0095 7.01485 77.8784 1 1.82843e-10
10410 2 22.5294 7.01485 76.4465 1 1.2007e-10
10453 5 22.5294 7.01485 79.3103 1 6.8589e-10
8916 2 28.3163 4.67658 77.8784 1 2.13984e-10
8917 2 29.9697 7.01485 77.8784 1 2.65857e-10
9862 2 27.4896 7.01485 76.4465 1 1.53422e-10
9863 5 27.4896 7.01485 79.3103 1 9.41546e-10
8287 2 33.2765 4.67659 77.8784 1 2.11771e-09
8914 2 30.7964 4.67659 76.4465 1 3.42268e-10
8915 5 30.7964 4.67658 79.3103 1 2.22221e-09
8919 2 32.4498 7.01486 76.4465 1 5.40746e-10
8938 5 32.4498 7.01485 79.3103 1 5.2702e-09
9473 5 1.03512 11.6914 79.3103 1 6.1456e-09
9474 2 1.03512 11.6914 76.4465 1 6.05697e-10
10726 2 3.51523 11.6914 77.8784 1 3.60744e-09
10727 2 1.86182 9.35312 77.8784 1 2.44929e-09
10676 5 5.99534 11.6914 79.3103 1 4.21298e-09
10724 2 5.99534 11.6914 76.4465 1 7.9832e-10
10728 5 4.34193 9.35312 79.3103 1 2.44274e-09
10729 2 4.34193 9.35312 76.4465 1 3.32369e-10
12298 2 8.47546 11.6914 77.8784 1 8.56354e-09
12359 2 6.82204 9.35313 77.8784 1 8.4316e-10
247 2 11.7823 9.35312 77.8784 1 4.02183e-09
12299 5 10.9556 11.6914 79.3103 1 3.27672e-08
12300 2 10.9556 11.6914 76.4465 1 1.58773e-09
12304 5 9.30215 9.35312 79.3103 1 8.56779e-09
12357 2 9.30216 9.35312 76.4465 1 6.98566e-10
171 5 15.9158 11.6914 79.3103 1 3.53042e-09
239 2 15.9158 11.6914 76.4465 1 9.55505e-10
245 2 13.4357 11.6914 77.8784 1 2.87777e-09
249 5 14.2624 9.35312 79.3103 1 3.52286e-09
253 2 14.2624 9.35312 76.4465 1 6.12648e-10
11833 2 16.7425 9.35312 77.8784 1 5.18142e-10
11835 2 19.2226 9.35312 76.4465 1 2.39759e-10
11886 5 19.2226 9.35312 79.3103 1 1.45304e-09
11890 2 20.876 11.6914 76.4465 1 7.28335e-10
11891 5 20.876 11.6914 79.3103 1 2.71409e-09
11892 2 18.3959 11.6914 77.8784 1 3.44017e-09
10457 2 24.1828 9.35312 76.4465 1 2.81026e-10
10458 5 24.1828 9.35312 79.3103 1 1.30053e-09
10459 2 21.7027 9.35312 77.8784 1 5.41555e-10
10460 2 23.3561 11.6914 77.8784 1 3.7027e-09
10462 2 25.8362 11.6914 76.4465 1 6.17585e-10
10497 5 25.8362 11.6914 79.3103 1 2.64449e-09
9865 2 26.6629 9.35312 77.8784 1 5.21299e-10
9867 2 29.143 9.35313 76.4465 1 3.20879e-10
9900 5 29.143 9.35312 79.3103 1 1.83367e-09
9906 2 28.3163 11.6914 77.8784 1 3.4924e-09
8942 2 34.1032 9.35313 76.4465 1 9.11772e-10
8943 5 34.1032 9.35312 79.3103 1 1.18764e-08
8944 2 31.6231 9.35313 77.8784 1 8.6894e-10
8945 2 33.2765 11.6914 77.8784 1 6.40635e-09
9904 2 30.7964 11.6914 76.4465 1 7.96681e-10
9905 5 30.7964 11.6914 79.3103 1 4.07105e-09
9427 2 1.86181 16.3679 77.8784 1 1.01175e-08
9433 5 2.68852 14.0297 79.3103 1 3.06399e-08
9470 2 2.68853 14.0297 76.4465 1 1.49364e-09
9472 2 0.208411 14.0297 77.8784 1 9.179e-09
9428 5 4.34193 16.3679 79.3103 1 2.8057e-08
9429 2 4.34193 16.3679 76.4465 1 1.51141e-09
10669 2 6.82204 16.3679 77.8784 1 1.05817e-08
10670 2 5.16864 14.0297 77.8784 1 8.97332e-09
10671 5 7.64874 14.0297 79.3103 1 3.40972e-08
10672 2 7.64875 14.0297 76.4465 1 2.14837e-09
10626 5 9.30215 16.3679 79.3103 1 3.26239e-08
10667 2 9.30216 16.3679 76.4465 1 1.79348e-09
12244 2 11.7823 16.3679 77.8784 1 9.62016e-09
12250 5 12.609 14.0297 79.3103 1 4.71596e-08
12295 2 12.609 14.0297 76.4465 1 2.3953e-09
12297 2 10.1289 14.0297 77.8784 1 1.91775e-08
164 2 16.7425 16.3679 77.8784 1 8.93908e-09
165 2 15.0891 14.0297 77.8784 1 1.08376e-08
12245 5 14.2624 16.3679 79.3103 1 2.77578e-08
12246 2 14.2624 16.3679 76.4465 1 1.50137e-09
121 5 19.2226 16.3679 79.3103 1 2.6861e-08
162 2 19.2226 16.3679 76.4465 1 1.35211e-09
166 5 17.5692 14.0297 79.3103 1 3.11092e-08
167 2 17.5692 14.0297 76.4465 1 1.82516e-09
11893 2 20.0493 14.0297 77.8784 1 9.42362e-09
10503 2 25.0095 14.0297 77.8784 1 9.45275e-09
11895 2 22.5294 14.0297 76.4465 1 1.66972e-09
11938 5 22.5294 14.0297 79.3103 1 3.0007e-08
11942 2 24.1828 16.3679 76.4465 1 1.46857e-09
11943 5 24.1828 16.3679 79.3103 1 2.71634e-08
11944 2 21.7027 16.3679 77.8784 1 9.04423e-09
9907 2 29.9697 14.0297 77.8784 1 9.15028e-09
10501 2 27.4896 14.0297 76.4465 1 1.52923e-09
10502 5 27.4896 14.0297 79.3103 1 2.94931e-08
10504 2 26.6629 16.3679 77.8784 1 9.32577e-09
11037 2 29.143 16.3679 76.4465 1 1.6028e-09
11148 5 29.143 16.3679 79.3103 1 2.83071e-08
9909 2 32.4498 14.0297 76.4465 1 1.76989e-09
9928 5 32.4498 14.0297 79.3103 1 3.28037e-08
9932 2 34.1032 16.3679 76.4465 1 2.22383e-09
9933 5 34.1032 16.3679 79.3103 1 3.83468e-08
9934 2 31.6231 16.3679 77.8784 1 1.1099e-08
8535 5 2.68852 21.0445 79.3103 1 3.01086e-08
8560 2 2.68853 21.0445 76.4465 1 1.49135e-09
8562 2 0.208411 21.0445 77.8784 1 8.80481e-09
8563 5 1.03512 18.7062 79.3103 1 7.35508e-09
8564 2 1.03512 18.7062 76.4465 1 7.25379e-10
9426 2 3.51523 18.7062 77.8784 1 6.31373e-09
9382 2 5.16864 21.0445 77.8784 1 8.5877e-09
9383 5 7.64874 21.0445 79.3103 1 3.36072e-08
9384 2 7.64875 21.0445 76.4465 1 2.31148e-09
9388 5 5.99534 18.7062 79.3103 1 5.73116e-09
9424 2 5.99534 18.7062 76.4465 1 1.11362e-09
10620 2 8.47546 18.7062 77.8784 1 1.2846e-08
10584 5 12.609 21.0445 79.3103 1 4.62244e-08
10617 2 12.609 21.0445 76.4465 1 2.29728e-09
10619 2 10.1289 21.0445 77.8784 1 1.88509e-08
10621 5 10.9556 18.7062 79.3103 1 3.42303e-08
10622 2 10.9556 18.7062 76.4465 1 1.36791e-09
12198 2 15.0891 21.0445 77.8784 1 1.04409e-08
12204 5 15.9158 18.7062 79.3103 1 4.97528e-09
12241 2 15.9158 18.7062 76.4465 1 1.00419e-09
12243 2 13.4357 18.7062 77.8784 1 5.17954e-09
114 2 20.0493 21.0445 77.8784 1 9.03001e-09
115 2 18.3959 18.7062 77.8784 1 5.91565e-09
116 5 20.876 18.7062 79.3103 1 4.19305e-09
117 2 20.876 18.7062 76.4465 1 8.51944e-10
12199 5 17.5692 21.0445 79.3103 1 3.03421e-08
12200 2 17.5692 21.0445 76.4465 1 1.76541e-09
79 5 22.5294 21.0445 79.3103 1 2.93246e-08
112 2 22.5294 21.0445 76.4465 1 1.63789e-09
11945 2 23.3561 18.7062 77.8784 1 6.15487e-09
11947 2 25.8362 18.7062 76.4465 1 8.43375e-10
11982 5 25.8362 18.7062 79.3103 1 4.18847e-09
11988 2 25.0095 21.0445 77.8784 1 9.05324e-09
11154 2 28.3163 18.7062 77.8784 1 5.76779e-09
11155 2 29.9697 21.0445 77.8784 1 8.73726e-09
11986 2 27.4896 21.0445 76.4465 1 1.50364e-09
11987 5 27.4896 21.0445 79.3103 1 2.88991e-08
9935 2 33.2765 18.7062 77.8784 1 9.91779e-09
11152 2 30.7964 18.7062 76.4465 1 1.16046e-09
11153 5 30.7964 18.7062 79.3103 1 5.71669e-09
11187 2 32.4498 21.0445 76.4465 1 1.87267e-09
11206 5 32.4498 21.0445 79.3103 1 3.24331e-08
8055 5 1.03512 25.721 79.3103 1 7.33642e-09
8056 2 1.03512 25.721 76.4465 1 7.23687e-10
8528 2 3.51523 25.721 77.8784 1 6.28293e-09
8529 2 1.86181 23.3827 77.8784 1 1.01341e-08
8502 5 5.99534 25.721 79.3103 1 5.70109e-09
8526 2 5.99534 25.721 76.4465 1 1.11479e-09
8530 5 4.34193 23.3827 79.3103 1 2.9365e-08
8531 2 4.34193 23.3827 76.4465 1 1.59206e-09
9344 2 8.47546 25.721 77.8784 1 1.27971e-08
9381 2 6.82204 23.3827 77.8784 1 1.05395e-08
9345 5 10.9556 25.721 79.3103 1 3.39476e-08
9346 2 10.9556 25.721 76.4465 1 1.3374e-09
9350 5 9.30215 23.3827 79.3103 1 3.38947e-08
9379 2 9.30216 23.3827 76.4465 1 1.85024e-09
10578 2 11.7823 23.3827 77.8784 1 9.63446e-09
10550 5 15.9158 25.721 79.3103 1 4.84897e-09
10575 2 15.9158 25.721 76.4465 1 9.87441e-10
10577 2 13.4357 25.721 77.8784 1 5.17985e-09
10579 5 14.2624 23.3827 79.3103 1 2.89083e-08
10580 2 14.2624 23.3827 76.4465 1 1.54655e-09
12197 2 16.7425 23.3827 77.8784 1 8.87198e-09
12160 2 18.3959 25.721 77.8784 1 5.88532e-09
12161 5 20.876 25.721 79.3103 1 4.13364e-09
12162 2 20.876 25.721 76.4465 1 8.46822e-10
12166 5 19.2226 23.3827 79.3103 1 2.80912e-08
12195 2 19.2226 23.3827 76.4465 1 1.41864e-09
45 5 25.8362 25.721 79.3103 1 4.17788e-09
70 2 25.8362 25.721 76.4465 1 8.47503e-10
72 2 23.3561 25.721 77.8784 1 6.11931e-09
73 2 21.7027 23.3827 77.8784 1 8.99251e-09
74 5 24.1828 23.3827 79.3103 1 2.84477e-08
75 2 24.1828 23.3827 76.4465 1 1.55087e-09
11989 2 26.6629 23.3827 77.8784 1 9.26619e-09
11991 2 29.143 23.3827 76.4465 1 1.70832e-09
12018 5 29.143 23.3827 79.3103 1 2.96582e-08
12024 2 28.3163 25.721 77.8784 1 5.72474e-09
11210 2 34.1032 23.3827 76.4465 1 2.33785e-09
11211 5 34.1032 23.3827 79.3103 1 3.98076e-08
11212 2 31.6231 23.3827 77.8784 1 1.1031e-08
11213 2 33.2765 25.721 77.8784 1 9.83694e-09
12022 2 30.7964 25.721 76.4465 1 1.17411e-09
12023 5 30.7964 25.721 79.3103 1 5.78052e-09
8033 2 1.86181 30.3975 77.8784 1 1.05997e-08
8039 5 2.68852 28.0593 79.3103 1 2.87525e-08
8052 2 2.68853 28.0593 76.4465 1 1.38005e-09
8054 2 0.208411 28.0593 77.8784 1 8.76334e-09
8034 5 4.34193 30.3975 79.3103 1 2.96185e-08
8035 2 4.34193 30.3975 76.4465 1 1.62515e-09
8495 2 6.82204 30.3975 77.8784 1 1.09542e-08
8496 2 5.16864 28.0593 77.8784 1 8.60012e-09
8497 5 7.64874 28.0593 79.3103 1 3.21868e-08
8498 2 7.64875 28.0593 76.4465 1 2.16928e-09
8476 5 9.30215 30.3975 79.3103 1 3.38308e-08
8493 2 9.30216 30.3975 76.4465 1 1.83711e-09
9314 2 11.7823 30.3975 77.8784 1 1.01296e-08
9320 5 12.609 28.0593 79.3103 1 4.46334e-08
9341 2 12.609 28.0593 76.4465 1 2.11903e-09
9343 2 10.1289 28.0593 77.8784 1 1.87556e-08
9315 5 14.2624 30.3975 79.3103 1 2.9003e-08
9316 2 14.2624 30.3975 76.4465 1 1.52905e-09
10543 2 16.7425 30.3975 77.8784 1 9.26431e-09
10544 2 15.0891 28.0593 77.8784 1 1.04715e-08
10524 5 19.2226 30.3975 79.3103 1 2.83223e-08
10541 2 19.2226 30.3975 76.4465 1 1.44744e-09
10545 5 17.5692 28.0593 79.3103 1 2.89035e-08
10546 2 17.5692 28.0593 76.4465 1 1.61164e-09
12159 2 20.0493 28.0593 77.8784 1 9.05927e-09
39 2 25.0095 28.0593 77.8784 1 9.07241e-09
12130 2 21.7027 30.3975 77.8784 1 9.37665e-09
12131 5 24.1828 30.3975 79.3103 1 2.87503e-08
12132 2 24.1828 30.3975 76.4465 1 1.56376e-09
12136 5 22.5294 28.0593 79.3103 1 2.79392e-08
12157 2 22.5294 28.0593 76.4465 1 1.49746e-09
19 5 29.143 30.3975 79.3103 1 3.00534e-08
36 2 29.143 30.3975 76.4465 1 1.75466e-09
38 2 26.6629 30.3975 77.8784 1 9.65733e-09
40 5 27.4896 28.0593 79.3103 1 2.75654e-08
41 2 27.4896 28.0593 76.4465 1 1.37829e-09
12025 2 29.9697 28.0593 77.8784 1 8.78148e-09
12027 2 32.4498 28.0593 76.4465 1 1.76475e-09
12046 5 32.4498 28.0593 79.3103 1 3.11732e-08
12050 2 34.1032 30.3975 76.4465 1 2.37693e-09
12051 5 34.1032 30.3975 79.3103 1 4.04569e-08
12052 2 31.6231 30.3975 77.8784 1 1.14094e-08
7949 5 1.03512 32.7358 79.3103 1 5.8327e-09
7950 2 1.03512 32.7358 76.4465 1 7.35711e-10
8032 2 3.51523 32.7358 77.8784 1 3.94758e-09
8018 5 5.99534 32.7358 79.3103 1 4.20771e-09
8030 2 5.99534 32.7358 76.4465 1 1.03174e-09
8470 2 8.47546 32.7358 77.8784 1 1.00374e-08
8471 5 10.9556 32.7358 79.3103 1 3.22647e-08
8472 2 10.9556 32.7358 76.4465 1 1.22128e-09
9298 5 15.9158 32.7358 79.3103 1 3.31615e-09
9311 2 15.9158 32.7358 76.4465 1 6.2618e-10
9313 2 13.4357 32.7358 77.8784 1 3.47655e-09
10518 2 18.3959 32.7358 77.8784 1 3.40876e-09
10519 5 20.876 32.7358 79.3103 1 2.6313e-09
10520 2 20.876 32.7358 76.4465 1 6.03917e-10
12114 5 25.8362 32.7358 79.3103 1 2.70785e-09
12127 2 25.8362 32.7358 76.4465 1 7.02504e-10
12129 2 23.3561 32.7358 77.8784 1 3.44047e-09
13 2 28.3163 32.7358 77.8784 1 3.16781e-09
14 5 30.7964 32.7358 79.3103 1 4.30464e-09
15 2 30.7964 32.7358 76.4465 1 1.063e-09
12053 2 33.2765 32.7358 77.8784 1 6.69853e-09
12368 5 1.86182 2.33831 83.606 1 1.16052e-08
12431 5 1.86182 2.33831 80.7422 1 1.94353e-09
12432 5 0.208415 4.58913e-05 80.7422 1 4.96435e-09
12433 5 2.68852 4.58913e-05 82.1741 1 6.96168e-10
12435 5 0.208415 4.58913e-05 83.606 1 1.45594e-08
460 5 6.82204 2.33831 80.7422 1 4.20517e-10
468 5 6.82204 2.33831 83.606 1 1.01999e-08
471 5 5.16863 4.58913e-05 83.606 1 1.06242e-08
475 5 7.64874 4.58913e-05 82.1741 1 5.42417e-09
1922 5 5.16863 4.58913e-05 80.7422 1 8.78435e-10
12370 5 4.34193 2.33831 82.1741 1 9.99133e-11
461 5 9.30215 2.33831 82.1741 1 1.20999e-08
11759 5 10.1288 4.58913e-05 83.606 1 1.14124e-07
11761 5 12.609 4.58913e-05 82.1741 1 2.03242e-08
11762 5 10.1288 4.58913e-05 80.7422 1 1.09273e-07
11763 5 11.7823 2.33831 80.7422 1 1.62482e-08
11824 5 11.7823 2.33831 83.606 1 2.50999e-08
10350 5 15.0891 4.58913e-05 80.7422 1 5.37949e-10
10399 5 15.0891 4.58913e-05 83.606 1 1.03242e-08
10400 5 16.7425 2.33831 83.606 1 1.00999e-08
10403 5 16.7425 2.33831 80.7422 1 2.40333e-10
11822 5 14.2624 2.33831 82.1741 1 9.99133e-11
9779 5 20.0493 4.58913e-05 83.606 1 1.03242e-08
9782 5 20.0493 4.58913e-05 80.7422 1 4.32451e-10
10397 5 17.5692 4.58913e-05 82.1741 1 3.24168e-10
10402 5 19.2226 2.33831 82.1741 1 9.99133e-11
8883 5 25.0095 4.58913e-05 80.7422 1 4.22708e-10
8908 5 25.0095 4.58913e-05 83.606 1 1.03242e-08
9781 5 22.5294 4.58913e-05 82.1741 1 3.24168e-10
9783 5 21.7027 2.33831 80.7422 1 1.87043e-10
9843 5 24.1828 2.33831 82.1741 1 9.99133e-11
9856 5 21.7027 2.33831 83.606 1 1.00999e-08
8279 5 29.9697 4.58913e-05 83.606 1 1.03242e-08
8282 5 29.9697 4.58913e-05 80.7422 1 4.86442e-10
8906 5 27.4896 4.58913e-05 82.1741 1 3.24168e-10
8909 5 26.6629 2.33831 83.606 1 1.00999e-08
8911 5 29.143 2.33831 82.1741 1 9.99133e-11
8912 5 26.6629 2.33831 80.7422 1 2.00361e-10
8281 5 32.4498 4.58913e-05 82.1741 1 2.51592e-09
8283 5 31.6231 2.33831 80.7422 1 3.69739e-10
8294 5 34.1032 2.33831 82.1741 1 6.42178e-09
8296 5 31.6231 2.33831 83.606 1 1.00999e-08
10731 5 0.208415 7.01485 80.7422 1 4.66718e-09
10732 5 2.68852 7.01485 82.1741 1 3.72e-10
10734 5 0.208415 7.01485 83.606 1 1.42352e-08
10736 5 1.03512 4.67658 82.1741 1 2.87796e-09
12364 5 3.51523 4.67658 80.7422 1 5.24052e-10
12367 5 3.51523 4.67658 83.606 1 1.03e-08
272 5 8.47544 4.67658 83.606 1 1.9e-08
457 5 8.47544 4.67658 80.7422 1 9.91163e-09
12306 5 5.16863 7.01485 83.606 1 1.03e-08
12308 5 7.64874 7.01485 82.1741 1 5.1e-09
12363 5 5.16863 7.01485 80.7422 1 5.68659e-10
12365 5 5.99534 4.67658 82.1741 1 5e-10
258 5 10.1288 7.01485 80.7422 1 1.08982e-07
261 5 12.609 7.01485 82.1741 1 2e-08
269 5 10.1288 7.01485 83.606 1 1.138e-07
278 5 10.9556 4.67658 82.1741 1 2.97e-08
11825 5 13.4357 4.67658 83.606 1 1e-08
11827 5 15.9158 4.67658 82.1741 1 2.52435e-29
11828 5 13.4357 4.67658 80.7422 1 3.01776e-10
11829 5 15.0891 7.01485 80.7422 1 1.86458e-10
11884 5 15.0891 7.01485 83.606 1 1e-08
10404 5 18.3959 4.67658 80.7422 1 1.17929e-10
10449 5 20.876 4.67658 82.1741 1 0
10451 5 18.3959 4.67658 83.606 1 1e-08
10452 5 20.0493 7.01485 83.606 1 1e-08
10455 5 20.0493 7.01485 80.7422 1 1.03288e-10
11882 5 17.5692 7.01485 82.1741 1 3.78653e-29
9857 5 23.3561 4.67658 83.606 1 1e-08
9859 5 25.8362 4.67658 82.1741 1 0
9860 5 23.3561 4.67658 80.7422 1 9.96015e-11
9861 5 25.0095 7.01485 80.7422 1 1.02558e-10
9898 5 25.0095 7.01485 83.606 1 1e-08
10454 5 22.5294 7.01485 82.1741 1 3.78653e-29
8913 5 28.3163 4.67658 80.7422 1 1.41767e-10
8936 5 28.3163 4.67658 83.606 1 1e-08
8937 5 29.9697 7.01485 83.606 1 1e-08
8940 5 29.9697 7.01485 80.7422 1 1.869e-10
9896 5 27.4896 7.01485 82.1741 1 3.78653e-29
8297 5 33.2765 4.67658 83.606 1 1.38493e-08
8298 5 33.2765 4.67658 80.7422 1 4.71755e-09
8934 5 30.7964 4.67658 82.1741 1 2.52435e-28
8939 5 32.4498 7.01485 82.1741 1 2.19175e-09
9436 5 1.03512 11.6914 82.1741 1 4.07796e-09
10674 5 3.51523 11.6914 80.7422 1 1.96931e-09
10677 5 3.51523 11.6914 83.606 1 1.15e-08
10678 5 1.86182 9.35312 83.606 1 1.18053e-08
10730 5 1.86182 9.35312 80.7422 1 2.25962e-09
10675 5 5.99534 11.6914 82.1741 1 1.7e-09
10680 5 4.34193 9.35312 82.1741 1 3e-10
12252 5 8.47544 11.6914 83.606 1 2.02e-08
12301 5 8.47544 11.6914 80.7422 1 1.12981e-08
12302 5 6.82204 9.35312 80.7422 1 7.17337e-10
12305 5 6.82204 9.35312 83.606 1 1.04e-08
173 5 11.7823 9.35312 83.606 1 2.53e-08
256 5 11.7823 9.35312 80.7422 1 1.65633e-08
12254 5 10.9556 11.6914 82.1741 1 3.09e-08
12303 5 9.30215 9.35312 82.1741 1 1.23e-08
169 5 13.4357 11.6914 80.7422 1 1.80934e-09
170 5 15.9158 11.6914 82.1741 1 1.2e-09
172 5 13.4357 11.6914 83.606 1 1.12e-08
175 5 14.2624 9.35312 82.1741 1 3e-10
11885 5 16.7425 9.35312 83.606 1 1.03e-08
11888 5 16.7425 9.35312 80.7422 1 5.00815e-10
11887 5 19.2226 9.35312 82.1741 1 3e-10
11889 5 18.3959 11.6914 80.7422 1 1.53758e-09
11934 5 20.876 11.6914 82.1741 1 1.2e-09
11936 5 18.3959 11.6914 83.606 1 1.12e-08
10456 5 21.7027 9.35312 80.7422 1 4.50308e-10
10493 5 24.1828 9.35312 82.1741 1 3e-10
10495 5 21.7027 9.35312 83.606 1 1.03e-08
10496 5 23.3561 11.6914 83.606 1 1.12e-08
10498 5 25.8362 11.6914 82.1741 1 1.2e-09
10499 5 23.3561 11.6914 80.7422 1 1.48297e-09
9899 5 26.6629 9.35312 83.606 1 1.03e-08
9901 5 29.143 9.35312 82.1741 1 3e-10
9902 5 26.6629 9.35312 80.7422 1 4.64688e-10
9903 5 28.3163 11.6914 80.7422 1 1.46938e-09
9926 5 28.3163 11.6914 83.606 1 1.12e-08
8941 5 31.6231 9.35312 80.7422 1 6.4401e-10
8954 5 34.1032 9.35312 82.1741 1 6.62187e-09
8956 5 31.6231 9.35312 83.606 1 1.03e-08
8957 5 33.2765 11.6914 83.606 1 1.50493e-08
8958 5 33.2765 11.6914 80.7422 1 6.01818e-09
9924 5 30.7964 11.6914 82.1741 1 1.2e-09
9390 5 1.86182 16.3679 83.606 1 4.15053e-08
9430 5 1.86182 16.3679 80.7422 1 3.31824e-08
9431 5 0.208415 14.0297 80.7422 1 3.61802e-08
9432 5 2.68852 14.0297 82.1741 1 3.0372e-08
9434 5 0.208415 14.0297 83.606 1 4.42352e-08
9392 5 4.34193 16.3679 82.1741 1 3e-08
10624 5 6.82204 16.3679 80.7422 1 3.16873e-08
10627 5 6.82204 16.3679 83.606 1 4.01e-08
10628 5 5.16863 14.0297 83.606 1 4.03e-08
10630 5 7.64874 14.0297 82.1741 1 3.51e-08
10673 5 5.16863 14.0297 80.7422 1 3.23362e-08
10625 5 9.30215 16.3679 82.1741 1 4.2e-08
12206 5 11.7823 16.3679 83.606 1 5.5e-08
12247 5 11.7823 16.3679 80.7422 1 4.72362e-08
12248 5 10.1288 14.0297 80.7422 1 1.41171e-07
12249 5 12.609 14.0297 82.1741 1 5e-08
12251 5 10.1288 14.0297 83.606 1 1.438e-07
119 5 16.7425 16.3679 80.7422 1 3.14612e-08
122 5 16.7425 16.3679 83.606 1 4e-08
123 5 15.0891 14.0297 83.606 1 4e-08
168 5 15.0891 14.0297 80.7422 1 3.22162e-08
12208 5 14.2624 16.3679 82.1741 1 3e-08
120 5 19.2226 16.3679 82.1741 1 3e-08
125 5 17.5692 14.0297 82.1741 1 3e-08
11937 5 20.0493 14.0297 83.606 1 4e-08
11940 5 20.0493 14.0297 80.7422 1 3.19852e-08
10500 5 25.0095 14.0297 80.7422 1 3.19524e-08
11146 5 25.0095 14.0297 83.606 1 4e-08
11939 5 22.5294 14.0297 82.1741 1 3e-08
11941 5 21.7027 16.3679 80.7422 1 3.14681e-08
11978 5 24.1828 16.3679 82.1741 1 3e-08
11980 5 21.7027 16.3679 83.606 1 4e-08
9927 5 29.9697 14.0297 83.606 1 4e-08
9930 5 29.9697 14.0297 80.7422 1 3.1914e-08
11144 5 27.4896 14.0297 82.1741 1 3e-08
11147 5 26.6629 16.3679 83.606 1 4e-08
11149 5 29.143 16.3679 82.1741 1 3e-08
11150 5 26.6629 16.3679 80.7422 1 3.15105e-08
9929 5 32.4498 14.0297 82.1741 1 3.21917e-08
9931 5 31.6231 16.3679 80.7422 1 3.17673e-08
9944 5 34.1032 16.3679 82.1741 1 3.63219e-08
9946 5 31.6231 16.3679 83.606 1 4e-08
8533 5 0.208415 21.0445 80.7422 1 3.59999e-08
8534 5 2.68852 21.0445 82.1741 1 3.0372e-08
8536 5 0.208415 21.0445 83.606 1 4.42352e-08
8538 5 1.03512 18.7062 82.1741 1 2.87796e-09
9386 5 3.51523 18.7062 80.7422 1 8.69121e-10
9389 5 3.51523 18.7062 83.606 1 1.03e-08
9352 5 5.16863 21.0445 83.606 1 4.03e-08
9354 5 7.64874 21.0445 82.1741 1 3.51e-08
9385 5 5.16863 21.0445 80.7422 1 3.21557e-08
9387 5 5.99534 18.7062 82.1741 1 5e-10
10586 5 8.47544 18.7062 83.606 1 1.9e-08
10623 5 8.47544 18.7062 80.7422 1 1.03437e-08
10582 5 10.1288 21.0445 80.7422 1 1.41012e-07
10583 5 12.609 21.0445 82.1741 1 5e-08
10585 5 10.1288 21.0445 83.606 1 1.438e-07
10588 5 10.9556 18.7062 82.1741 1 2.97e-08
12168 5 15.0891 21.0445 83.606 1 4e-08
12201 5 15.0891 21.0445 80.7422 1 3.20157e-08
12202 5 13.4357 18.7062 80.7422 1 6.17745e-10
12203 5 15.9158 18.7062 82.1741 1 2.52435e-29
12205 5 13.4357 18.7062 83.606 1 1e-08
77 5 20.0493 21.0445 80.7422 1 3.17965e-08
80 5 20.0493 21.0445 83.606 1 4e-08
81 5 18.3959 18.7062 83.606 1 1e-08
83 5 20.876 18.7062 82.1741 1 0
118 5 18.3959 18.7062 80.7422 1 3.82604e-10
12170 5 17.5692 21.0445 82.1741 1 3e-08
78 5 22.5294 21.0445 82.1741 1 3e-08
11981 5 23.3561 18.7062 83.606 1 1e-08
11983 5 25.8362 18.7062 82.1741 1 0
11984 5 23.3561 18.7062 80.7422 1 3.56128e-10
11985 5 25.0095 21.0445 80.7422 1 3.1769e-08
12016 5 25.0095 21.0445 83.606 1 4e-08
11151 5 28.3163 18.7062 80.7422 1 3.75595e-10
11204 5 28.3163 18.7062 83.606 1 1e-08
11205 5 29.9697 21.0445 83.606 1 4e-08
11208 5 29.9697 21.0445 80.7422 1 3.17417e-08
12014 5 27.4896 21.0445 82.1741 1 3e-08
9947 5 33.2765 18.7062 83.606 1 1.38493e-08
9948 5 33.2765 18.7062 80.7422 1 5.05054e-09
11202 5 30.7964 18.7062 82.1741 1 2.52435e-28
11207 5 32.4498 21.0445 82.1741 1 3.21917e-08
8042 5 1.03512 25.721 82.1741 1 2.87796e-09
8500 5 3.51523 25.721 80.7422 1 8.66367e-10
8503 5 3.51523 25.721 83.606 1 1.03e-08
8504 5 1.86182 23.3827 83.606 1 4.15053e-08
8532 5 1.86182 23.3827 80.7422 1 3.33752e-08
8501 5 5.99534 25.721 82.1741 1 5e-10
8506 5 4.34193 23.3827 82.1741 1 3e-08
9322 5 8.47544 25.721 83.606 1 1.9e-08
9347 5 8.47544 25.721 80.7422 1 1.03493e-08
9348 5 6.82204 23.3827 80.7422 1 3.18832e-08
9351 5 6.82204 23.3827 83.606 1 4.01e-08
9324 5 10.9556 25.721 82.1741 1 2.97e-08
9349 5 9.30215 23.3827 82.1741 1 4.2e-08
10552 5 11.7823 23.3827 83.606 1 5.5e-08
10581 5 11.7823 23.3827 80.7422 1 4.73897e-08
10548 5 13.4357 25.721 80.7422 1 5.9427e-10
10549 5 15.9158 25.721 82.1741 1 2.52435e-29
10551 5 13.4357 25.721 83.606 1 1e-08
10554 5 14.2624 23.3827 82.1741 1 3e-08
12164 5 16.7425 23.3827 80.7422 1 3.16325e-08
12167 5 16.7425 23.3827 83.606 1 4e-08
12138 5 18.3959 25.721 83.606 1 1e-08
12140 5 20.876 25.721 82.1741 1 0
12163 5 18.3959 25.721 80.7422 1 3.72965e-10
12165 5 19.2226 23.3827 82.1741 1 3e-08
43 5 23.3561 25.721 80.7422 1 3.52757e-10
44 5 25.8362 25.721 82.1741 1 0
46 5 23.3561 25.721 83.606 1 1e-08
47 5 21.7027 23.3827 83.606 1 4e-08
49 5 24.1828 23.3827 82.1741 1 3e-08
76 5 21.7027 23.3827 80.7422 1 3.16502e-08
12017 5 26.6629 23.3827 83.606 1 4e-08
12019 5 29.143 23.3827 82.1741 1 3e-08
12020 5 26.6629 23.3827 80.7422 1 3.16999e-08
12021 5 28.3163 25.721 80.7422 1 3.80197e-10
12044 5 28.3163 25.721 83.606 1 1e-08
11209 5 31.6231 23.3827 80.7422 1 3.19734e-08
11244 5 34.1032 23.3827 82.1741 1 3.63219e-08
11246 5 31.6231 23.3827 83.606 1 4e-08
11247 5 33.2765 25.721 83.606 1 1.38493e-08
11248 5 33.2765 25.721 80.7422 1 5.07152e-09
12042 5 30.7964 25.721 82.1741 1 2.52435e-28
8020 5 1.86182 30.3975 83.606 1 4.15053e-08
8036 5 1.86182 30.3975 80.7422 1 3.35551e-08
8037 5 0.208415 28.0593 80.7422 1 3.57903e-08
8038 5 2.68852 28.0593 82.1741 1 3.0372e-08
8040 5 0.208415 28.0593 83.606 1 4.42352e-08
8022 5 4.34193 30.3975 82.1741 1 3e-08
8474 5 6.82204 30.3975 80.7422 1 3.20675e-08
8477 5 6.82204 30.3975 83.606 1 4.01e-08
8478 5 5.16863 28.0593 83.606 1 4.03e-08
8480 5 7.64874 28.0593 82.1741 1 3.51e-08
8499 5 5.16863 28.0593 80.7422 1 3.19486e-08
8475 5 9.30215 30.3975 82.1741 1 4.2e-08
9300 5 11.7823 30.3975 83.606 1 5.5e-08
9317 5 11.7823 30.3975 80.7422 1 4.75398e-08
9318 5 10.1288 28.0593 80.7422 1 1.40813e-07
9319 5 12.609 28.0593 82.1741 1 5e-08
9321 5 10.1288 28.0593 83.606 1 1.438e-07
9302 5 14.2624 30.3975 82.1741 1 3e-08
10522 5 16.7425 30.3975 80.7422 1 3.18044e-08
10525 5 16.7425 30.3975 83.606 1 4e-08
10526 5 15.0891 28.0593 83.606 1 4e-08
10547 5 15.0891 28.0593 80.7422 1 3.17927e-08
10523 5 19.2226 30.3975 82.1741 1 3e-08
10528 5 17.5692 28.0593 82.1741 1 3e-08
12134 5 20.0493 28.0593 80.7422 1 3.15871e-08
12137 5 20.0493 28.0593 83.606 1 4e-08
21 5 25.0095 28.0593 83.606 1 4e-08
42 5 25.0095 28.0593 80.7422 1 3.15648e-08
12116 5 21.7027 30.3975 83.606 1 4e-08
12118 5 24.1828 30.3975 82.1741 1 3e-08
12133 5 21.7027 30.3975 80.7422 1 3.18298e-08
12135 5 22.5294 28.0593 82.1741 1 3e-08
17 5 26.6629 30.3975 80.7422 1 3.18845e-08
18 5 29.143 30.3975 82.1741 1 3e-08
20 5 26.6629 30.3975 83.606 1 4e-08
23 5 27.4896 28.0593 82.1741 1 3e-08
12045 5 29.9697 28.0593 83.606 1 4e-08
12048 5 29.9697 28.0593 80.7422 1 3.15494e-08
12047 5 32.4498 28.0593 82.1741 1 3.21917e-08
12049 5 31.6231 30.3975 80.7422 1 3.21692e-08
12062 5 34.1032 30.3975 82.1741 1 3.63219e-08
12064 5 31.6231 30.3975 83.606 1 4e-08
7948 5 1.03512 32.7358 82.1741 1 4.80978e-09
8016 5 3.51523 32.7358 80.7422 1 2.65438e-09
8019 5 3.51523 32.7358 83.606 1 1.22318e-08
8017 5 5.99534 32.7358 82.1741 1 2.43182e-09
8460 5 8.47544 32.7358 83.606 1 2.09318e-08
8473 5 8.47544 32.7358 80.7422 1 1.22152e-08
8462 5 10.9556 32.7358 82.1741 1 3.16318e-08
9296 5 13.4357 32.7358 80.7422 1 2.34727e-09
9297 5 15.9158 32.7358 82.1741 1 1.93182e-09
9299 5 13.4357 32.7358 83.606 1 1.19318e-08
10508 5 18.3959 32.7358 83.606 1 1.19318e-08
10510 5 20.876 32.7358 82.1741 1 1.93182e-09
10521 5 18.3959 32.7358 80.7422 1 2.17124e-09
12112 5 23.3561 32.7358 80.7422 1 2.1735e-09
12113 5 25.8362 32.7358 82.1741 1 1.93182e-09
12115 5 23.3561 32.7358 83.606 1 1.19318e-08
3 5 28.3163 32.7358 83.606 1 1.19318e-08
16 5 28.3163 32.7358 80.7422 1 2.23496e-09
5 5 30.7964 32.7358 82.1741 1 1.93182e-09
12065 5 33.2765 32.7358 83.606 1 1.57811e-08
12066 5 33.2765 32.7358 80.7422 1 6.95931e-09
12371 5 1.86182 2.33831 86.4697 5 8.20021
12372 5 0.208415 4.58913e-05 86.4697 5 8.20021
12373 5 2.68852 4.58913e-05 87.9016 5 32.804
12374 5 2.68852 4.58913e-05 85.0379 1 5.06962e-08
283 5 6.82204 2.33831 86.4697 5 8.20021
299 5 7.64874 4.58913e-05 87.9016 5 32.804
473 5 7.64874 4.58913e-05 85.0379 1 5.54242e-08
479 5 5.16863 4.58913e-05 86.4697 5 8.20021
12315 5 4.34193 2.33831 87.9016 5 32.8041
12369 5 4.34193 2.33831 85.0379 1 5.00999e-08
286 5 9.30215 2.33831 87.9016 5 32.804
291 5 9.30215 2.33831 85.0379 1 6.20999e-08
11818 5 12.609 4.58913e-05 85.0379 1 7.03242e-08
11819 5 12.609 4.58913e-05 87.9016 5 32.8039
11820 5 10.1288 4.58913e-05 86.4697 5 8.20021
11821 5 11.7823 2.33831 86.4697 5 8.20021
10396 5 15.0891 4.58913e-05 86.4697 5 8.20021
10447 5 16.7425 2.33831 86.4697 5 8.20021
11823 5 14.2624 2.33831 85.0379 1 5.00999e-08
11875 5 14.2624 2.33831 87.9016 5 32.804
9838 5 20.0493 4.58913e-05 86.4697 5 8.20021
10398 5 17.5692 4.58913e-05 85.0379 1 5.03242e-08
10442 5 17.5692 4.58913e-05 87.9016 5 32.804
10445 5 19.2226 2.33831 85.0379 1 5.00999e-08
10446 5 19.2226 2.33831 87.9016 5 32.804
8905 5 25.0095 4.58913e-05 86.4697 5 8.20021
9836 5 22.5294 4.58913e-05 85.0379 1 5.03242e-08
9837 5 22.5294 4.58913e-05 87.9016 5 32.804
9839 5 21.7027 2.33831 86.4697 5 8.20021
9855 5 24.1828 2.33831 85.0379 1 5.00999e-08
9883 5 24.1828 2.33831 87.9016 5 32.804
8292 5 29.9697 4.58913e-05 86.4697 5 8.20021
8907 5 27.4896 4.58913e-05 85.0379 1 5.03242e-08
8927 5 27.4896 4.58913e-05 87.9016 5 32.804
8930 5 29.143 2.33831 85.0379 1 5.00999e-08
8931 5 29.143 2.33831 87.9016 5 32.804
8932 5 26.6629 2.33831 86.4697 5 8.20021
8290 5 32.4498 4.58913e-05 85.0379 1 5.25159e-08
8291 5 32.4498 4.58913e-05 87.9016 5 32.804
8293 5 31.6231 2.33831 86.4697 5 8.20021
8295 5 34.1032 2.33831 85.0379 1 5.64218e-08
8299 5 34.1032 2.33831 87.9016 5 32.8038
10682 5 0.208415 7.01485 86.4697 5 8.20021
10683 5 2.68852 7.01485 87.9016 5 32.8041
10684 5 2.68852 7.01485 85.0379 1 5.0372e-08
10686 5 1.03512 4.67658 87.9016 5 32.804
10735 5 1.03512 4.67658 85.0379 1 5.2878e-08
12310 5 3.51523 4.67658 86.4697 5 8.20021
281 5 8.47544 4.67658 86.4697 5 8.20021
12261 5 7.64874 7.01485 87.9016 5 32.804
12307 5 7.64874 7.01485 85.0379 1 5.51e-08
12309 5 5.16863 7.01485 86.4697 5 8.20021
12311 5 5.99534 4.67658 87.9016 5 32.804
12312 5 5.99534 4.67658 85.0379 1 5.05e-08
177 5 10.1288 7.01485 86.4697 5 8.20021
178 5 12.609 7.01485 87.9016 5 32.8039
179 5 12.609 7.01485 85.0379 1 7e-08
182 5 10.9556 4.67658 87.9016 5 32.8035
274 5 10.9556 4.67658 85.0379 1 7.97e-08
11878 5 15.9158 4.67658 85.0379 1 5e-08
11879 5 15.9158 4.67658 87.9016 5 32.804
11880 5 13.4357 4.67658 86.4697 5 8.20021
11881 5 15.0891 7.01485 86.4697 5 8.20021
10448 5 18.3959 4.67658 86.4697 5 8.20021
10450 5 20.876 4.67658 85.0379 1 5e-08
10486 5 20.876 4.67658 87.9016 5 32.804
10491 5 20.0493 7.01485 86.4697 5 8.20021
11883 5 17.5692 7.01485 85.0379 1 5e-08
11927 5 17.5692 7.01485 87.9016 5 32.804
9889 5 25.8362 4.67658 85.0379 1 5e-08
9893 5 25.8362 4.67658 87.9016 5 32.804
9894 5 23.3561 4.67658 86.4697 5 8.20021
9895 5 25.0095 7.01485 86.4697 5 8.20021
10489 5 22.5294 7.01485 85.0379 1 5e-08
10490 5 22.5294 7.01485 87.9016 5 32.804
8933 5 28.3163 4.67658 86.4697 5 8.20021
8952 5 29.9697 7.01485 86.4697 5 8.20021
9897 5 27.4896 7.01485 85.0379 1 5e-08
9917 5 27.4896 7.01485 87.9016 5 32.804
8302 5 33.2765 4.67658 86.4697 5 8.20021
8935 5 30.7964 4.67658 85.0379 1 5e-08
8947 5 30.7964 4.67658 87.9016 5 32.804
8950 5 32.4498 7.01485 85.0379 1 5.21917e-08
8951 5 32.4498 7.01485 87.9016 5 32.804
9398 5 1.03512 11.6914 87.9016 5 32.8041
9435 5 1.03512 11.6914 85.0379 1 5.4078e-08
10632 5 3.51523 11.6914 86.4697 5 8.20021
10681 5 1.86182 9.35312 86.4697 5 8.20021
10633 5 5.99534 11.6914 87.9016 5 32.804
10634 5 5.99534 11.6914 85.0379 1 5.17e-08
10637 5 4.34193 9.35312 87.9016 5 32.8041
10679 5 4.34193 9.35312 85.0379 1 5.03e-08
12255 5 8.47544 11.6914 86.4697 5 8.20021
12256 5 6.82204 9.35312 86.4697 5 8.20021
176 5 11.7823 9.35312 86.4697 5 8.20021
12215 5 10.9556 11.6914 87.9016 5 32.8035
12253 5 10.9556 11.6914 85.0379 1 8.09e-08
12257 5 9.30215 9.35312 87.9016 5 32.804
12258 5 9.30215 9.35312 85.0379 1 6.23e-08
127 5 13.4357 11.6914 86.4697 5 8.20021
128 5 15.9158 11.6914 87.9016 5 32.804
129 5 15.9158 11.6914 85.0379 1 5.12e-08
132 5 14.2624 9.35312 87.9016 5 32.804
174 5 14.2624 9.35312 85.0379 1 5.03e-08
11932 5 16.7425 9.35312 86.4697 5 8.20021
11930 5 19.2226 9.35312 85.0379 1 5.03e-08
11931 5 19.2226 9.35312 87.9016 5 32.804
11933 5 18.3959 11.6914 86.4697 5 8.20021
11935 5 20.876 11.6914 85.0379 1 5.12e-08
11971 5 20.876 11.6914 87.9016 5 32.804
10492 5 21.7027 9.35312 86.4697 5 8.20021
10494 5 24.1828 9.35312 85.0379 1 5.03e-08
11137 5 24.1828 9.35312 87.9016 5 32.804
11140 5 25.8362 11.6914 85.0379 1 5.12e-08
11141 5 25.8362 11.6914 87.9016 5 32.804
11142 5 23.3561 11.6914 86.4697 5 8.20021
9920 5 29.143 9.35312 85.0379 1 5.03e-08
9921 5 29.143 9.35312 87.9016 5 32.804
9922 5 26.6629 9.35312 86.4697 5 8.20021
9923 5 28.3163 11.6914 86.4697 5 8.20021
8953 5 31.6231 9.35312 86.4697 5 8.20021
8955 5 34.1032 9.35312 85.0379 1 5.66219e-08
8959 5 34.1032 9.35312 87.9016 5 32.8039
8962 5 33.2765 11.6914 86.4697 5 8.20021
9925 5 30.7964 11.6914 85.0379 1 5.12e-08
9937 5 30.7964 11.6914 87.9016 5 32.804
9393 5 1.86182 16.3679 86.4697 5 8.20021
9394 5 0.208415 14.0297 86.4697 5 8.20021
9395 5 2.68852 14.0297 87.9016 5 32.8035
9396 5 2.68852 14.0297 85.0379 1 8.0372e-08
9361 5 4.34193 16.3679 87.9016 5 32.8035
9391 5 4.34193 16.3679 85.0379 1 8e-08
10590 5 6.82204 16.3679 86.4697 5 8.20021
10595 5 7.64874 14.0297 87.9016 5 32.8035
10629 5 7.64874 14.0297 85.0379 1 8.51e-08
10631 5 5.16863 14.0297 86.4697 5 8.20021
10591 5 9.30215 16.3679 87.9016 5 32.8036
10592 5 9.30215 16.3679 85.0379 1 9.2e-08
12209 5 11.7823 16.3679 86.4697 5 8.20021
12210 5 10.1288 14.0297 86.4697 5 8.20021
12211 5 12.609 14.0297 87.9016 5 32.8037
12212 5 12.609 14.0297 85.0379 1 1e-07
85 5 16.7425 16.3679 86.4697 5 8.20021
126 5 15.0891 14.0297 86.4697 5 8.20021
12177 5 14.2624 16.3679 87.9016 5 32.8035
12207 5 14.2624 16.3679 85.0379 1 8e-08
86 5 19.2226 16.3679 87.9016 5 32.8035
87 5 19.2226 16.3679 85.0379 1 8e-08
90 5 17.5692 14.0297 87.9016 5 32.8035
124 5 17.5692 14.0297 85.0379 1 8e-08
11976 5 20.0493 14.0297 86.4697 5 8.20021
11143 5 25.0095 14.0297 86.4697 5 8.20021
11974 5 22.5294 14.0297 85.0379 1 8e-08
11975 5 22.5294 14.0297 87.9016 5 32.8035
11977 5 21.7027 16.3679 86.4697 5 8.20021
11979 5 24.1828 16.3679 85.0379 1 8e-08
12007 5 24.1828 16.3679 87.9016 5 32.8035
9942 5 29.9697 14.0297 86.4697 5 8.20021
11145 5 27.4896 14.0297 85.0379 1 8e-08
11195 5 27.4896 14.0297 87.9016 5 32.8035
11198 5 29.143 16.3679 85.0379 1 8e-08
11199 5 29.143 16.3679 87.9016 5 32.8035
11200 5 26.6629 16.3679 86.4697 5 8.20021
9940 5 32.4498 14.0297 85.0379 1 8.21917e-08
9941 5 32.4498 14.0297 87.9016 5 32.8034
9943 5 31.6231 16.3679 86.4697 5 8.20021
9945 5 34.1032 16.3679 85.0379 1 8.63219e-08
9949 5 34.1032 16.3679 87.9016 5 32.8036
8508 5 0.208415 21.0445 86.4697 5 8.20021
8509 5 2.68852 21.0445 87.9016 5 32.8035
8510 5 2.68852 21.0445 85.0379 1 8.0372e-08
8512 5 1.03512 18.7062 87.9016 5 32.8041
8537 5 1.03512 18.7062 85.0379 1 5.2878e-08
9356 5 3.51523 18.7062 86.4697 5 8.20021
9331 5 7.64874 21.0445 87.9016 5 32.8035
9353 5 7.64874 21.0445 85.0379 1 8.51e-08
9355 5 5.16863 21.0445 86.4697 5 8.20021
9357 5 5.99534 18.7062 87.9016 5 32.804
9358 5 5.99534 18.7062 85.0379 1 5.05e-08
10589 5 8.47544 18.7062 86.4697 5 8.20021
10556 5 10.1288 21.0445 86.4697 5 8.20021
10557 5 12.609 21.0445 87.9016 5 32.8037
10558 5 12.609 21.0445 85.0379 1 1e-07
10561 5 10.9556 18.7062 87.9016 5 32.8035
10587 5 10.9556 18.7062 85.0379 1 7.97e-08
12171 5 15.0891 21.0445 86.4697 5 8.20021
12172 5 13.4357 18.7062 86.4697 5 8.20021
12173 5 15.9158 18.7062 87.9016 5 32.804
12174 5 15.9158 18.7062 85.0379 1 5e-08
51 5 20.0493 21.0445 86.4697 5 8.20021
56 5 20.876 18.7062 87.9016 5 32.804
82 5 20.876 18.7062 85.0379 1 5e-08
84 5 18.3959 18.7062 86.4697 5 8.20021
12147 5 17.5692 21.0445 87.9016 5 32.8035
12169 5 17.5692 21.0445 85.0379 1 8e-08
52 5 22.5294 21.0445 87.9016 5 32.8035
53 5 22.5294 21.0445 85.0379 1 8e-08
12010 5 25.8362 18.7062 85.0379 1 5e-08
12011 5 25.8362 18.7062 87.9016 5 32.804
12012 5 23.3561 18.7062 86.4697 5 8.20021
12013 5 25.0095 21.0445 86.4697 5 8.20021
11201 5 28.3163 18.7062 86.4697 5 8.20021
11242 5 29.9697 21.0445 86.4697 5 8.20021
12015 5 27.4896 21.0445 85.0379 1 8e-08
12035 5 27.4896 21.0445 87.9016 5 32.8035
9952 5 33.2765 18.7062 86.4697 5 8.20021
11203 5 30.7964 18.7062 85.0379 1 5e-08
11237 5 30.7964 18.7062 87.9016 5 32.804
11240 5 32.4498 21.0445 85.0379 1 8.21917e-08
11241 5 32.4498 21.0445 87.9016 5 32.8034
8028 5 1.03512 25.721 87.9016 5 32.8041
8041 5 1.03512 25.721 85.0379 1 5.2878e-08
8482 5 3.51523 25.721 86.4697 5 8.20021
8507 5 1.86182 23.3827 86.4697 5 8.20021
8483 5 5.99534 25.721 87.9016 5 32.804
8484 5 5.99534 25.721 85.0379 1 5.05e-08
8487 5 4.34193 23.3827 87.9016 5 32.8035
8505 5 4.34193 23.3827 85.0379 1 8e-08
9325 5 8.47544 25.721 86.4697 5 8.20021
9326 5 6.82204 23.3827 86.4697 5 8.20021
9309 5 10.9556 25.721 87.9016 5 32.8035
9323 5 10.9556 25.721 85.0379 1 7.97e-08
9327 5 9.30215 23.3827 87.9016 5 32.8036
9328 5 9.30215 23.3827 85.0379 1 9.2e-08
10555 5 11.7823 23.3827 86.4697 5 8.20021
10530 5 13.4357 25.721 86.4697 5 8.20021
10531 5 15.9158 25.721 87.9016 5 32.804
10532 5 15.9158 25.721 85.0379 1 5e-08
10535 5 14.2624 23.3827 87.9016 5 32.8035
10553 5 14.2624 23.3827 85.0379 1 8e-08
12142 5 16.7425 23.3827 86.4697 5 8.20021
12125 5 20.876 25.721 87.9016 5 32.804
12139 5 20.876 25.721 85.0379 1 5e-08
12141 5 18.3959 25.721 86.4697 5 8.20021
12143 5 19.2226 23.3827 87.9016 5 32.8035
12144 5 19.2226 23.3827 85.0379 1 8e-08
25 5 23.3561 25.721 86.4697 5 8.20021
26 5 25.8362 25.721 87.9016 5 32.804
27 5 25.8362 25.721 85.0379 1 5e-08
30 5 24.1828 23.3827 87.9016 5 32.8035
48 5 24.1828 23.3827 85.0379 1 8e-08
50 5 21.7027 23.3827 86.4697 5 8.20021
12038 5 29.143 23.3827 85.0379 1 8e-08
12039 5 29.143 23.3827 87.9016 5 32.8035
12040 5 26.6629 23.3827 86.4697 5 8.20021
12041 5 28.3163 25.721 86.4697 5 8.20021
11243 5 31.6231 23.3827 86.4697 5 8.20021
11245 5 34.1032 23.3827 85.0379 1 8.63219e-08
11249 5 34.1032 23.3827 87.9016 5 32.8036
11252 5 33.2765 25.721 86.4697 5 8.20021
12043 5 30.7964 25.721 85.0379 1 5e-08
12055 5 30.7964 25.721 87.9016 5 32.804
8023 5 1.86182 30.3975 86.4697 5 8.20021
8024 5 0.208415 28.0593 86.4697 5 8.20021
8025 5 2.68852 28.0593 87.9016 5 32.8035
8026 5 2.68852 28.0593 85.0379 1 8.0372e-08
8015 5 4.34193 30.3975 87.9016 5 32.8035
8021 5 4.34193 30.3975 85.0379 1 8e-08
8464 5 6.82204 30.3975 86.4697 5 8.20021
8469 5 7.64874 28.0593 87.9016 5 32.8035
8479 5 7.64874 28.0593 85.0379 1 8.51e-08
8481 5 5.16863 28.0593 86.4697 5 8.20021
8465 5 9.30215 30.3975 87.9016 5 32.8036
8466 5 9.30215 30.3975 85.0379 1 9.2e-08
9303 5 11.7823 30.3975 86.4697 5 8.20021
9304 5 10.1288 28.0593 86.4697 5 8.20021
9305 5 12.609 28.0593 87.9016 5 32.8037
9306 5 12.609 28.0593 85.0379 1 1e-07
9295 5 14.2624 30.3975 87.9016 5 32.8035
9301 5 14.2624 30.3975 85.0379 1 8e-08
10512 5 16.7425 30.3975 86.4697 5 8.20021
10529 5 15.0891 28.0593 86.4697 5 8.20021
10513 5 19.2226 30.3975 87.9016 5 32.8035
10514 5 19.2226 30.3975 85.0379 1 8e-08
10517 5 17.5692 28.0593 87.9016 5 32.8035
10527 5 17.5692 28.0593 85.0379 1 8e-08
12120 5 20.0493 28.0593 86.4697 5 8.20021
24 5 25.0095 28.0593 86.4697 5 8.20021
12111 5 24.1828 30.3975 87.9016 5 32.8035
12117 5 24.1828 30.3975 85.0379 1 8e-08
12119 5 21.7027 30.3975 86.4697 5 8.20021
12121 5 22.5294 28.0593 87.9016 5 32.8035
12122 5 22.5294 28.0593 85.0379 1 8e-08
7 5 26.6629 30.3975 86.4697 5 8.20021
8 5 29.143 30.3975 87.9016 5 32.8035
9 5 29.143 30.3975 85.0379 1 8e-08
12 5 27.4896 28.0593 87.9016 5 32.8035
22 5 27.4896 28.0593 85.0379 1 8e-08
12060 5 29.9697 28.0593 86.4697 5 8.20021
12058 5 32.4498 28.0593 85.0379 1 8.21917e-08
12059 5 32.4498 28.0593 87.9016 5 32.8034
12061 5 31.6231 30.3975 86.4697 5 8.20021
12063 5 34.1032 30.3975 85.0379 1 8.63219e-08
12067 5 34.1032 30.3975 87.9016 5 32.8036
7946 5 1.03512 32.7358 87.9016 5 32.8041
7947 5 1.03512 32.7358 85.0379 1 5.48098e-08
8010 5 3.51523 32.7358 86.4697 5 8.20021
8011 5 5.99534 32.7358 87.9016 5 32.804
8012 5 5.99534 32.7358 85.0379 1 5.24318e-08
8463 5 8.47544 32.7358 86.4697 5 8.20021
8459 5 10.9556 32.7358 87.9016 5 32.8035
8461 5 10.9556 32.7358 85.0379 1 8.16318e-08
9290 5 13.4357 32.7358 86.4697 5 8.20021
9291 5 15.9158 32.7358 87.9016 5 32.804
9292 5 15.9158 32.7358 85.0379 1 5.19318e-08
10507 5 20.876 32.7358 87.9016 5 32.804
10509 5 20.876 32.7358 85.0379 1 5.19318e-08
10511 5 18.3959 32.7358 86.4697 5 8.20021
12106 5 23.3561 32.7358 86.4697 5 8.20021
12107 5 25.8362 32.7358 87.9016 5 32.804
12108 5 25.8362 32.7358 85.0379 1 5.19318e-08
6 5 28.3163 32.7358 86.4697 5 8.20021
2 5 30.7964 32.7358 87.9016 5 32.804
4 5 30.7964 32.7358 85.0379 1 5.19318e-08
12070 5 33.2765 32.7358 86.4697 5 8.20021
